methodA,methodB,isGolden,modelProbability,answerValue,answerer
vtm22.2_intra@bpp=0.075.png,reference.png,true,1,A,1625
reference.png,vtm22.2_intra@bpp=0.3.png,true,1,B,1625
vtm22.2_intra@bpp=0.3.png,vtm22.2_intra@bpp=0.075.png,true,1,A,1627
vtm22.2_intra@bpp=0.075.png,reference.png,true,1,B,1627
codecrookie@bpp=0.15.png,CoolChic@bpp=0.15.png,,0,A,1627
NJUeers@bpp=0.3.png,NJUeers@bpp=0.075.png,,0,A,1627
ED@bpp=0.3.png,HIT_AIIA@bpp=0.075.png,,0,A,1627
TLIC@bpp=0.3.png,codecrookie@bpp=0.3.png,,0,A,1627
codecrookie@bpp=0.15.png,ED@bpp=0.075.png,,0,B,1627
TLIC@bpp=0.3.png,codecrookie@bpp=0.3.png,,0,A,1627
hm17.0_intra@bpp=0.3.png,ED@bpp=0.3.png,,0,B,1627
CoolChic@bpp=0.3.png,codecrookie@bpp=0.075.png,,0,A,1627
Arabica@bpp=0.075.png,ED@bpp=0.075.png,,0,A,1627
hm17.0_intra@bpp=0.075.png,codecrookie@bpp=0.15.png,,0,B,1627
ED@bpp=0.15.png,hm17.0_intra@bpp=0.15.png,,0,A,1627
TLIC@bpp=0.075.png,NJUeers@bpp=0.075.png,,0,A,1627
NJUeers@bpp=0.15.png,NJUeers@bpp=0.075.png,,0,A,1627
ED@bpp=0.15.png,TLIC@bpp=0.15.png,,0,B,1627
hm17.0_intra@bpp=0.15.png,CoolChic@bpp=0.3.png,,0,A,1627
TLIC@bpp=0.15.png,vtm22.2_intra@bpp=0.075.png,,0,A,1627
TLIC@bpp=0.075.png,HIT_AIIA@bpp=0.3.png,,0,B,1627
Arabica@bpp=0.15.png,CoolChic@bpp=0.15.png,,0,B,1627
vtm22.2_intra@bpp=0.15.png,Arabica@bpp=0.15.png,,0,A,1627
CoolChic@bpp=0.075.png,HIT_AIIA@bpp=0.3.png,,0,B,1627
NJUeers@bpp=0.15.png,hm17.0_intra@bpp=0.15.png,,0,A,1627
Arabica@bpp=0.15.png,codecrookie@bpp=0.075.png,,0,A,1627
TLIC@bpp=0.15.png,CoolChic@bpp=0.3.png,,0,A,1627
codecrookie@bpp=0.15.png,TLIC@bpp=0.15.png,,0,B,1627
CoolChic@bpp=0.3.png,CoolChic@bpp=0.075.png,,0,A,1627
codecrookie@bpp=0.15.png,NJUeers@bpp=0.3.png,,0,B,1627
CoolChic@bpp=0.075.png,vtm22.2_intra@bpp=0.15.png,,0,B,1627
Arabica@bpp=0.075.png,vtm22.2_intra@bpp=0.15.png,,0,B,1627
reference.png,HIT_AIIA@bpp=0.3.png,,0,B,1627
TLIC@bpp=0.075.png,CoolChic@bpp=0.3.png,,0,B,1627
vtm22.2_intra@bpp=0.3.png,TLIC@bpp=0.075.png,,0,A,1627
vtm22.2_intra@bpp=0.15.png,TLIC@bpp=0.075.png,,0,B,1627
CoolChic@bpp=0.15.png,ED@bpp=0.075.png,,0,A,1625
HIT_AIIA@bpp=0.075.png,TLIC@bpp=0.075.png,,0,B,1625
vtm22.2_intra@bpp=0.15.png,vtm22.2_intra@bpp=0.075.png,,0,B,1625
TLIC@bpp=0.15.png,hm17.0_intra@bpp=0.3.png,,0,A,1625
Arabica@bpp=0.15.png,TLIC@bpp=0.075.png,,0,B,1625
Arabica@bpp=0.3.png,CoolChic@bpp=0.075.png,,0,B,1625
HIT_AIIA@bpp=0.3.png,TLIC@bpp=0.075.png,,0,B,1625
vtm22.2_intra@bpp=0.15.png,HIT_AIIA@bpp=0.3.png,,0,B,1625
CoolChic@bpp=0.3.png,codecrookie@bpp=0.3.png,,0,A,1625
HIT_AIIA@bpp=0.3.png,vtm22.2_intra@bpp=0.15.png,,0,B,1625
codecrookie@bpp=0.075.png,HIT_AIIA@bpp=0.15.png,,0,B,1625
HIT_AIIA@bpp=0.15.png,reference.png,,0,A,1625
hm17.0_intra@bpp=0.075.png,vtm22.2_intra@bpp=0.075.png,,0,B,1625
TLIC@bpp=0.075.png,ED@bpp=0.15.png,,0,B,1625
vtm22.2_intra@bpp=0.15.png,Arabica@bpp=0.3.png,,0,B,1625
NJUeers@bpp=0.15.png,codecrookie@bpp=0.15.png,,0,B,1625
NJUeers@bpp=0.3.png,HIT_AIIA@bpp=0.075.png,,0,B,1625
reference.png,hm17.0_intra@bpp=0.15.png,,0,A,1625
NJUeers@bpp=0.075.png,CoolChic@bpp=0.075.png,,0,B,1625
hm17.0_intra@bpp=0.075.png,NJUeers@bpp=0.3.png,,0,B,1625
Arabica@bpp=0.15.png,CoolChic@bpp=0.075.png,,0,A,1625
HIT_AIIA@bpp=0.15.png,TLIC@bpp=0.15.png,,0,A,1625
HIT_AIIA@bpp=0.15.png,NJUeers@bpp=0.3.png,,0,A,1625
vtm22.2_intra@bpp=0.15.png,hm17.0_intra@bpp=0.15.png,,0,B,1625
NJUeers@bpp=0.075.png,hm17.0_intra@bpp=0.3.png,,0,B,1625
reference.png,HIT_AIIA@bpp=0.075.png,,0,B,1625
HIT_AIIA@bpp=0.15.png,NJUeers@bpp=0.075.png,,0,A,1625
NJUeers@bpp=0.15.png,vtm22.2_intra@bpp=0.3.png,,0,B,1625
hm17.0_intra@bpp=0.3.png,ED@bpp=0.15.png,,0,A,1625
CoolChic@bpp=0.075.png,vtm22.2_intra@bpp=0.15.png,,0,A,1625
TLIC@bpp=0.15.png,HIT_AIIA@bpp=0.15.png,,0,B,1625
hm17.0_intra@bpp=0.15.png,HIT_AIIA@bpp=0.075.png,,0,B,1625
vtm22.2_intra@bpp=0.3.png,vtm22.2_intra@bpp=0.075.png,true,1,A,1628
vtm22.2_intra@bpp=0.3.png,reference.png,true,1,B,1628
vtm22.2_intra@bpp=0.3.png,TLIC@bpp=0.3.png,,0,A,1628
TLIC@bpp=0.075.png,codecrookie@bpp=0.3.png,,0,B,1628
hm17.0_intra@bpp=0.15.png,CoolChic@bpp=0.15.png,,0,B,1628
Arabica@bpp=0.3.png,vtm22.2_intra@bpp=0.3.png,,0,B,1628
NJUeers@bpp=0.075.png,ED@bpp=0.075.png,,0,B,1628
reference.png,CoolChic@bpp=0.075.png,,0,A,1628
Arabica@bpp=0.075.png,CoolChic@bpp=0.075.png,,0,A,1628
TLIC@bpp=0.15.png,vtm22.2_intra@bpp=0.075.png,,0,A,1628
TLIC@bpp=0.3.png,Arabica@bpp=0.075.png,,0,B,1628
TLIC@bpp=0.15.png,ED@bpp=0.15.png,,0,A,1628
TLIC@bpp=0.3.png,hm17.0_intra@bpp=0.3.png,,0,A,1628
HIT_AIIA@bpp=0.3.png,hm17.0_intra@bpp=0.3.png,,0,A,1628
codecrookie@bpp=0.15.png,CoolChic@bpp=0.15.png,,0,B,1628
NJUeers@bpp=0.15.png,hm17.0_intra@bpp=0.3.png,,0,B,1628
codecrookie@bpp=0.3.png,vtm22.2_intra@bpp=0.3.png,,0,A,1628
vtm22.2_intra@bpp=0.075.png,HIT_AIIA@bpp=0.15.png,,0,B,1628
ED@bpp=0.075.png,TLIC@bpp=0.075.png,,0,B,1628
Arabica@bpp=0.075.png,NJUeers@bpp=0.15.png,,0,A,1628
NJUeers@bpp=0.15.png,ED@bpp=0.15.png,,0,B,1628
codecrookie@bpp=0.15.png,vtm22.2_intra@bpp=0.075.png,,0,B,1628
TLIC@bpp=0.3.png,HIT_AIIA@bpp=0.3.png,,0,B,1628
CoolChic@bpp=0.15.png,ED@bpp=0.15.png,,0,A,1628
hm17.0_intra@bpp=0.075.png,vtm22.2_intra@bpp=0.15.png,,0,B,1628
vtm22.2_intra@bpp=0.075.png,HIT_AIIA@bpp=0.15.png,,0,B,1628
codecrookie@bpp=0.075.png,Arabica@bpp=0.075.png,,0,B,1628
hm17.0_intra@bpp=0.15.png,codecrookie@bpp=0.075.png,,0,B,1628
ED@bpp=0.15.png,TLIC@bpp=0.075.png,,0,B,1628
TLIC@bpp=0.075.png,CoolChic@bpp=0.15.png,,0,A,1628
ED@bpp=0.075.png,codecrookie@bpp=0.15.png,,0,A,1628
hm17.0_intra@bpp=0.15.png,TLIC@bpp=0.075.png,,0,B,1628
NJUeers@bpp=0.15.png,reference.png,,0,B,1628
TLIC@bpp=0.15.png,TLIC@bpp=0.075.png,,0,A,1628
reference.png,vtm22.2_intra@bpp=0.075.png,true,1,A,1633
vtm22.2_intra@bpp=0.075.png,reference.png,true,1,B,1633
reference.png,vtm22.2_intra@bpp=0.3.png,true,1,A,1635
vtm22.2_intra@bpp=0.075.png,reference.png,true,1,B,1635
reference.png,vtm22.2_intra@bpp=0.3.png,true,1,A,1634
reference.png,vtm22.2_intra@bpp=0.3.png,true,1,A,1634
TLIC@bpp=0.3.png,codecrookie@bpp=0.075.png,,0,A,1633
CoolChic@bpp=0.3.png,HIT_AIIA@bpp=0.15.png,,0,A,1633
CoolChic@bpp=0.075.png,Arabica@bpp=0.075.png,,0,B,1633
codecrookie@bpp=0.075.png,hm17.0_intra@bpp=0.15.png,,0,B,1633
vtm22.2_intra@bpp=0.3.png,hm17.0_intra@bpp=0.075.png,,0,A,1633
hm17.0_intra@bpp=0.3.png,Arabica@bpp=0.3.png,,0,B,1633
Arabica@bpp=0.15.png,codecrookie@bpp=0.3.png,,0,B,1633
hm17.0_intra@bpp=0.3.png,vtm22.2_intra@bpp=0.075.png,,0,A,1633
ED@bpp=0.15.png,NJUeers@bpp=0.075.png,,0,A,1633
vtm22.2_intra@bpp=0.15.png,reference.png,,0,A,1633
hm17.0_intra@bpp=0.15.png,codecrookie@bpp=0.15.png,,0,B,1633
HIT_AIIA@bpp=0.075.png,HIT_AIIA@bpp=0.15.png,,0,B,1633
NJUeers@bpp=0.15.png,NJUeers@bpp=0.075.png,,0,A,1633
CoolChic@bpp=0.3.png,hm17.0_intra@bpp=0.15.png,,0,A,1633
NJUeers@bpp=0.15.png,vtm22.2_intra@bpp=0.075.png,,0,A,1633
HIT_AIIA@bpp=0.075.png,Arabica@bpp=0.3.png,,0,B,1633
ED@bpp=0.075.png,TLIC@bpp=0.075.png,,0,B,1633
vtm22.2_intra@bpp=0.3.png,Arabica@bpp=0.3.png,,0,B,1633
codecrookie@bpp=0.075.png,HIT_AIIA@bpp=0.075.png,,0,B,1633
TLIC@bpp=0.3.png,ED@bpp=0.3.png,,0,B,1633
vtm22.2_intra@bpp=0.075.png,TLIC@bpp=0.3.png,,0,B,1633
Arabica@bpp=0.15.png,HIT_AIIA@bpp=0.075.png,,0,A,1633
codecrookie@bpp=0.075.png,NJUeers@bpp=0.075.png,,0,A,1633
HIT_AIIA@bpp=0.15.png,vtm22.2_intra@bpp=0.075.png,,0,A,1633
vtm22.2_intra@bpp=0.15.png,HIT_AIIA@bpp=0.15.png,,0,B,1633
Arabica@bpp=0.075.png,NJUeers@bpp=0.075.png,,0,A,1633
HIT_AIIA@bpp=0.3.png,Arabica@bpp=0.15.png,,0,A,1633
HIT_AIIA@bpp=0.3.png,codecrookie@bpp=0.15.png,,0,A,1633
codecrookie@bpp=0.15.png,hm17.0_intra@bpp=0.15.png,,0,B,1633
NJUeers@bpp=0.15.png,ED@bpp=0.15.png,,0,B,1633
hm17.0_intra@bpp=0.3.png,ED@bpp=0.075.png,,0,B,1633
NJUeers@bpp=0.15.png,HIT_AIIA@bpp=0.3.png,,0,B,1633
Arabica@bpp=0.3.png,codecrookie@bpp=0.3.png,,0,A,1635
vtm22.2_intra@bpp=0.3.png,HIT_AIIA@bpp=0.15.png,,0,B,1635
TLIC@bpp=0.3.png,CoolChic@bpp=0.3.png,,0,B,1635
vtm22.2_intra@bpp=0.075.png,codecrookie@bpp=0.075.png,,0,B,1635
TLIC@bpp=0.15.png,codecrookie@bpp=0.3.png,,0,A,1635
TLIC@bpp=0.3.png,hm17.0_intra@bpp=0.075.png,,0,A,1635
ED@bpp=0.15.png,Arabica@bpp=0.15.png,,0,B,1635
ED@bpp=0.3.png,hm17.0_intra@bpp=0.15.png,,0,A,1635
NJUeers@bpp=0.3.png,hm17.0_intra@bpp=0.15.png,,0,A,1635
hm17.0_intra@bpp=0.15.png,ED@bpp=0.075.png,,0,A,1635
CoolChic@bpp=0.15.png,codecrookie@bpp=0.075.png,,0,B,1635
ED@bpp=0.075.png,TLIC@bpp=0.15.png,,0,B,1635
HIT_AIIA@bpp=0.075.png,vtm22.2_intra@bpp=0.3.png,,0,A,1635
hm17.0_intra@bpp=0.15.png,NJUeers@bpp=0.3.png,,0,B,1635
CoolChic@bpp=0.3.png,HIT_AIIA@bpp=0.15.png,,0,B,1635
HIT_AIIA@bpp=0.075.png,TLIC@bpp=0.3.png,,0,B,1635
NJUeers@bpp=0.3.png,ED@bpp=0.075.png,,0,A,1635
vtm22.2_intra@bpp=0.3.png,TLIC@bpp=0.3.png,,0,A,1635
Arabica@bpp=0.075.png,CoolChic@bpp=0.3.png,,0,B,1635
ED@bpp=0.3.png,TLIC@bpp=0.15.png,,0,B,1635
codecrookie@bpp=0.15.png,codecrookie@bpp=0.075.png,,0,A,1635
vtm22.2_intra@bpp=0.3.png,NJUeers@bpp=0.15.png,,0,A,1635
ED@bpp=0.15.png,CoolChic@bpp=0.15.png,,0,A,1635
HIT_AIIA@bpp=0.15.png,Arabica@bpp=0.075.png,,0,A,1635
HIT_AIIA@bpp=0.3.png,HIT_AIIA@bpp=0.075.png,,0,A,1635
ED@bpp=0.075.png,Arabica@bpp=0.3.png,,0,B,1635
NJUeers@bpp=0.075.png,codecrookie@bpp=0.15.png,,0,B,1635
Arabica@bpp=0.3.png,CoolChic@bpp=0.075.png,,0,A,1635
ED@bpp=0.3.png,CoolChic@bpp=0.15.png,,0,A,1635
NJUeers@bpp=0.075.png,HIT_AIIA@bpp=0.15.png,,0,B,1635
TLIC@bpp=0.075.png,hm17.0_intra@bpp=0.075.png,,0,A,1635
NJUeers@bpp=0.075.png,TLIC@bpp=0.3.png,,0,B,1635
vtm22.2_intra@bpp=0.3.png,vtm22.2_intra@bpp=0.075.png,true,1,A,1636
vtm22.2_intra@bpp=0.075.png,reference.png,true,1,B,1636
vtm22.2_intra@bpp=0.3.png,hm17.0_intra@bpp=0.075.png,,0,A,1634
ED@bpp=0.075.png,HIT_AIIA@bpp=0.3.png,,0,B,1634
CoolChic@bpp=0.3.png,ED@bpp=0.075.png,,0,A,1634
Arabica@bpp=0.3.png,TLIC@bpp=0.3.png,,0,A,1634
HIT_AIIA@bpp=0.3.png,ED@bpp=0.3.png,,0,A,1634
CoolChic@bpp=0.3.png,HIT_AIIA@bpp=0.15.png,,0,A,1634
ED@bpp=0.075.png,TLIC@bpp=0.075.png,,0,A,1634
CoolChic@bpp=0.075.png,NJUeers@bpp=0.15.png,,0,A,1634
codecrookie@bpp=0.15.png,codecrookie@bpp=0.3.png,,0,A,1634
vtm22.2_intra@bpp=0.3.png,ED@bpp=0.15.png,,0,A,1634
ED@bpp=0.15.png,TLIC@bpp=0.15.png,,0,B,1634
NJUeers@bpp=0.3.png,vtm22.2_intra@bpp=0.075.png,,0,A,1634
Arabica@bpp=0.3.png,codecrookie@bpp=0.15.png,,0,B,1634
hm17.0_intra@bpp=0.3.png,hm17.0_intra@bpp=0.15.png,,0,B,1634
reference.png,ED@bpp=0.15.png,,0,A,1634
CoolChic@bpp=0.075.png,HIT_AIIA@bpp=0.3.png,,0,B,1634
CoolChic@bpp=0.3.png,CoolChic@bpp=0.15.png,,0,A,1634
TLIC@bpp=0.3.png,CoolChic@bpp=0.3.png,,0,B,1634
HIT_AIIA@bpp=0.075.png,hm17.0_intra@bpp=0.3.png,,0,B,1634
codecrookie@bpp=0.075.png,hm17.0_intra@bpp=0.3.png,,0,B,1634
HIT_AIIA@bpp=0.3.png,vtm22.2_intra@bpp=0.3.png,,0,A,1634
vtm22.2_intra@bpp=0.15.png,ED@bpp=0.075.png,,0,B,1634
HIT_AIIA@bpp=0.075.png,Arabica@bpp=0.15.png,,0,A,1634
ED@bpp=0.3.png,vtm22.2_intra@bpp=0.15.png,,0,B,1634
Arabica@bpp=0.15.png,ED@bpp=0.3.png,,0,A,1634
codecrookie@bpp=0.075.png,vtm22.2_intra@bpp=0.075.png,,0,B,1634
HIT_AIIA@bpp=0.15.png,NJUeers@bpp=0.3.png,,0,A,1634
reference.png,HIT_AIIA@bpp=0.3.png,,0,B,1634
codecrookie@bpp=0.3.png,Arabica@bpp=0.15.png,,0,A,1634
codecrookie@bpp=0.3.png,NJUeers@bpp=0.075.png,,0,B,1634
HIT_AIIA@bpp=0.075.png,Arabica@bpp=0.3.png,,0,A,1634
HIT_AIIA@bpp=0.15.png,CoolChic@bpp=0.15.png,,0,B,1634
vtm22.2_intra@bpp=0.075.png,reference.png,true,1,B,1638
reference.png,vtm22.2_intra@bpp=0.3.png,true,1,A,1638
HIT_AIIA@bpp=0.15.png,vtm22.2_intra@bpp=0.15.png,,0,B,1636
hm17.0_intra@bpp=0.075.png,codecrookie@bpp=0.075.png,,0,A,1636
vtm22.2_intra@bpp=0.075.png,HIT_AIIA@bpp=0.3.png,,0,B,1636
reference.png,NJUeers@bpp=0.075.png,,0,A,1636
Arabica@bpp=0.075.png,HIT_AIIA@bpp=0.15.png,,0,B,1636
NJUeers@bpp=0.3.png,CoolChic@bpp=0.075.png,,0,A,1636
HIT_AIIA@bpp=0.15.png,Arabica@bpp=0.3.png,,0,B,1636
HIT_AIIA@bpp=0.075.png,ED@bpp=0.15.png,,0,B,1636
Arabica@bpp=0.15.png,Arabica@bpp=0.075.png,,0,A,1636
hm17.0_intra@bpp=0.15.png,vtm22.2_intra@bpp=0.075.png,,0,B,1636
Arabica@bpp=0.15.png,NJUeers@bpp=0.15.png,,0,A,1636
HIT_AIIA@bpp=0.075.png,codecrookie@bpp=0.075.png,,0,A,1636
NJUeers@bpp=0.3.png,TLIC@bpp=0.075.png,,0,A,1636
CoolChic@bpp=0.15.png,ED@bpp=0.075.png,,0,A,1636
hm17.0_intra@bpp=0.075.png,HIT_AIIA@bpp=0.3.png,,0,B,1636
vtm22.2_intra@bpp=0.15.png,hm17.0_intra@bpp=0.075.png,,0,A,1636
CoolChic@bpp=0.075.png,vtm22.2_intra@bpp=0.3.png,,0,B,1636
HIT_AIIA@bpp=0.3.png,ED@bpp=0.075.png,,0,A,1636
Arabica@bpp=0.075.png,HIT_AIIA@bpp=0.15.png,,0,B,1636
TLIC@bpp=0.3.png,codecrookie@bpp=0.075.png,,0,A,1636
CoolChic@bpp=0.15.png,CoolChic@bpp=0.075.png,,0,A,1636
HIT_AIIA@bpp=0.3.png,Arabica@bpp=0.15.png,,0,A,1636
hm17.0_intra@bpp=0.15.png,hm17.0_intra@bpp=0.075.png,,0,A,1636
vtm22.2_intra@bpp=0.15.png,codecrookie@bpp=0.075.png,,0,A,1636
CoolChic@bpp=0.3.png,codecrookie@bpp=0.3.png,,0,A,1636
vtm22.2_intra@bpp=0.15.png,hm17.0_intra@bpp=0.075.png,,0,A,1636
Arabica@bpp=0.075.png,HIT_AIIA@bpp=0.075.png,,0,A,1636
HIT_AIIA@bpp=0.075.png,ED@bpp=0.3.png,,0,B,1636
Arabica@bpp=0.15.png,NJUeers@bpp=0.3.png,,0,A,1636
NJUeers@bpp=0.15.png,ED@bpp=0.15.png,,0,B,1636
Arabica@bpp=0.3.png,reference.png,,0,B,1636
HIT_AIIA@bpp=0.3.png,NJUeers@bpp=0.075.png,,0,A,1636
hm17.0_intra@bpp=0.075.png,HIT_AIIA@bpp=0.075.png,,0,A,1638
vtm22.2_intra@bpp=0.3.png,hm17.0_intra@bpp=0.3.png,,0,A,1638
Arabica@bpp=0.15.png,hm17.0_intra@bpp=0.3.png,,0,A,1638
hm17.0_intra@bpp=0.075.png,ED@bpp=0.075.png,,0,B,1638
Arabica@bpp=0.15.png,NJUeers@bpp=0.075.png,,0,A,1638
ED@bpp=0.075.png,vtm22.2_intra@bpp=0.075.png,,0,A,1638
NJUeers@bpp=0.15.png,NJUeers@bpp=0.3.png,,0,B,1638
TLIC@bpp=0.15.png,CoolChic@bpp=0.3.png,,0,B,1638
vtm22.2_intra@bpp=0.15.png,vtm22.2_intra@bpp=0.075.png,,0,A,1638
vtm22.2_intra@bpp=0.15.png,CoolChic@bpp=0.3.png,,0,A,1638
ED@bpp=0.3.png,reference.png,,0,B,1638
NJUeers@bpp=0.3.png,vtm22.2_intra@bpp=0.3.png,,0,B,1638
HIT_AIIA@bpp=0.3.png,vtm22.2_intra@bpp=0.3.png,,0,A,1638
CoolChic@bpp=0.3.png,HIT_AIIA@bpp=0.3.png,,0,B,1638
TLIC@bpp=0.3.png,codecrookie@bpp=0.3.png,,0,A,1638
codecrookie@bpp=0.075.png,CoolChic@bpp=0.075.png,,0,A,1638
HIT_AIIA@bpp=0.3.png,vtm22.2_intra@bpp=0.3.png,,0,B,1638
CoolChic@bpp=0.3.png,HIT_AIIA@bpp=0.3.png,,0,B,1638
vtm22.2_intra@bpp=0.075.png,codecrookie@bpp=0.15.png,,0,B,1638
ED@bpp=0.15.png,NJUeers@bpp=0.075.png,,0,A,1638
reference.png,TLIC@bpp=0.075.png,,0,A,1638
HIT_AIIA@bpp=0.075.png,hm17.0_intra@bpp=0.3.png,,0,B,1638
CoolChic@bpp=0.3.png,vtm22.2_intra@bpp=0.075.png,,0,A,1638
CoolChic@bpp=0.3.png,Arabica@bpp=0.15.png,,0,B,1638
vtm22.2_intra@bpp=0.075.png,ED@bpp=0.15.png,,0,B,1638
vtm22.2_intra@bpp=0.15.png,CoolChic@bpp=0.3.png,,0,B,1638
CoolChic@bpp=0.3.png,codecrookie@bpp=0.075.png,,0,A,1638
ED@bpp=0.15.png,Arabica@bpp=0.3.png,,0,B,1638
TLIC@bpp=0.075.png,hm17.0_intra@bpp=0.3.png,,0,B,1638
TLIC@bpp=0.3.png,Arabica@bpp=0.3.png,,0,B,1638
ED@bpp=0.3.png,NJUeers@bpp=0.075.png,,0,B,1638
HIT_AIIA@bpp=0.15.png,CoolChic@bpp=0.075.png,,0,A,1638
vtm22.2_intra@bpp=0.3.png,vtm22.2_intra@bpp=0.075.png,true,1,A,1641
vtm22.2_intra@bpp=0.075.png,reference.png,true,1,B,1641
NJUeers@bpp=0.15.png,vtm22.2_intra@bpp=0.3.png,,0,A,1641
HIT_AIIA@bpp=0.3.png,Arabica@bpp=0.075.png,,0,A,1641
codecrookie@bpp=0.3.png,hm17.0_intra@bpp=0.075.png,,0,A,1641
reference.png,TLIC@bpp=0.15.png,,0,A,1641
NJUeers@bpp=0.3.png,Arabica@bpp=0.075.png,,0,A,1641
Arabica@bpp=0.15.png,codecrookie@bpp=0.075.png,,0,B,1641
TLIC@bpp=0.3.png,Arabica@bpp=0.15.png,,0,A,1641
Arabica@bpp=0.3.png,ED@bpp=0.075.png,,0,A,1641
vtm22.2_intra@bpp=0.075.png,vtm22.2_intra@bpp=0.3.png,,0,A,1641
NJUeers@bpp=0.075.png,TLIC@bpp=0.3.png,,0,B,1641
ED@bpp=0.3.png,HIT_AIIA@bpp=0.15.png,,0,A,1641
Arabica@bpp=0.075.png,HIT_AIIA@bpp=0.075.png,,0,B,1641
codecrookie@bpp=0.075.png,TLIC@bpp=0.3.png,,0,B,1641
ED@bpp=0.075.png,TLIC@bpp=0.075.png,,0,B,1641
ED@bpp=0.075.png,NJUeers@bpp=0.075.png,,0,A,1641
NJUeers@bpp=0.075.png,HIT_AIIA@bpp=0.15.png,,0,B,1641
Arabica@bpp=0.3.png,codecrookie@bpp=0.15.png,,0,A,1641
ED@bpp=0.075.png,hm17.0_intra@bpp=0.075.png,,0,A,1641
hm17.0_intra@bpp=0.15.png,codecrookie@bpp=0.3.png,,0,B,1641
hm17.0_intra@bpp=0.15.png,ED@bpp=0.075.png,,0,A,1641
ED@bpp=0.15.png,hm17.0_intra@bpp=0.075.png,,0,A,1641
HIT_AIIA@bpp=0.3.png,ED@bpp=0.3.png,,0,A,1641
NJUeers@bpp=0.075.png,TLIC@bpp=0.075.png,,0,B,1641
HIT_AIIA@bpp=0.15.png,CoolChic@bpp=0.3.png,,0,B,1641
HIT_AIIA@bpp=0.3.png,vtm22.2_intra@bpp=0.075.png,,0,A,1641
vtm22.2_intra@bpp=0.3.png,vtm22.2_intra@bpp=0.15.png,,0,A,1641
TLIC@bpp=0.075.png,CoolChic@bpp=0.3.png,,0,B,1641
codecrookie@bpp=0.075.png,CoolChic@bpp=0.15.png,,0,A,1641
HIT_AIIA@bpp=0.3.png,codecrookie@bpp=0.15.png,,0,A,1641
TLIC@bpp=0.15.png,Arabica@bpp=0.075.png,,0,A,1641
NJUeers@bpp=0.3.png,NJUeers@bpp=0.15.png,,0,A,1641
CoolChic@bpp=0.075.png,vtm22.2_intra@bpp=0.15.png,,0,B,1641
reference.png,vtm22.2_intra@bpp=0.3.png,true,1,B,1642
reference.png,vtm22.2_intra@bpp=0.3.png,true,1,A,1642
CoolChic@bpp=0.3.png,Arabica@bpp=0.075.png,,0,A,1642
Arabica@bpp=0.15.png,codecrookie@bpp=0.15.png,,0,A,1642
Arabica@bpp=0.15.png,HIT_AIIA@bpp=0.3.png,,0,B,1642
vtm22.2_intra@bpp=0.3.png,TLIC@bpp=0.3.png,,0,A,1642
hm17.0_intra@bpp=0.15.png,Arabica@bpp=0.3.png,,0,B,1642
CoolChic@bpp=0.075.png,vtm22.2_intra@bpp=0.075.png,,0,B,1642
hm17.0_intra@bpp=0.15.png,ED@bpp=0.3.png,,0,B,1642
HIT_AIIA@bpp=0.15.png,NJUeers@bpp=0.15.png,,0,B,1642
ED@bpp=0.075.png,NJUeers@bpp=0.15.png,,0,B,1642
HIT_AIIA@bpp=0.075.png,reference.png,,0,B,1642
hm17.0_intra@bpp=0.075.png,NJUeers@bpp=0.15.png,,0,B,1642
Arabica@bpp=0.3.png,Arabica@bpp=0.075.png,,0,A,1642
Arabica@bpp=0.3.png,ED@bpp=0.15.png,,0,A,1642
Arabica@bpp=0.3.png,reference.png,,0,B,1642
codecrookie@bpp=0.15.png,HIT_AIIA@bpp=0.3.png,,0,B,1642
hm17.0_intra@bpp=0.15.png,hm17.0_intra@bpp=0.3.png,,0,B,1642
codecrookie@bpp=0.3.png,CoolChic@bpp=0.3.png,,0,A,1642
NJUeers@bpp=0.3.png,ED@bpp=0.075.png,,0,A,1642
NJUeers@bpp=0.075.png,ED@bpp=0.15.png,,0,B,1642
NJUeers@bpp=0.3.png,codecrookie@bpp=0.15.png,,0,B,1642
vtm22.2_intra@bpp=0.075.png,HIT_AIIA@bpp=0.15.png,,0,B,1642
NJUeers@bpp=0.075.png,CoolChic@bpp=0.075.png,,0,A,1642
TLIC@bpp=0.15.png,TLIC@bpp=0.3.png,,0,A,1642
ED@bpp=0.075.png,TLIC@bpp=0.3.png,,0,B,1642
ED@bpp=0.075.png,Arabica@bpp=0.3.png,,0,B,1642
CoolChic@bpp=0.075.png,Arabica@bpp=0.15.png,,0,B,1642
ED@bpp=0.3.png,HIT_AIIA@bpp=0.3.png,,0,B,1642
hm17.0_intra@bpp=0.3.png,ED@bpp=0.15.png,,0,A,1642
TLIC@bpp=0.075.png,hm17.0_intra@bpp=0.15.png,,0,A,1642
vtm22.2_intra@bpp=0.15.png,hm17.0_intra@bpp=0.075.png,,0,A,1642
HIT_AIIA@bpp=0.075.png,Arabica@bpp=0.3.png,,0,B,1642
hm17.0_intra@bpp=0.15.png,NJUeers@bpp=0.15.png,,0,A,1642
reference.png,vtm22.2_intra@bpp=0.3.png,true,1,B,1645
reference.png,vtm22.2_intra@bpp=0.075.png,true,1,A,1645
vtm22.2_intra@bpp=0.075.png,reference.png,true,1,B,1648
reference.png,vtm22.2_intra@bpp=0.075.png,true,1,A,1648
HIT_AIIA@bpp=0.15.png,codecrookie@bpp=0.15.png,,0,A,1648
HIT_AIIA@bpp=0.15.png,codecrookie@bpp=0.3.png,,0,B,1648
TLIC@bpp=0.3.png,ED@bpp=0.3.png,,0,A,1648
CoolChic@bpp=0.3.png,CoolChic@bpp=0.075.png,,0,A,1648
vtm22.2_intra@bpp=0.3.png,Arabica@bpp=0.3.png,,0,B,1648
TLIC@bpp=0.3.png,vtm22.2_intra@bpp=0.075.png,,0,A,1648
HIT_AIIA@bpp=0.15.png,hm17.0_intra@bpp=0.15.png,,0,A,1648
TLIC@bpp=0.15.png,codecrookie@bpp=0.15.png,,0,A,1648
NJUeers@bpp=0.075.png,vtm22.2_intra@bpp=0.075.png,,0,B,1648
ED@bpp=0.15.png,NJUeers@bpp=0.3.png,,0,A,1648
HIT_AIIA@bpp=0.075.png,Arabica@bpp=0.15.png,,0,B,1648
vtm22.2_intra@bpp=0.15.png,Arabica@bpp=0.075.png,,0,B,1648
ED@bpp=0.3.png,TLIC@bpp=0.075.png,,0,A,1648
HIT_AIIA@bpp=0.15.png,Arabica@bpp=0.3.png,,0,A,1648
ED@bpp=0.075.png,hm17.0_intra@bpp=0.075.png,,0,B,1648
ED@bpp=0.075.png,CoolChic@bpp=0.075.png,,0,A,1648
Arabica@bpp=0.3.png,reference.png,,0,B,1648
HIT_AIIA@bpp=0.075.png,Arabica@bpp=0.075.png,,0,B,1648
Arabica@bpp=0.3.png,ED@bpp=0.075.png,,0,A,1648
hm17.0_intra@bpp=0.075.png,TLIC@bpp=0.075.png,,0,B,1648
CoolChic@bpp=0.15.png,hm17.0_intra@bpp=0.3.png,,0,B,1648
hm17.0_intra@bpp=0.15.png,vtm22.2_intra@bpp=0.3.png,,0,B,1648
TLIC@bpp=0.3.png,NJUeers@bpp=0.075.png,,0,A,1648
Arabica@bpp=0.15.png,Arabica@bpp=0.075.png,,0,A,1648
vtm22.2_intra@bpp=0.075.png,hm17.0_intra@bpp=0.075.png,,0,B,1648
codecrookie@bpp=0.075.png,ED@bpp=0.15.png,,0,B,1648
codecrookie@bpp=0.15.png,ED@bpp=0.3.png,,0,B,1648
hm17.0_intra@bpp=0.3.png,Arabica@bpp=0.15.png,,0,B,1648
Arabica@bpp=0.3.png,NJUeers@bpp=0.075.png,,0,A,1648
ED@bpp=0.3.png,CoolChic@bpp=0.15.png,,0,A,1648
HIT_AIIA@bpp=0.15.png,TLIC@bpp=0.3.png,,0,B,1648
CoolChic@bpp=0.15.png,ED@bpp=0.3.png,,0,B,1648
NJUeers@bpp=0.15.png,HIT_AIIA@bpp=0.3.png,,0,B,1645
TLIC@bpp=0.15.png,Arabica@bpp=0.075.png,,0,B,1645
Arabica@bpp=0.3.png,ED@bpp=0.3.png,,0,A,1645
TLIC@bpp=0.3.png,TLIC@bpp=0.075.png,,0,A,1645
CoolChic@bpp=0.15.png,ED@bpp=0.3.png,,0,B,1645
TLIC@bpp=0.3.png,codecrookie@bpp=0.3.png,,0,A,1645
codecrookie@bpp=0.15.png,CoolChic@bpp=0.15.png,,0,B,1645
ED@bpp=0.15.png,NJUeers@bpp=0.3.png,,0,B,1645
CoolChic@bpp=0.15.png,Arabica@bpp=0.3.png,,0,B,1645
codecrookie@bpp=0.075.png,CoolChic@bpp=0.15.png,,0,A,1645
TLIC@bpp=0.3.png,Arabica@bpp=0.075.png,,0,A,1645
TLIC@bpp=0.15.png,TLIC@bpp=0.075.png,,0,A,1645
codecrookie@bpp=0.15.png,NJUeers@bpp=0.075.png,,0,B,1645
vtm22.2_intra@bpp=0.15.png,ED@bpp=0.075.png,,0,A,1645
TLIC@bpp=0.3.png,NJUeers@bpp=0.3.png,,0,A,1645
ED@bpp=0.3.png,NJUeers@bpp=0.075.png,,0,A,1645
CoolChic@bpp=0.075.png,ED@bpp=0.075.png,,0,B,1645
Arabica@bpp=0.075.png,codecrookie@bpp=0.15.png,,0,A,1645
TLIC@bpp=0.075.png,vtm22.2_intra@bpp=0.3.png,,0,B,1645
codecrookie@bpp=0.3.png,TLIC@bpp=0.3.png,,0,B,1645
CoolChic@bpp=0.15.png,TLIC@bpp=0.075.png,,0,A,1645
TLIC@bpp=0.15.png,Arabica@bpp=0.15.png,,0,A,1645
NJUeers@bpp=0.075.png,hm17.0_intra@bpp=0.15.png,,0,B,1645
ED@bpp=0.15.png,Arabica@bpp=0.3.png,,0,B,1645
Arabica@bpp=0.15.png,NJUeers@bpp=0.3.png,,0,A,1645
TLIC@bpp=0.3.png,hm17.0_intra@bpp=0.15.png,,0,A,1645
hm17.0_intra@bpp=0.15.png,HIT_AIIA@bpp=0.15.png,,0,B,1645
ED@bpp=0.3.png,CoolChic@bpp=0.3.png,,0,A,1645
TLIC@bpp=0.3.png,TLIC@bpp=0.075.png,,0,A,1645
codecrookie@bpp=0.15.png,hm17.0_intra@bpp=0.3.png,,0,A,1645
vtm22.2_intra@bpp=0.15.png,HIT_AIIA@bpp=0.075.png,,0,B,1645
hm17.0_intra@bpp=0.3.png,Arabica@bpp=0.075.png,,0,A,1645
vtm22.2_intra@bpp=0.3.png,vtm22.2_intra@bpp=0.075.png,true,1,A,1649
vtm22.2_intra@bpp=0.075.png,reference.png,true,1,A,1649
vtm22.2_intra@bpp=0.3.png,CoolChic@bpp=0.075.png,,0,A,1649
ED@bpp=0.3.png,vtm22.2_intra@bpp=0.3.png,,0,B,1649
CoolChic@bpp=0.3.png,CoolChic@bpp=0.075.png,,0,A,1649
ED@bpp=0.3.png,NJUeers@bpp=0.3.png,,0,B,1649
NJUeers@bpp=0.3.png,Arabica@bpp=0.075.png,,0,A,1649
ED@bpp=0.15.png,CoolChic@bpp=0.15.png,,0,A,1649
vtm22.2_intra@bpp=0.3.png,NJUeers@bpp=0.075.png,,0,A,1649
Arabica@bpp=0.075.png,ED@bpp=0.15.png,,0,B,1649
codecrookie@bpp=0.15.png,ED@bpp=0.3.png,,0,A,1649
Arabica@bpp=0.3.png,hm17.0_intra@bpp=0.15.png,,0,A,1649
vtm22.2_intra@bpp=0.3.png,TLIC@bpp=0.3.png,,0,B,1649
ED@bpp=0.15.png,CoolChic@bpp=0.075.png,,0,A,1649
CoolChic@bpp=0.075.png,ED@bpp=0.15.png,,0,B,1649
hm17.0_intra@bpp=0.3.png,Arabica@bpp=0.3.png,,0,B,1649
vtm22.2_intra@bpp=0.075.png,ED@bpp=0.075.png,,0,B,1649
codecrookie@bpp=0.15.png,NJUeers@bpp=0.075.png,,0,A,1649
Arabica@bpp=0.15.png,TLIC@bpp=0.075.png,,0,A,1649
Arabica@bpp=0.3.png,CoolChic@bpp=0.075.png,,0,A,1649
Arabica@bpp=0.15.png,TLIC@bpp=0.3.png,,0,A,1649
HIT_AIIA@bpp=0.15.png,HIT_AIIA@bpp=0.075.png,,0,A,1649
NJUeers@bpp=0.3.png,TLIC@bpp=0.3.png,,0,A,1649
HIT_AIIA@bpp=0.075.png,hm17.0_intra@bpp=0.15.png,,0,A,1649
vtm22.2_intra@bpp=0.075.png,HIT_AIIA@bpp=0.075.png,,0,B,1649
NJUeers@bpp=0.3.png,reference.png,,0,A,1649
NJUeers@bpp=0.15.png,Arabica@bpp=0.3.png,,0,B,1649
CoolChic@bpp=0.3.png,vtm22.2_intra@bpp=0.3.png,,0,B,1649
reference.png,hm17.0_intra@bpp=0.15.png,,0,A,1649
vtm22.2_intra@bpp=0.075.png,HIT_AIIA@bpp=0.075.png,,0,B,1649
NJUeers@bpp=0.075.png,Arabica@bpp=0.3.png,,0,B,1649
Arabica@bpp=0.15.png,NJUeers@bpp=0.15.png,,0,A,1649
NJUeers@bpp=0.075.png,hm17.0_intra@bpp=0.15.png,,0,B,1649
hm17.0_intra@bpp=0.3.png,ED@bpp=0.15.png,,0,B,1649
reference.png,vtm22.2_intra@bpp=0.3.png,true,1,A,1655
vtm22.2_intra@bpp=0.3.png,reference.png,true,1,B,1655
vtm22.2_intra@bpp=0.075.png,reference.png,true,1,B,1657
vtm22.2_intra@bpp=0.075.png,vtm22.2_intra@bpp=0.3.png,true,1,B,1657
Arabica@bpp=0.3.png,hm17.0_intra@bpp=0.3.png,,0,B,1655
TLIC@bpp=0.075.png,HIT_AIIA@bpp=0.075.png,,0,A,1655
reference.png,NJUeers@bpp=0.075.png,,0,B,1655
codecrookie@bpp=0.15.png,NJUeers@bpp=0.15.png,,0,A,1655
NJUeers@bpp=0.3.png,CoolChic@bpp=0.3.png,,0,B,1655
Arabica@bpp=0.3.png,codecrookie@bpp=0.15.png,,0,B,1655
Arabica@bpp=0.075.png,reference.png,,0,A,1655
reference.png,TLIC@bpp=0.15.png,,0,B,1655
Arabica@bpp=0.15.png,HIT_AIIA@bpp=0.15.png,,0,B,1655
NJUeers@bpp=0.3.png,codecrookie@bpp=0.3.png,,0,B,1655
TLIC@bpp=0.3.png,ED@bpp=0.3.png,,0,A,1655
hm17.0_intra@bpp=0.15.png,vtm22.2_intra@bpp=0.075.png,,0,B,1655
TLIC@bpp=0.075.png,vtm22.2_intra@bpp=0.075.png,,0,B,1655
TLIC@bpp=0.15.png,vtm22.2_intra@bpp=0.075.png,,0,A,1655
CoolChic@bpp=0.3.png,TLIC@bpp=0.15.png,,0,B,1655
HIT_AIIA@bpp=0.075.png,ED@bpp=0.075.png,,0,A,1655
HIT_AIIA@bpp=0.075.png,hm17.0_intra@bpp=0.3.png,,0,B,1655
codecrookie@bpp=0.3.png,NJUeers@bpp=0.3.png,,0,B,1655
vtm22.2_intra@bpp=0.3.png,hm17.0_intra@bpp=0.075.png,,0,B,1655
NJUeers@bpp=0.15.png,NJUeers@bpp=0.075.png,,0,B,1655
Arabica@bpp=0.3.png,HIT_AIIA@bpp=0.075.png,,0,A,1655
HIT_AIIA@bpp=0.075.png,codecrookie@bpp=0.3.png,,0,B,1655
HIT_AIIA@bpp=0.15.png,codecrookie@bpp=0.075.png,,0,B,1655
codecrookie@bpp=0.075.png,vtm22.2_intra@bpp=0.075.png,,0,B,1655
Arabica@bpp=0.3.png,CoolChic@bpp=0.3.png,,0,B,1655
hm17.0_intra@bpp=0.075.png,NJUeers@bpp=0.075.png,,0,B,1655
Arabica@bpp=0.075.png,vtm22.2_intra@bpp=0.15.png,,0,A,1655
reference.png,NJUeers@bpp=0.3.png,,0,B,1655
HIT_AIIA@bpp=0.075.png,vtm22.2_intra@bpp=0.15.png,,0,B,1655
vtm22.2_intra@bpp=0.075.png,Arabica@bpp=0.075.png,,0,B,1655
ED@bpp=0.3.png,TLIC@bpp=0.3.png,,0,B,1655
hm17.0_intra@bpp=0.15.png,Arabica@bpp=0.3.png,,0,A,1655
HIT_AIIA@bpp=0.15.png,TLIC@bpp=0.3.png,,0,B,1657
TLIC@bpp=0.3.png,HIT_AIIA@bpp=0.15.png,,0,B,1657
hm17.0_intra@bpp=0.15.png,Arabica@bpp=0.3.png,,0,B,1657
NJUeers@bpp=0.3.png,NJUeers@bpp=0.15.png,,0,A,1657
ED@bpp=0.3.png,HIT_AIIA@bpp=0.075.png,,0,B,1657
TLIC@bpp=0.075.png,Arabica@bpp=0.15.png,,0,B,1657
hm17.0_intra@bpp=0.075.png,Arabica@bpp=0.15.png,,0,B,1657
NJUeers@bpp=0.3.png,codecrookie@bpp=0.075.png,,0,A,1657
ED@bpp=0.15.png,codecrookie@bpp=0.3.png,,0,B,1657
vtm22.2_intra@bpp=0.075.png,Arabica@bpp=0.15.png,,0,B,1657
codecrookie@bpp=0.075.png,NJUeers@bpp=0.3.png,,0,B,1657
ED@bpp=0.15.png,Arabica@bpp=0.075.png,,0,A,1657
codecrookie@bpp=0.075.png,hm17.0_intra@bpp=0.15.png,,0,A,1657
TLIC@bpp=0.15.png,NJUeers@bpp=0.3.png,,0,B,1657
ED@bpp=0.075.png,NJUeers@bpp=0.075.png,,0,A,1657
CoolChic@bpp=0.075.png,hm17.0_intra@bpp=0.075.png,,0,A,1657
vtm22.2_intra@bpp=0.3.png,Arabica@bpp=0.075.png,,0,A,1657
NJUeers@bpp=0.15.png,ED@bpp=0.075.png,,0,A,1657
HIT_AIIA@bpp=0.3.png,HIT_AIIA@bpp=0.15.png,,0,B,1657
TLIC@bpp=0.075.png,Arabica@bpp=0.15.png,,0,B,1657
HIT_AIIA@bpp=0.3.png,TLIC@bpp=0.15.png,,0,B,1657
NJUeers@bpp=0.15.png,CoolChic@bpp=0.15.png,,0,B,1657
hm17.0_intra@bpp=0.15.png,NJUeers@bpp=0.15.png,,0,A,1657
HIT_AIIA@bpp=0.3.png,NJUeers@bpp=0.3.png,,0,A,1657
NJUeers@bpp=0.075.png,HIT_AIIA@bpp=0.3.png,,0,B,1657
ED@bpp=0.3.png,HIT_AIIA@bpp=0.3.png,,0,A,1657
ED@bpp=0.3.png,vtm22.2_intra@bpp=0.3.png,,0,A,1657
CoolChic@bpp=0.075.png,hm17.0_intra@bpp=0.3.png,,0,B,1657
vtm22.2_intra@bpp=0.3.png,HIT_AIIA@bpp=0.3.png,,0,A,1657
TLIC@bpp=0.3.png,hm17.0_intra@bpp=0.15.png,,0,A,1657
vtm22.2_intra@bpp=0.15.png,TLIC@bpp=0.3.png,,0,B,1657
TLIC@bpp=0.3.png,NJUeers@bpp=0.3.png,,0,A,1657
vtm22.2_intra@bpp=0.3.png,vtm22.2_intra@bpp=0.075.png,true,1,A,1629
vtm22.2_intra@bpp=0.075.png,vtm22.2_intra@bpp=0.3.png,true,1,B,1629
codecrookie@bpp=0.075.png,HIT_AIIA@bpp=0.15.png,,0,A,1629
TLIC@bpp=0.3.png,CoolChic@bpp=0.15.png,,0,A,1629
TLIC@bpp=0.15.png,vtm22.2_intra@bpp=0.3.png,,0,B,1629
hm17.0_intra@bpp=0.3.png,codecrookie@bpp=0.3.png,,0,B,1629
hm17.0_intra@bpp=0.3.png,codecrookie@bpp=0.3.png,,0,B,1629
CoolChic@bpp=0.3.png,vtm22.2_intra@bpp=0.15.png,,0,B,1629
vtm22.2_intra@bpp=0.3.png,vtm22.2_intra@bpp=0.15.png,,0,B,1629
codecrookie@bpp=0.3.png,ED@bpp=0.3.png,,0,B,1629
HIT_AIIA@bpp=0.3.png,TLIC@bpp=0.15.png,,0,B,1629
Arabica@bpp=0.15.png,codecrookie@bpp=0.075.png,,0,B,1629
NJUeers@bpp=0.3.png,hm17.0_intra@bpp=0.075.png,,0,B,1629
hm17.0_intra@bpp=0.075.png,codecrookie@bpp=0.075.png,,0,B,1629
CoolChic@bpp=0.15.png,hm17.0_intra@bpp=0.15.png,,0,A,1629
CoolChic@bpp=0.3.png,TLIC@bpp=0.3.png,,0,A,1629
HIT_AIIA@bpp=0.15.png,HIT_AIIA@bpp=0.3.png,,0,B,1629
reference.png,Arabica@bpp=0.3.png,,0,A,1629
reference.png,Arabica@bpp=0.3.png,,0,A,1629
vtm22.2_intra@bpp=0.075.png,reference.png,true,1,A,1659
vtm22.2_intra@bpp=0.3.png,reference.png,true,1,B,1659
NJUeers@bpp=0.15.png,TLIC@bpp=0.3.png,,0,B,1659
TLIC@bpp=0.15.png,ED@bpp=0.15.png,,0,A,1659
codecrookie@bpp=0.075.png,codecrookie@bpp=0.15.png,,0,B,1659
Arabica@bpp=0.15.png,ED@bpp=0.075.png,,0,A,1659
codecrookie@bpp=0.075.png,CoolChic@bpp=0.3.png,,0,B,1659
CoolChic@bpp=0.15.png,vtm22.2_intra@bpp=0.3.png,,0,B,1659
codecrookie@bpp=0.3.png,ED@bpp=0.3.png,,0,B,1659
vtm22.2_intra@bpp=0.3.png,HIT_AIIA@bpp=0.075.png,,0,A,1659
codecrookie@bpp=0.3.png,NJUeers@bpp=0.3.png,,0,B,1659
hm17.0_intra@bpp=0.3.png,CoolChic@bpp=0.15.png,,0,A,1659
TLIC@bpp=0.075.png,HIT_AIIA@bpp=0.075.png,,0,A,1659
Arabica@bpp=0.15.png,ED@bpp=0.075.png,,0,A,1659
CoolChic@bpp=0.3.png,codecrookie@bpp=0.15.png,,0,B,1659
Arabica@bpp=0.15.png,CoolChic@bpp=0.3.png,,0,B,1659
CoolChic@bpp=0.3.png,Arabica@bpp=0.075.png,,0,B,1659
Arabica@bpp=0.3.png,hm17.0_intra@bpp=0.15.png,,0,A,1659
HIT_AIIA@bpp=0.075.png,vtm22.2_intra@bpp=0.3.png,,0,A,1659
HIT_AIIA@bpp=0.075.png,NJUeers@bpp=0.15.png,,0,B,1659
ED@bpp=0.3.png,CoolChic@bpp=0.3.png,,0,A,1659
TLIC@bpp=0.15.png,reference.png,,0,B,1659
ED@bpp=0.075.png,Arabica@bpp=0.3.png,,0,B,1659
vtm22.2_intra@bpp=0.075.png,codecrookie@bpp=0.075.png,,0,A,1659
TLIC@bpp=0.3.png,ED@bpp=0.15.png,,0,A,1659
Arabica@bpp=0.3.png,codecrookie@bpp=0.075.png,,0,A,1659
vtm22.2_intra@bpp=0.15.png,hm17.0_intra@bpp=0.3.png,,0,A,1659
codecrookie@bpp=0.3.png,codecrookie@bpp=0.15.png,,0,A,1659
hm17.0_intra@bpp=0.3.png,TLIC@bpp=0.075.png,,0,A,1659
TLIC@bpp=0.075.png,codecrookie@bpp=0.3.png,,0,A,1659
CoolChic@bpp=0.3.png,NJUeers@bpp=0.075.png,,0,A,1659
Arabica@bpp=0.15.png,Arabica@bpp=0.3.png,,0,B,1659
vtm22.2_intra@bpp=0.3.png,codecrookie@bpp=0.15.png,,0,A,1659
TLIC@bpp=0.15.png,ED@bpp=0.3.png,,0,A,1659
reference.png,vtm22.2_intra@bpp=0.075.png,true,1,A,1662
vtm22.2_intra@bpp=0.3.png,reference.png,true,1,B,1662
TLIC@bpp=0.3.png,hm17.0_intra@bpp=0.15.png,,0,A,1662
hm17.0_intra@bpp=0.075.png,ED@bpp=0.3.png,,0,B,1662
CoolChic@bpp=0.3.png,codecrookie@bpp=0.3.png,,0,B,1662
Arabica@bpp=0.075.png,HIT_AIIA@bpp=0.075.png,,0,A,1662
TLIC@bpp=0.15.png,HIT_AIIA@bpp=0.3.png,,0,B,1662
Arabica@bpp=0.075.png,CoolChic@bpp=0.15.png,,0,A,1662
Arabica@bpp=0.075.png,hm17.0_intra@bpp=0.075.png,,0,A,1662
NJUeers@bpp=0.3.png,codecrookie@bpp=0.15.png,,0,A,1662
NJUeers@bpp=0.075.png,ED@bpp=0.3.png,,0,B,1662
codecrookie@bpp=0.075.png,TLIC@bpp=0.15.png,,0,B,1662
NJUeers@bpp=0.3.png,TLIC@bpp=0.15.png,,0,B,1662
TLIC@bpp=0.075.png,CoolChic@bpp=0.15.png,,0,A,1662
ED@bpp=0.3.png,reference.png,,0,B,1662
vtm22.2_intra@bpp=0.075.png,CoolChic@bpp=0.3.png,,0,B,1662
hm17.0_intra@bpp=0.075.png,codecrookie@bpp=0.075.png,,0,B,1662
ED@bpp=0.075.png,vtm22.2_intra@bpp=0.3.png,,0,B,1662
HIT_AIIA@bpp=0.15.png,ED@bpp=0.15.png,,0,A,1662
HIT_AIIA@bpp=0.15.png,NJUeers@bpp=0.075.png,,0,A,1662
ED@bpp=0.3.png,vtm22.2_intra@bpp=0.15.png,,0,A,1662
TLIC@bpp=0.3.png,CoolChic@bpp=0.3.png,,0,A,1662
hm17.0_intra@bpp=0.075.png,NJUeers@bpp=0.075.png,,0,A,1662
ED@bpp=0.15.png,CoolChic@bpp=0.3.png,,0,B,1662
vtm22.2_intra@bpp=0.3.png,ED@bpp=0.15.png,,0,B,1662
CoolChic@bpp=0.15.png,Arabica@bpp=0.15.png,,0,B,1662
hm17.0_intra@bpp=0.075.png,Arabica@bpp=0.3.png,,0,B,1662
TLIC@bpp=0.3.png,codecrookie@bpp=0.15.png,,0,A,1662
codecrookie@bpp=0.3.png,CoolChic@bpp=0.15.png,,0,A,1662
HIT_AIIA@bpp=0.075.png,reference.png,,0,B,1662
ED@bpp=0.075.png,CoolChic@bpp=0.3.png,,0,B,1662
hm17.0_intra@bpp=0.15.png,NJUeers@bpp=0.075.png,,0,A,1662
hm17.0_intra@bpp=0.075.png,ED@bpp=0.15.png,,0,B,1662
Arabica@bpp=0.075.png,HIT_AIIA@bpp=0.3.png,,0,B,1662
vtm22.2_intra@bpp=0.3.png,reference.png,true,1,B,1665
reference.png,vtm22.2_intra@bpp=0.075.png,true,1,B,1665
ED@bpp=0.075.png,reference.png,,0,B,1665
Arabica@bpp=0.3.png,HIT_AIIA@bpp=0.075.png,,0,B,1665
vtm22.2_intra@bpp=0.075.png,ED@bpp=0.15.png,,0,A,1665
reference.png,CoolChic@bpp=0.075.png,,0,A,1665
codecrookie@bpp=0.3.png,codecrookie@bpp=0.075.png,,0,B,1665
Arabica@bpp=0.3.png,codecrookie@bpp=0.075.png,,0,A,1665
Arabica@bpp=0.075.png,NJUeers@bpp=0.15.png,,0,B,1665
hm17.0_intra@bpp=0.075.png,vtm22.2_intra@bpp=0.3.png,,0,B,1665
vtm22.2_intra@bpp=0.3.png,HIT_AIIA@bpp=0.15.png,,0,B,1665
codecrookie@bpp=0.15.png,Arabica@bpp=0.075.png,,0,A,1665
vtm22.2_intra@bpp=0.075.png,CoolChic@bpp=0.075.png,,0,A,1665
vtm22.2_intra@bpp=0.15.png,ED@bpp=0.3.png,,0,A,1665
NJUeers@bpp=0.3.png,Arabica@bpp=0.075.png,,0,A,1665
TLIC@bpp=0.3.png,CoolChic@bpp=0.3.png,,0,A,1665
codecrookie@bpp=0.15.png,CoolChic@bpp=0.075.png,,0,A,1665
vtm22.2_intra@bpp=0.075.png,codecrookie@bpp=0.3.png,,0,B,1665
CoolChic@bpp=0.3.png,hm17.0_intra@bpp=0.075.png,,0,A,1665
CoolChic@bpp=0.15.png,TLIC@bpp=0.075.png,,0,B,1665
TLIC@bpp=0.3.png,NJUeers@bpp=0.3.png,,0,A,1665
vtm22.2_intra@bpp=0.075.png,Arabica@bpp=0.15.png,,0,B,1665
NJUeers@bpp=0.075.png,TLIC@bpp=0.15.png,,0,B,1665
codecrookie@bpp=0.3.png,HIT_AIIA@bpp=0.3.png,,0,A,1665
reference.png,Arabica@bpp=0.15.png,,0,A,1665
ED@bpp=0.3.png,HIT_AIIA@bpp=0.3.png,,0,A,1665
codecrookie@bpp=0.15.png,ED@bpp=0.15.png,,0,A,1665
CoolChic@bpp=0.075.png,HIT_AIIA@bpp=0.15.png,,0,B,1665
hm17.0_intra@bpp=0.3.png,HIT_AIIA@bpp=0.075.png,,0,B,1665
CoolChic@bpp=0.075.png,vtm22.2_intra@bpp=0.075.png,,0,A,1665
TLIC@bpp=0.075.png,Arabica@bpp=0.15.png,,0,B,1665
Arabica@bpp=0.15.png,codecrookie@bpp=0.15.png,,0,A,1665
ED@bpp=0.075.png,HIT_AIIA@bpp=0.15.png,,0,A,1665
Arabica@bpp=0.3.png,HIT_AIIA@bpp=0.3.png,,0,A,1665
reference.png,vtm22.2_intra@bpp=0.3.png,true,1,A,1668
reference.png,vtm22.2_intra@bpp=0.075.png,true,1,A,1668
HIT_AIIA@bpp=0.075.png,reference.png,,0,B,1668
vtm22.2_intra@bpp=0.3.png,HIT_AIIA@bpp=0.15.png,,0,B,1668
hm17.0_intra@bpp=0.3.png,vtm22.2_intra@bpp=0.15.png,,0,B,1668
codecrookie@bpp=0.075.png,NJUeers@bpp=0.15.png,,0,B,1668
hm17.0_intra@bpp=0.075.png,Arabica@bpp=0.15.png,,0,B,1668
TLIC@bpp=0.075.png,vtm22.2_intra@bpp=0.15.png,,0,B,1668
codecrookie@bpp=0.075.png,ED@bpp=0.075.png,,0,B,1668
CoolChic@bpp=0.3.png,codecrookie@bpp=0.075.png,,0,A,1668
CoolChic@bpp=0.075.png,Arabica@bpp=0.3.png,,0,B,1668
hm17.0_intra@bpp=0.075.png,TLIC@bpp=0.15.png,,0,B,1668
NJUeers@bpp=0.075.png,TLIC@bpp=0.3.png,,0,B,1668
CoolChic@bpp=0.15.png,reference.png,,0,B,1668
TLIC@bpp=0.075.png,reference.png,,0,A,1668
CoolChic@bpp=0.075.png,Arabica@bpp=0.3.png,,0,B,1668
NJUeers@bpp=0.075.png,NJUeers@bpp=0.15.png,,0,B,1668
HIT_AIIA@bpp=0.15.png,codecrookie@bpp=0.3.png,,0,A,1668
codecrookie@bpp=0.075.png,Arabica@bpp=0.3.png,,0,B,1668
ED@bpp=0.15.png,HIT_AIIA@bpp=0.15.png,,0,B,1668
hm17.0_intra@bpp=0.3.png,vtm22.2_intra@bpp=0.075.png,,0,A,1668
CoolChic@bpp=0.075.png,NJUeers@bpp=0.075.png,,0,B,1668
vtm22.2_intra@bpp=0.3.png,hm17.0_intra@bpp=0.15.png,,0,A,1668
HIT_AIIA@bpp=0.3.png,ED@bpp=0.3.png,,0,A,1668
CoolChic@bpp=0.15.png,ED@bpp=0.3.png,,0,B,1668
NJUeers@bpp=0.075.png,HIT_AIIA@bpp=0.15.png,,0,B,1668
ED@bpp=0.075.png,hm17.0_intra@bpp=0.15.png,,0,B,1668
ED@bpp=0.3.png,vtm22.2_intra@bpp=0.075.png,,0,A,1668
ED@bpp=0.3.png,CoolChic@bpp=0.3.png,,0,B,1668
vtm22.2_intra@bpp=0.15.png,vtm22.2_intra@bpp=0.3.png,,0,B,1668
codecrookie@bpp=0.3.png,hm17.0_intra@bpp=0.075.png,,0,A,1668
NJUeers@bpp=0.075.png,CoolChic@bpp=0.15.png,,0,B,1668
vtm22.2_intra@bpp=0.3.png,HIT_AIIA@bpp=0.15.png,,0,B,1668
vtm22.2_intra@bpp=0.3.png,reference.png,,0,B,1668
reference.png,vtm22.2_intra@bpp=0.075.png,true,1,A,1671
vtm22.2_intra@bpp=0.075.png,vtm22.2_intra@bpp=0.3.png,true,1,B,1673
vtm22.2_intra@bpp=0.3.png,vtm22.2_intra@bpp=0.075.png,true,1,A,1673
hm17.0_intra@bpp=0.3.png,TLIC@bpp=0.15.png,,0,B,1673
TLIC@bpp=0.075.png,ED@bpp=0.15.png,,0,A,1673
vtm22.2_intra@bpp=0.15.png,vtm22.2_intra@bpp=0.3.png,,0,B,1673
CoolChic@bpp=0.3.png,TLIC@bpp=0.15.png,,0,A,1673
vtm22.2_intra@bpp=0.15.png,NJUeers@bpp=0.15.png,,0,B,1673
CoolChic@bpp=0.15.png,Arabica@bpp=0.15.png,,0,B,1673
reference.png,ED@bpp=0.075.png,,0,A,1673
NJUeers@bpp=0.075.png,CoolChic@bpp=0.075.png,,0,B,1673
CoolChic@bpp=0.3.png,vtm22.2_intra@bpp=0.15.png,,0,A,1673
hm17.0_intra@bpp=0.15.png,TLIC@bpp=0.075.png,,0,B,1673
ED@bpp=0.3.png,CoolChic@bpp=0.3.png,,0,A,1673
HIT_AIIA@bpp=0.3.png,hm17.0_intra@bpp=0.15.png,,0,A,1673
hm17.0_intra@bpp=0.075.png,ED@bpp=0.15.png,,0,B,1673
CoolChic@bpp=0.15.png,NJUeers@bpp=0.075.png,,0,A,1673
vtm22.2_intra@bpp=0.3.png,ED@bpp=0.3.png,,0,B,1673
TLIC@bpp=0.15.png,CoolChic@bpp=0.075.png,,0,A,1673
Arabica@bpp=0.075.png,vtm22.2_intra@bpp=0.15.png,,0,A,1673
hm17.0_intra@bpp=0.075.png,Arabica@bpp=0.3.png,,0,B,1673
hm17.0_intra@bpp=0.15.png,NJUeers@bpp=0.15.png,,0,B,1673
TLIC@bpp=0.15.png,hm17.0_intra@bpp=0.3.png,,0,A,1673
NJUeers@bpp=0.15.png,CoolChic@bpp=0.3.png,,0,A,1673
codecrookie@bpp=0.075.png,NJUeers@bpp=0.3.png,,0,B,1673
TLIC@bpp=0.15.png,CoolChic@bpp=0.3.png,,0,B,1673
Arabica@bpp=0.075.png,TLIC@bpp=0.15.png,,0,B,1673
Arabica@bpp=0.3.png,vtm22.2_intra@bpp=0.3.png,,0,A,1673
HIT_AIIA@bpp=0.15.png,Arabica@bpp=0.15.png,,0,A,1673
HIT_AIIA@bpp=0.075.png,vtm22.2_intra@bpp=0.3.png,,0,A,1673
vtm22.2_intra@bpp=0.3.png,codecrookie@bpp=0.15.png,,0,A,1673
HIT_AIIA@bpp=0.15.png,Arabica@bpp=0.075.png,,0,A,1673
NJUeers@bpp=0.15.png,codecrookie@bpp=0.075.png,,0,B,1673
CoolChic@bpp=0.3.png,codecrookie@bpp=0.15.png,,0,A,1673
vtm22.2_intra@bpp=0.075.png,Arabica@bpp=0.075.png,,0,B,1673
vtm22.2_intra@bpp=0.3.png,vtm22.2_intra@bpp=0.075.png,true,1,A,1670
vtm22.2_intra@bpp=0.3.png,reference.png,true,1,A,1670
vtm22.2_intra@bpp=0.075.png,vtm22.2_intra@bpp=0.3.png,true,1,B,1148
reference.png,vtm22.2_intra@bpp=0.3.png,true,1,A,1148
vtm22.2_intra@bpp=0.075.png,ED@bpp=0.15.png,,0,B,1670
hm17.0_intra@bpp=0.3.png,HIT_AIIA@bpp=0.3.png,,0,B,1670
ED@bpp=0.15.png,hm17.0_intra@bpp=0.3.png,,0,B,1670
Arabica@bpp=0.15.png,hm17.0_intra@bpp=0.3.png,,0,B,1670
hm17.0_intra@bpp=0.075.png,CoolChic@bpp=0.3.png,,0,B,1670
vtm22.2_intra@bpp=0.15.png,ED@bpp=0.15.png,,0,B,1670
NJUeers@bpp=0.3.png,ED@bpp=0.15.png,,0,B,1670
codecrookie@bpp=0.3.png,NJUeers@bpp=0.075.png,,0,A,1670
CoolChic@bpp=0.3.png,HIT_AIIA@bpp=0.075.png,,0,A,1670
NJUeers@bpp=0.3.png,CoolChic@bpp=0.3.png,,0,B,1670
vtm22.2_intra@bpp=0.075.png,ED@bpp=0.075.png,,0,B,1670
CoolChic@bpp=0.15.png,NJUeers@bpp=0.15.png,,0,B,1670
NJUeers@bpp=0.075.png,hm17.0_intra@bpp=0.15.png,,0,B,1670
TLIC@bpp=0.15.png,codecrookie@bpp=0.3.png,,0,B,1670
HIT_AIIA@bpp=0.3.png,NJUeers@bpp=0.15.png,,0,A,1670
CoolChic@bpp=0.075.png,Arabica@bpp=0.075.png,,0,B,1670
Arabica@bpp=0.15.png,hm17.0_intra@bpp=0.3.png,,0,B,1670
codecrookie@bpp=0.15.png,vtm22.2_intra@bpp=0.075.png,,0,A,1670
vtm22.2_intra@bpp=0.3.png,hm17.0_intra@bpp=0.3.png,,0,B,1670
Arabica@bpp=0.3.png,hm17.0_intra@bpp=0.15.png,,0,A,1670
TLIC@bpp=0.15.png,codecrookie@bpp=0.15.png,,0,A,1670
ED@bpp=0.3.png,HIT_AIIA@bpp=0.3.png,,0,A,1670
ED@bpp=0.3.png,hm17.0_intra@bpp=0.3.png,,0,A,1670
Arabica@bpp=0.3.png,codecrookie@bpp=0.3.png,,0,A,1670
NJUeers@bpp=0.3.png,ED@bpp=0.3.png,,0,A,1670
TLIC@bpp=0.3.png,NJUeers@bpp=0.075.png,,0,A,1670
HIT_AIIA@bpp=0.075.png,NJUeers@bpp=0.3.png,,0,B,1670
HIT_AIIA@bpp=0.3.png,ED@bpp=0.075.png,,0,A,1670
ED@bpp=0.3.png,ED@bpp=0.15.png,,0,A,1670
CoolChic@bpp=0.3.png,ED@bpp=0.075.png,,0,A,1670
hm17.0_intra@bpp=0.075.png,reference.png,,0,B,1670
CoolChic@bpp=0.15.png,CoolChic@bpp=0.075.png,,0,A,1670
vtm22.2_intra@bpp=0.075.png,reference.png,true,1,B,2101
vtm22.2_intra@bpp=0.075.png,reference.png,true,1,B,2101
TLIC@bpp=0.15.png,HIT_AIIA@bpp=0.15.png,,0,A,2101
Arabica@bpp=0.075.png,HIT_AIIA@bpp=0.075.png,,0,B,2101
NJUeers@bpp=0.15.png,TLIC@bpp=0.075.png,,0,B,2101
hm17.0_intra@bpp=0.15.png,Arabica@bpp=0.15.png,,0,B,2101
hm17.0_intra@bpp=0.15.png,TLIC@bpp=0.3.png,,0,B,2101
ED@bpp=0.15.png,codecrookie@bpp=0.075.png,,0,A,2101
HIT_AIIA@bpp=0.3.png,CoolChic@bpp=0.075.png,,0,A,2101
vtm22.2_intra@bpp=0.15.png,codecrookie@bpp=0.3.png,,0,B,2101
HIT_AIIA@bpp=0.15.png,CoolChic@bpp=0.075.png,,0,A,2101
CoolChic@bpp=0.075.png,NJUeers@bpp=0.3.png,,0,B,2101
TLIC@bpp=0.15.png,CoolChic@bpp=0.15.png,,0,A,2101
HIT_AIIA@bpp=0.3.png,NJUeers@bpp=0.075.png,,0,A,2101
reference.png,vtm22.2_intra@bpp=0.3.png,,0,A,2101
TLIC@bpp=0.3.png,hm17.0_intra@bpp=0.075.png,,0,A,2101
Arabica@bpp=0.3.png,NJUeers@bpp=0.075.png,,0,A,2101
vtm22.2_intra@bpp=0.3.png,TLIC@bpp=0.3.png,,0,A,2101
HIT_AIIA@bpp=0.15.png,Arabica@bpp=0.3.png,,0,A,2101
NJUeers@bpp=0.075.png,CoolChic@bpp=0.15.png,,0,B,2101
codecrookie@bpp=0.3.png,NJUeers@bpp=0.075.png,,0,A,2101
Arabica@bpp=0.3.png,NJUeers@bpp=0.075.png,,0,A,2101
ED@bpp=0.3.png,vtm22.2_intra@bpp=0.3.png,,0,A,2101
Arabica@bpp=0.3.png,codecrookie@bpp=0.075.png,,0,A,2101
Arabica@bpp=0.3.png,reference.png,,0,B,2101
TLIC@bpp=0.3.png,Arabica@bpp=0.075.png,,0,A,2101
codecrookie@bpp=0.15.png,NJUeers@bpp=0.075.png,,0,A,2101
NJUeers@bpp=0.075.png,TLIC@bpp=0.15.png,,0,B,2101
CoolChic@bpp=0.15.png,ED@bpp=0.3.png,,0,B,2101
hm17.0_intra@bpp=0.075.png,hm17.0_intra@bpp=0.3.png,,0,B,2101
hm17.0_intra@bpp=0.075.png,vtm22.2_intra@bpp=0.15.png,,0,B,2101
vtm22.2_intra@bpp=0.15.png,codecrookie@bpp=0.075.png,,0,A,2101
HIT_AIIA@bpp=0.075.png,CoolChic@bpp=0.075.png,,0,A,2101
Arabica@bpp=0.15.png,Arabica@bpp=0.075.png,,0,A,2101
ED@bpp=0.3.png,vtm22.2_intra@bpp=0.075.png,,0,A,1148
Arabica@bpp=0.075.png,TLIC@bpp=0.3.png,,0,B,1148
TLIC@bpp=0.3.png,TLIC@bpp=0.15.png,,0,A,1148
TLIC@bpp=0.15.png,TLIC@bpp=0.075.png,,0,A,1148
NJUeers@bpp=0.15.png,TLIC@bpp=0.075.png,,0,B,1148
codecrookie@bpp=0.15.png,TLIC@bpp=0.15.png,,0,B,1148
codecrookie@bpp=0.075.png,hm17.0_intra@bpp=0.075.png,,0,B,1148
vtm22.2_intra@bpp=0.15.png,ED@bpp=0.15.png,,0,B,1148
reference.png,hm17.0_intra@bpp=0.3.png,,0,A,1148
hm17.0_intra@bpp=0.075.png,TLIC@bpp=0.075.png,,0,B,1148
CoolChic@bpp=0.075.png,TLIC@bpp=0.075.png,,0,B,1148
vtm22.2_intra@bpp=0.15.png,NJUeers@bpp=0.3.png,,0,B,1148
codecrookie@bpp=0.075.png,TLIC@bpp=0.075.png,,0,B,1148
vtm22.2_intra@bpp=0.15.png,NJUeers@bpp=0.3.png,,0,B,1148
TLIC@bpp=0.15.png,HIT_AIIA@bpp=0.3.png,,0,B,1148
hm17.0_intra@bpp=0.3.png,NJUeers@bpp=0.075.png,,0,A,1148
ED@bpp=0.3.png,hm17.0_intra@bpp=0.3.png,,0,A,1148
NJUeers@bpp=0.3.png,reference.png,,0,B,1148
hm17.0_intra@bpp=0.15.png,HIT_AIIA@bpp=0.15.png,,0,B,1148
hm17.0_intra@bpp=0.3.png,codecrookie@bpp=0.3.png,,0,A,1148
CoolChic@bpp=0.3.png,TLIC@bpp=0.15.png,,0,B,1148
vtm22.2_intra@bpp=0.075.png,TLIC@bpp=0.3.png,,0,B,1148
TLIC@bpp=0.3.png,vtm22.2_intra@bpp=0.075.png,,0,A,1148
TLIC@bpp=0.15.png,NJUeers@bpp=0.075.png,,0,B,1148
TLIC@bpp=0.15.png,NJUeers@bpp=0.075.png,,0,A,1148
vtm22.2_intra@bpp=0.15.png,HIT_AIIA@bpp=0.075.png,,0,B,1148
vtm22.2_intra@bpp=0.15.png,HIT_AIIA@bpp=0.075.png,,0,B,1148
HIT_AIIA@bpp=0.075.png,NJUeers@bpp=0.15.png,,0,A,1148
NJUeers@bpp=0.075.png,hm17.0_intra@bpp=0.3.png,,0,B,1148
codecrookie@bpp=0.3.png,ED@bpp=0.075.png,,0,A,1148
ED@bpp=0.075.png,TLIC@bpp=0.075.png,,0,A,1148
NJUeers@bpp=0.3.png,codecrookie@bpp=0.075.png,,0,A,1148
reference.png,vtm22.2_intra@bpp=0.075.png,true,1,A,1956
vtm22.2_intra@bpp=0.075.png,vtm22.2_intra@bpp=0.3.png,true,1,B,1956
ED@bpp=0.15.png,CoolChic@bpp=0.15.png,,0,A,1956
CoolChic@bpp=0.15.png,hm17.0_intra@bpp=0.075.png,,0,A,1956
ED@bpp=0.075.png,CoolChic@bpp=0.15.png,,0,B,1956
Arabica@bpp=0.3.png,TLIC@bpp=0.075.png,,0,A,1956
TLIC@bpp=0.075.png,hm17.0_intra@bpp=0.3.png,,0,A,1956
Arabica@bpp=0.15.png,ED@bpp=0.075.png,,0,A,1956
Arabica@bpp=0.075.png,TLIC@bpp=0.3.png,,0,B,1956
reference.png,NJUeers@bpp=0.15.png,,0,A,1956
Arabica@bpp=0.075.png,CoolChic@bpp=0.075.png,,0,A,1956
TLIC@bpp=0.15.png,vtm22.2_intra@bpp=0.075.png,,0,A,1956
Arabica@bpp=0.075.png,CoolChic@bpp=0.15.png,,0,B,1956
hm17.0_intra@bpp=0.3.png,ED@bpp=0.3.png,,0,B,1956
Arabica@bpp=0.3.png,CoolChic@bpp=0.3.png,,0,A,1956
hm17.0_intra@bpp=0.075.png,ED@bpp=0.3.png,,0,B,1956
codecrookie@bpp=0.15.png,NJUeers@bpp=0.3.png,,0,A,1956
HIT_AIIA@bpp=0.15.png,hm17.0_intra@bpp=0.15.png,,0,A,1956
hm17.0_intra@bpp=0.15.png,ED@bpp=0.075.png,,0,A,1956
TLIC@bpp=0.15.png,TLIC@bpp=0.3.png,,0,B,1956
ED@bpp=0.3.png,ED@bpp=0.075.png,,0,A,1956
HIT_AIIA@bpp=0.075.png,Arabica@bpp=0.075.png,,0,A,1956
NJUeers@bpp=0.075.png,vtm22.2_intra@bpp=0.15.png,,0,B,1956
NJUeers@bpp=0.3.png,codecrookie@bpp=0.15.png,,0,B,1956
CoolChic@bpp=0.15.png,HIT_AIIA@bpp=0.075.png,,0,B,1956
NJUeers@bpp=0.075.png,TLIC@bpp=0.075.png,,0,B,1956
Arabica@bpp=0.075.png,hm17.0_intra@bpp=0.15.png,,0,A,1956
NJUeers@bpp=0.3.png,codecrookie@bpp=0.075.png,,0,A,1956
CoolChic@bpp=0.3.png,Arabica@bpp=0.075.png,,0,B,1956
ED@bpp=0.15.png,codecrookie@bpp=0.075.png,,0,A,1956
ED@bpp=0.15.png,codecrookie@bpp=0.075.png,,0,A,1956
HIT_AIIA@bpp=0.3.png,ED@bpp=0.3.png,,0,B,1956
ED@bpp=0.15.png,NJUeers@bpp=0.15.png,,0,A,1956
NJUeers@bpp=0.15.png,hm17.0_intra@bpp=0.075.png,,0,A,1956
vtm22.2_intra@bpp=0.075.png,vtm22.2_intra@bpp=0.3.png,true,1,B,2070
vtm22.2_intra@bpp=0.075.png,vtm22.2_intra@bpp=0.3.png,true,1,B,2070
HIT_AIIA@bpp=0.15.png,ED@bpp=0.15.png,,0,A,2070
vtm22.2_intra@bpp=0.075.png,ED@bpp=0.3.png,,0,B,2070
NJUeers@bpp=0.15.png,NJUeers@bpp=0.075.png,,0,A,2070
reference.png,Arabica@bpp=0.15.png,,0,A,2070
vtm22.2_intra@bpp=0.15.png,TLIC@bpp=0.3.png,,0,A,2070
Arabica@bpp=0.15.png,hm17.0_intra@bpp=0.075.png,,0,A,2070
reference.png,ED@bpp=0.3.png,,0,A,2070
HIT_AIIA@bpp=0.15.png,codecrookie@bpp=0.15.png,,0,A,2070
ED@bpp=0.075.png,Arabica@bpp=0.075.png,,0,B,2070
ED@bpp=0.15.png,CoolChic@bpp=0.075.png,,0,A,2070
Arabica@bpp=0.3.png,hm17.0_intra@bpp=0.15.png,,0,A,2070
vtm22.2_intra@bpp=0.075.png,TLIC@bpp=0.15.png,,0,B,2070
hm17.0_intra@bpp=0.15.png,TLIC@bpp=0.3.png,,0,B,2070
CoolChic@bpp=0.075.png,hm17.0_intra@bpp=0.075.png,,0,B,2070
CoolChic@bpp=0.3.png,vtm22.2_intra@bpp=0.15.png,,0,A,2070
HIT_AIIA@bpp=0.15.png,codecrookie@bpp=0.15.png,,0,A,2070
HIT_AIIA@bpp=0.075.png,ED@bpp=0.3.png,,0,B,2070
HIT_AIIA@bpp=0.075.png,ED@bpp=0.3.png,,0,B,2070
HIT_AIIA@bpp=0.075.png,NJUeers@bpp=0.15.png,,0,A,2070
hm17.0_intra@bpp=0.15.png,TLIC@bpp=0.075.png,,0,B,2070
ED@bpp=0.15.png,HIT_AIIA@bpp=0.075.png,,0,B,2070
ED@bpp=0.3.png,CoolChic@bpp=0.3.png,,0,A,2070
HIT_AIIA@bpp=0.15.png,NJUeers@bpp=0.3.png,,0,B,2070
ED@bpp=0.3.png,Arabica@bpp=0.075.png,,0,A,2070
ED@bpp=0.075.png,reference.png,,0,B,2070
HIT_AIIA@bpp=0.3.png,vtm22.2_intra@bpp=0.3.png,,0,A,2070
TLIC@bpp=0.075.png,ED@bpp=0.075.png,,0,A,2070
vtm22.2_intra@bpp=0.15.png,vtm22.2_intra@bpp=0.075.png,,0,A,2070
ED@bpp=0.15.png,vtm22.2_intra@bpp=0.075.png,,0,A,2070
ED@bpp=0.075.png,TLIC@bpp=0.15.png,,0,B,2070
HIT_AIIA@bpp=0.075.png,hm17.0_intra@bpp=0.3.png,,0,A,2070
codecrookie@bpp=0.3.png,HIT_AIIA@bpp=0.075.png,,0,A,2070
vtm22.2_intra@bpp=0.075.png,reference.png,true,1,B,1924
vtm22.2_intra@bpp=0.075.png,reference.png,true,1,B,1924
CoolChic@bpp=0.3.png,NJUeers@bpp=0.15.png,,0,A,1924
ED@bpp=0.15.png,vtm22.2_intra@bpp=0.075.png,,0,A,1924
Arabica@bpp=0.3.png,codecrookie@bpp=0.3.png,,0,A,1924
NJUeers@bpp=0.15.png,NJUeers@bpp=0.075.png,,0,A,1924
vtm22.2_intra@bpp=0.15.png,Arabica@bpp=0.3.png,,0,B,1924
NJUeers@bpp=0.075.png,CoolChic@bpp=0.3.png,,0,B,1924
NJUeers@bpp=0.075.png,vtm22.2_intra@bpp=0.15.png,,0,B,1924
Arabica@bpp=0.15.png,Arabica@bpp=0.3.png,,0,B,1924
vtm22.2_intra@bpp=0.075.png,HIT_AIIA@bpp=0.075.png,,0,B,1924
CoolChic@bpp=0.15.png,hm17.0_intra@bpp=0.3.png,,0,B,1924
TLIC@bpp=0.15.png,hm17.0_intra@bpp=0.3.png,,0,A,1924
CoolChic@bpp=0.3.png,ED@bpp=0.3.png,,0,B,1924
HIT_AIIA@bpp=0.075.png,ED@bpp=0.075.png,,0,A,1924
TLIC@bpp=0.075.png,TLIC@bpp=0.15.png,,0,B,1924
hm17.0_intra@bpp=0.15.png,HIT_AIIA@bpp=0.15.png,,0,B,1924
vtm22.2_intra@bpp=0.3.png,NJUeers@bpp=0.3.png,,0,A,1924
vtm22.2_intra@bpp=0.15.png,vtm22.2_intra@bpp=0.075.png,,0,A,1924
ED@bpp=0.15.png,Arabica@bpp=0.15.png,,0,B,1924
CoolChic@bpp=0.15.png,HIT_AIIA@bpp=0.15.png,,0,B,1924
ED@bpp=0.075.png,TLIC@bpp=0.075.png,,0,B,1924
reference.png,ED@bpp=0.075.png,,0,A,1924
hm17.0_intra@bpp=0.15.png,NJUeers@bpp=0.15.png,,0,A,1924
Arabica@bpp=0.3.png,CoolChic@bpp=0.3.png,,0,A,1924
CoolChic@bpp=0.15.png,TLIC@bpp=0.15.png,,0,B,1924
codecrookie@bpp=0.075.png,TLIC@bpp=0.3.png,,0,B,1924
hm17.0_intra@bpp=0.075.png,hm17.0_intra@bpp=0.3.png,,0,B,1924
hm17.0_intra@bpp=0.15.png,HIT_AIIA@bpp=0.15.png,,0,B,1924
HIT_AIIA@bpp=0.15.png,hm17.0_intra@bpp=0.15.png,,0,A,1924
hm17.0_intra@bpp=0.075.png,HIT_AIIA@bpp=0.3.png,,0,B,1924
codecrookie@bpp=0.075.png,HIT_AIIA@bpp=0.3.png,,0,B,1924
ED@bpp=0.15.png,reference.png,,0,B,1924
Arabica@bpp=0.3.png,hm17.0_intra@bpp=0.15.png,,0,A,1924
vtm22.2_intra@bpp=0.3.png,vtm22.2_intra@bpp=0.075.png,true,1,A,1747
vtm22.2_intra@bpp=0.075.png,reference.png,true,1,B,1747
NJUeers@bpp=0.15.png,NJUeers@bpp=0.3.png,,0,B,1747
NJUeers@bpp=0.3.png,hm17.0_intra@bpp=0.15.png,,0,A,1747
codecrookie@bpp=0.075.png,TLIC@bpp=0.3.png,,0,B,1747
hm17.0_intra@bpp=0.3.png,HIT_AIIA@bpp=0.15.png,,0,B,1747
TLIC@bpp=0.075.png,hm17.0_intra@bpp=0.15.png,,0,A,1747
codecrookie@bpp=0.075.png,TLIC@bpp=0.3.png,,0,B,1747
Arabica@bpp=0.15.png,HIT_AIIA@bpp=0.075.png,,0,B,1747
TLIC@bpp=0.3.png,Arabica@bpp=0.3.png,,0,A,1747
ED@bpp=0.3.png,vtm22.2_intra@bpp=0.3.png,,0,A,1747
TLIC@bpp=0.075.png,NJUeers@bpp=0.3.png,,0,B,1747
HIT_AIIA@bpp=0.075.png,NJUeers@bpp=0.15.png,,0,A,1747
NJUeers@bpp=0.15.png,ED@bpp=0.075.png,,0,A,1747
HIT_AIIA@bpp=0.075.png,Arabica@bpp=0.3.png,,0,B,1747
hm17.0_intra@bpp=0.075.png,vtm22.2_intra@bpp=0.3.png,,0,B,1747
hm17.0_intra@bpp=0.3.png,ED@bpp=0.075.png,,0,A,1747
NJUeers@bpp=0.3.png,TLIC@bpp=0.3.png,,0,A,1747
HIT_AIIA@bpp=0.3.png,hm17.0_intra@bpp=0.3.png,,0,A,1747
hm17.0_intra@bpp=0.15.png,vtm22.2_intra@bpp=0.15.png,,0,B,1747
ED@bpp=0.15.png,CoolChic@bpp=0.15.png,,0,A,1747
ED@bpp=0.3.png,NJUeers@bpp=0.075.png,,0,A,1747
reference.png,CoolChic@bpp=0.15.png,,0,A,1747
NJUeers@bpp=0.3.png,HIT_AIIA@bpp=0.3.png,,0,B,1747
codecrookie@bpp=0.3.png,Arabica@bpp=0.3.png,,0,A,1747
hm17.0_intra@bpp=0.15.png,HIT_AIIA@bpp=0.3.png,,0,B,1747
Arabica@bpp=0.075.png,HIT_AIIA@bpp=0.075.png,,0,B,1747
HIT_AIIA@bpp=0.075.png,CoolChic@bpp=0.15.png,,0,A,1747
codecrookie@bpp=0.075.png,Arabica@bpp=0.15.png,,0,B,1747
vtm22.2_intra@bpp=0.3.png,hm17.0_intra@bpp=0.3.png,,0,A,1747
CoolChic@bpp=0.075.png,CoolChic@bpp=0.15.png,,0,B,1747
hm17.0_intra@bpp=0.075.png,CoolChic@bpp=0.075.png,,0,A,1747
NJUeers@bpp=0.15.png,vtm22.2_intra@bpp=0.15.png,,0,B,1747
hm17.0_intra@bpp=0.075.png,vtm22.2_intra@bpp=0.075.png,,0,B,1747
reference.png,vtm22.2_intra@bpp=0.075.png,true,1,A,2013
vtm22.2_intra@bpp=0.075.png,reference.png,true,1,B,2013
NJUeers@bpp=0.3.png,ED@bpp=0.075.png,,0,A,2013
hm17.0_intra@bpp=0.3.png,NJUeers@bpp=0.15.png,,0,A,2013
vtm22.2_intra@bpp=0.075.png,HIT_AIIA@bpp=0.3.png,,0,B,2013
NJUeers@bpp=0.075.png,HIT_AIIA@bpp=0.075.png,,0,A,2013
vtm22.2_intra@bpp=0.15.png,ED@bpp=0.15.png,,0,A,2013
CoolChic@bpp=0.075.png,reference.png,,0,B,2013
TLIC@bpp=0.075.png,codecrookie@bpp=0.075.png,,0,A,2013
NJUeers@bpp=0.15.png,HIT_AIIA@bpp=0.15.png,,0,B,2013
TLIC@bpp=0.3.png,CoolChic@bpp=0.075.png,,0,A,2013
hm17.0_intra@bpp=0.3.png,CoolChic@bpp=0.3.png,,0,B,2013
HIT_AIIA@bpp=0.3.png,codecrookie@bpp=0.3.png,,0,B,2013
HIT_AIIA@bpp=0.075.png,NJUeers@bpp=0.075.png,,0,A,2013
CoolChic@bpp=0.075.png,HIT_AIIA@bpp=0.075.png,,0,B,2013
NJUeers@bpp=0.3.png,CoolChic@bpp=0.075.png,,0,A,2013
codecrookie@bpp=0.075.png,vtm22.2_intra@bpp=0.075.png,,0,A,2013
NJUeers@bpp=0.075.png,TLIC@bpp=0.3.png,,0,B,2013
vtm22.2_intra@bpp=0.3.png,Arabica@bpp=0.075.png,,0,A,2013
CoolChic@bpp=0.15.png,NJUeers@bpp=0.15.png,,0,A,2013
TLIC@bpp=0.075.png,reference.png,,0,B,2013
HIT_AIIA@bpp=0.3.png,ED@bpp=0.075.png,,0,A,2013
hm17.0_intra@bpp=0.3.png,NJUeers@bpp=0.15.png,,0,A,2013
codecrookie@bpp=0.15.png,Arabica@bpp=0.075.png,,0,B,2013
Arabica@bpp=0.15.png,CoolChic@bpp=0.15.png,,0,A,2013
Arabica@bpp=0.3.png,HIT_AIIA@bpp=0.15.png,,0,A,2013
codecrookie@bpp=0.075.png,hm17.0_intra@bpp=0.075.png,,0,B,2013
codecrookie@bpp=0.3.png,ED@bpp=0.3.png,,0,B,2013
CoolChic@bpp=0.15.png,vtm22.2_intra@bpp=0.3.png,,0,B,2013
TLIC@bpp=0.15.png,NJUeers@bpp=0.3.png,,0,A,2013
Arabica@bpp=0.3.png,Arabica@bpp=0.15.png,,0,A,2013
hm17.0_intra@bpp=0.15.png,NJUeers@bpp=0.15.png,,0,A,2013
NJUeers@bpp=0.15.png,ED@bpp=0.075.png,,0,A,2013
HIT_AIIA@bpp=0.15.png,hm17.0_intra@bpp=0.3.png,,0,B,2013
vtm22.2_intra@bpp=0.3.png,reference.png,true,1,B,2113
reference.png,vtm22.2_intra@bpp=0.075.png,true,1,A,2113
ED@bpp=0.3.png,HIT_AIIA@bpp=0.075.png,,0,A,2113
ED@bpp=0.15.png,codecrookie@bpp=0.15.png,,0,A,2113
hm17.0_intra@bpp=0.3.png,ED@bpp=0.15.png,,0,B,2113
HIT_AIIA@bpp=0.15.png,reference.png,,0,B,2113
TLIC@bpp=0.3.png,TLIC@bpp=0.075.png,,0,A,2113
vtm22.2_intra@bpp=0.3.png,NJUeers@bpp=0.15.png,,0,B,2113
vtm22.2_intra@bpp=0.15.png,TLIC@bpp=0.075.png,,0,A,2113
HIT_AIIA@bpp=0.075.png,HIT_AIIA@bpp=0.3.png,,0,B,2113
ED@bpp=0.15.png,NJUeers@bpp=0.075.png,,0,A,2113
reference.png,TLIC@bpp=0.075.png,,0,A,2113
codecrookie@bpp=0.075.png,codecrookie@bpp=0.3.png,,0,B,2113
TLIC@bpp=0.3.png,CoolChic@bpp=0.075.png,,0,A,2113
CoolChic@bpp=0.075.png,codecrookie@bpp=0.3.png,,0,B,2113
CoolChic@bpp=0.3.png,reference.png,,0,B,2113
CoolChic@bpp=0.15.png,TLIC@bpp=0.3.png,,0,B,2113
NJUeers@bpp=0.15.png,HIT_AIIA@bpp=0.3.png,,0,B,2113
TLIC@bpp=0.15.png,codecrookie@bpp=0.15.png,,0,A,2113
TLIC@bpp=0.075.png,Arabica@bpp=0.3.png,,0,B,2113
TLIC@bpp=0.075.png,hm17.0_intra@bpp=0.3.png,,0,B,2113
HIT_AIIA@bpp=0.075.png,CoolChic@bpp=0.3.png,,0,B,2113
NJUeers@bpp=0.075.png,codecrookie@bpp=0.3.png,,0,B,2113
hm17.0_intra@bpp=0.075.png,NJUeers@bpp=0.3.png,,0,B,2113
NJUeers@bpp=0.15.png,hm17.0_intra@bpp=0.075.png,,0,A,2113
TLIC@bpp=0.3.png,CoolChic@bpp=0.075.png,,0,A,2113
HIT_AIIA@bpp=0.3.png,NJUeers@bpp=0.3.png,,0,A,2113
NJUeers@bpp=0.3.png,ED@bpp=0.15.png,,0,A,2113
codecrookie@bpp=0.3.png,hm17.0_intra@bpp=0.075.png,,0,A,2113
NJUeers@bpp=0.075.png,reference.png,,0,B,2113
hm17.0_intra@bpp=0.15.png,Arabica@bpp=0.15.png,,0,B,2113
CoolChic@bpp=0.15.png,CoolChic@bpp=0.075.png,,0,A,2113
ED@bpp=0.075.png,TLIC@bpp=0.15.png,,0,B,2113
Arabica@bpp=0.3.png,NJUeers@bpp=0.075.png,,0,A,2113
vtm22.2_intra@bpp=0.075.png,reference.png,true,1,B,1811
vtm22.2_intra@bpp=0.3.png,vtm22.2_intra@bpp=0.075.png,true,1,A,1811
reference.png,TLIC@bpp=0.3.png,,0,A,1811
Arabica@bpp=0.3.png,reference.png,,0,B,1811
codecrookie@bpp=0.15.png,CoolChic@bpp=0.15.png,,0,A,1811
TLIC@bpp=0.3.png,codecrookie@bpp=0.075.png,,0,A,1811
CoolChic@bpp=0.075.png,codecrookie@bpp=0.075.png,,0,B,1811
TLIC@bpp=0.15.png,hm17.0_intra@bpp=0.3.png,,0,A,1811
codecrookie@bpp=0.15.png,NJUeers@bpp=0.3.png,,0,B,1811
Arabica@bpp=0.075.png,reference.png,,0,B,1811
hm17.0_intra@bpp=0.15.png,TLIC@bpp=0.3.png,,0,B,1811
NJUeers@bpp=0.3.png,TLIC@bpp=0.075.png,,0,B,1811
TLIC@bpp=0.15.png,CoolChic@bpp=0.075.png,,0,A,1811
codecrookie@bpp=0.075.png,codecrookie@bpp=0.3.png,,0,B,1811
HIT_AIIA@bpp=0.15.png,hm17.0_intra@bpp=0.3.png,,0,A,1811
CoolChic@bpp=0.075.png,codecrookie@bpp=0.15.png,,0,B,1811
Arabica@bpp=0.075.png,NJUeers@bpp=0.15.png,,0,A,1811
hm17.0_intra@bpp=0.3.png,HIT_AIIA@bpp=0.3.png,,0,B,1811
Arabica@bpp=0.15.png,codecrookie@bpp=0.15.png,,0,A,1811
codecrookie@bpp=0.3.png,CoolChic@bpp=0.075.png,,0,A,1811
TLIC@bpp=0.075.png,codecrookie@bpp=0.3.png,,0,B,1811
NJUeers@bpp=0.3.png,codecrookie@bpp=0.3.png,,0,B,1811
hm17.0_intra@bpp=0.3.png,ED@bpp=0.3.png,,0,B,1811
CoolChic@bpp=0.15.png,ED@bpp=0.3.png,,0,B,1811
vtm22.2_intra@bpp=0.15.png,HIT_AIIA@bpp=0.075.png,,0,A,1811
hm17.0_intra@bpp=0.3.png,reference.png,,0,B,1811
reference.png,codecrookie@bpp=0.3.png,,0,A,1811
vtm22.2_intra@bpp=0.3.png,Arabica@bpp=0.075.png,,0,B,1811
TLIC@bpp=0.075.png,ED@bpp=0.075.png,,0,A,1811
TLIC@bpp=0.15.png,CoolChic@bpp=0.15.png,,0,A,1811
CoolChic@bpp=0.15.png,CoolChic@bpp=0.3.png,,0,B,1811
Arabica@bpp=0.075.png,CoolChic@bpp=0.075.png,,0,A,1811
ED@bpp=0.15.png,ED@bpp=0.075.png,,0,A,1811
ED@bpp=0.075.png,hm17.0_intra@bpp=0.15.png,,0,B,1811
reference.png,vtm22.2_intra@bpp=0.075.png,true,1,A,1743
vtm22.2_intra@bpp=0.3.png,reference.png,true,1,B,1743
hm17.0_intra@bpp=0.3.png,NJUeers@bpp=0.15.png,,0,A,1743
hm17.0_intra@bpp=0.15.png,Arabica@bpp=0.075.png,,0,B,1743
ED@bpp=0.3.png,Arabica@bpp=0.075.png,,0,A,1743
hm17.0_intra@bpp=0.3.png,CoolChic@bpp=0.3.png,,0,A,1743
CoolChic@bpp=0.075.png,vtm22.2_intra@bpp=0.3.png,,0,B,1743
TLIC@bpp=0.3.png,Arabica@bpp=0.3.png,,0,A,1743
HIT_AIIA@bpp=0.3.png,ED@bpp=0.15.png,,0,A,1743
HIT_AIIA@bpp=0.3.png,codecrookie@bpp=0.3.png,,0,B,1743
hm17.0_intra@bpp=0.15.png,codecrookie@bpp=0.15.png,,0,B,1743
CoolChic@bpp=0.075.png,vtm22.2_intra@bpp=0.15.png,,0,B,1743
Arabica@bpp=0.3.png,ED@bpp=0.075.png,,0,A,1743
CoolChic@bpp=0.3.png,codecrookie@bpp=0.3.png,,0,A,1743
TLIC@bpp=0.075.png,HIT_AIIA@bpp=0.3.png,,0,B,1743
codecrookie@bpp=0.3.png,TLIC@bpp=0.3.png,,0,B,1743
ED@bpp=0.15.png,reference.png,,0,B,1743
reference.png,vtm22.2_intra@bpp=0.3.png,,0,A,1743
Arabica@bpp=0.15.png,vtm22.2_intra@bpp=0.15.png,,0,A,1743
ED@bpp=0.3.png,vtm22.2_intra@bpp=0.075.png,,0,A,1743
ED@bpp=0.15.png,vtm22.2_intra@bpp=0.15.png,,0,A,1743
TLIC@bpp=0.15.png,NJUeers@bpp=0.3.png,,0,A,1743
codecrookie@bpp=0.075.png,TLIC@bpp=0.075.png,,0,A,1743
CoolChic@bpp=0.15.png,ED@bpp=0.3.png,,0,B,1743
NJUeers@bpp=0.15.png,TLIC@bpp=0.075.png,,0,B,1743
CoolChic@bpp=0.15.png,NJUeers@bpp=0.3.png,,0,B,1743
ED@bpp=0.15.png,TLIC@bpp=0.075.png,,0,B,1743
vtm22.2_intra@bpp=0.075.png,TLIC@bpp=0.075.png,,0,B,1743
NJUeers@bpp=0.3.png,TLIC@bpp=0.075.png,,0,A,1743
codecrookie@bpp=0.3.png,CoolChic@bpp=0.15.png,,0,A,1743
CoolChic@bpp=0.3.png,vtm22.2_intra@bpp=0.3.png,,0,B,1743
vtm22.2_intra@bpp=0.3.png,HIT_AIIA@bpp=0.15.png,,0,B,1743
codecrookie@bpp=0.15.png,HIT_AIIA@bpp=0.3.png,,0,B,1743
NJUeers@bpp=0.15.png,hm17.0_intra@bpp=0.075.png,,0,B,1743
reference.png,vtm22.2_intra@bpp=0.075.png,true,1,A,1796
reference.png,vtm22.2_intra@bpp=0.075.png,true,1,A,1796
hm17.0_intra@bpp=0.15.png,TLIC@bpp=0.3.png,,0,B,1796
CoolChic@bpp=0.075.png,ED@bpp=0.075.png,,0,B,1796
ED@bpp=0.075.png,vtm22.2_intra@bpp=0.3.png,,0,B,1796
HIT_AIIA@bpp=0.075.png,vtm22.2_intra@bpp=0.15.png,,0,A,1796
Arabica@bpp=0.075.png,HIT_AIIA@bpp=0.15.png,,0,B,1796
HIT_AIIA@bpp=0.3.png,hm17.0_intra@bpp=0.15.png,,0,A,1796
HIT_AIIA@bpp=0.15.png,NJUeers@bpp=0.075.png,,0,A,1796
vtm22.2_intra@bpp=0.075.png,Arabica@bpp=0.075.png,,0,B,1796
hm17.0_intra@bpp=0.3.png,HIT_AIIA@bpp=0.075.png,,0,B,1796
HIT_AIIA@bpp=0.15.png,HIT_AIIA@bpp=0.3.png,,0,B,1796
HIT_AIIA@bpp=0.15.png,HIT_AIIA@bpp=0.075.png,,0,A,1796
NJUeers@bpp=0.15.png,ED@bpp=0.3.png,,0,B,1796
codecrookie@bpp=0.15.png,hm17.0_intra@bpp=0.3.png,,0,B,1796
Arabica@bpp=0.15.png,ED@bpp=0.15.png,,0,A,1796
ED@bpp=0.075.png,HIT_AIIA@bpp=0.075.png,,0,B,1796
HIT_AIIA@bpp=0.3.png,ED@bpp=0.3.png,,0,B,1796
ED@bpp=0.3.png,reference.png,,0,B,1796
Arabica@bpp=0.075.png,ED@bpp=0.075.png,,0,A,1796
Arabica@bpp=0.075.png,codecrookie@bpp=0.075.png,,0,A,1796
ED@bpp=0.075.png,CoolChic@bpp=0.15.png,,0,B,1796
NJUeers@bpp=0.15.png,hm17.0_intra@bpp=0.075.png,,0,A,1796
ED@bpp=0.075.png,Arabica@bpp=0.3.png,,0,B,1796
Arabica@bpp=0.15.png,reference.png,,0,B,1796
codecrookie@bpp=0.3.png,TLIC@bpp=0.15.png,,0,A,1796
HIT_AIIA@bpp=0.15.png,codecrookie@bpp=0.075.png,,0,A,1796
HIT_AIIA@bpp=0.15.png,NJUeers@bpp=0.3.png,,0,B,1796
vtm22.2_intra@bpp=0.3.png,NJUeers@bpp=0.3.png,,0,A,1796
Arabica@bpp=0.3.png,Arabica@bpp=0.15.png,,0,A,1796
TLIC@bpp=0.15.png,vtm22.2_intra@bpp=0.075.png,,0,A,1796
Arabica@bpp=0.075.png,TLIC@bpp=0.075.png,,0,B,1796
ED@bpp=0.15.png,NJUeers@bpp=0.075.png,,0,A,1796
CoolChic@bpp=0.15.png,vtm22.2_intra@bpp=0.075.png,,0,A,1796
vtm22.2_intra@bpp=0.075.png,vtm22.2_intra@bpp=0.3.png,true,1,B,1734
reference.png,vtm22.2_intra@bpp=0.3.png,true,1,A,1734
HIT_AIIA@bpp=0.3.png,HIT_AIIA@bpp=0.075.png,,0,A,1734
vtm22.2_intra@bpp=0.15.png,codecrookie@bpp=0.3.png,,0,A,1734
NJUeers@bpp=0.15.png,CoolChic@bpp=0.075.png,,0,A,1734
NJUeers@bpp=0.075.png,vtm22.2_intra@bpp=0.075.png,,0,B,1734
ED@bpp=0.15.png,HIT_AIIA@bpp=0.3.png,,0,B,1734
NJUeers@bpp=0.15.png,ED@bpp=0.3.png,,0,B,1734
codecrookie@bpp=0.075.png,ED@bpp=0.3.png,,0,B,1734
HIT_AIIA@bpp=0.3.png,NJUeers@bpp=0.15.png,,0,A,1734
TLIC@bpp=0.3.png,NJUeers@bpp=0.15.png,,0,A,1734
codecrookie@bpp=0.3.png,codecrookie@bpp=0.075.png,,0,A,1734
Arabica@bpp=0.15.png,hm17.0_intra@bpp=0.15.png,,0,A,1734
TLIC@bpp=0.075.png,TLIC@bpp=0.3.png,,0,B,1734
HIT_AIIA@bpp=0.3.png,Arabica@bpp=0.3.png,,0,B,1734
ED@bpp=0.15.png,CoolChic@bpp=0.3.png,,0,B,1734
codecrookie@bpp=0.15.png,hm17.0_intra@bpp=0.3.png,,0,B,1734
HIT_AIIA@bpp=0.3.png,hm17.0_intra@bpp=0.3.png,,0,A,1734
NJUeers@bpp=0.3.png,ED@bpp=0.15.png,,0,A,1734
CoolChic@bpp=0.3.png,Arabica@bpp=0.3.png,,0,B,1734
Arabica@bpp=0.15.png,Arabica@bpp=0.3.png,,0,B,1734
TLIC@bpp=0.3.png,TLIC@bpp=0.15.png,,0,A,1734
CoolChic@bpp=0.3.png,hm17.0_intra@bpp=0.3.png,,0,B,1734
codecrookie@bpp=0.075.png,ED@bpp=0.075.png,,0,A,1734
CoolChic@bpp=0.3.png,codecrookie@bpp=0.075.png,,0,A,1734
HIT_AIIA@bpp=0.15.png,TLIC@bpp=0.075.png,,0,A,1734
TLIC@bpp=0.15.png,TLIC@bpp=0.3.png,,0,B,1734
HIT_AIIA@bpp=0.3.png,TLIC@bpp=0.15.png,,0,A,1734
ED@bpp=0.3.png,CoolChic@bpp=0.075.png,,0,A,1734
NJUeers@bpp=0.3.png,reference.png,,0,B,1734
codecrookie@bpp=0.3.png,hm17.0_intra@bpp=0.075.png,,0,A,1734
NJUeers@bpp=0.075.png,HIT_AIIA@bpp=0.075.png,,0,B,1734
HIT_AIIA@bpp=0.075.png,codecrookie@bpp=0.15.png,,0,B,1734
HIT_AIIA@bpp=0.3.png,codecrookie@bpp=0.15.png,,0,A,1734
vtm22.2_intra@bpp=0.3.png,reference.png,true,1,A,1985
vtm22.2_intra@bpp=0.3.png,vtm22.2_intra@bpp=0.075.png,true,1,A,1985
ED@bpp=0.3.png,codecrookie@bpp=0.3.png,,0,A,1985
CoolChic@bpp=0.3.png,NJUeers@bpp=0.3.png,,0,A,1985
vtm22.2_intra@bpp=0.3.png,hm17.0_intra@bpp=0.3.png,,0,A,1985
TLIC@bpp=0.15.png,codecrookie@bpp=0.15.png,,0,B,1985
HIT_AIIA@bpp=0.15.png,codecrookie@bpp=0.3.png,,0,A,1985
vtm22.2_intra@bpp=0.3.png,TLIC@bpp=0.3.png,,0,B,1985
Arabica@bpp=0.3.png,HIT_AIIA@bpp=0.15.png,,0,A,1985
vtm22.2_intra@bpp=0.075.png,TLIC@bpp=0.075.png,,0,B,1985
Arabica@bpp=0.15.png,Arabica@bpp=0.075.png,,0,A,1985
vtm22.2_intra@bpp=0.075.png,Arabica@bpp=0.15.png,,0,B,1985
TLIC@bpp=0.075.png,NJUeers@bpp=0.075.png,,0,A,1985
Arabica@bpp=0.075.png,TLIC@bpp=0.3.png,,0,B,1985
NJUeers@bpp=0.3.png,TLIC@bpp=0.075.png,,0,B,1985
TLIC@bpp=0.15.png,codecrookie@bpp=0.15.png,,0,A,1985
ED@bpp=0.075.png,vtm22.2_intra@bpp=0.15.png,,0,B,1985
vtm22.2_intra@bpp=0.075.png,CoolChic@bpp=0.3.png,,0,B,1985
codecrookie@bpp=0.3.png,ED@bpp=0.075.png,,0,A,1985
ED@bpp=0.075.png,Arabica@bpp=0.15.png,,0,B,1985
TLIC@bpp=0.3.png,HIT_AIIA@bpp=0.075.png,,0,A,1985
codecrookie@bpp=0.075.png,TLIC@bpp=0.075.png,,0,B,1985
codecrookie@bpp=0.15.png,CoolChic@bpp=0.075.png,,0,A,1985
hm17.0_intra@bpp=0.15.png,Arabica@bpp=0.3.png,,0,B,1985
NJUeers@bpp=0.075.png,CoolChic@bpp=0.3.png,,0,B,1985
codecrookie@bpp=0.075.png,CoolChic@bpp=0.15.png,,0,B,1985
hm17.0_intra@bpp=0.075.png,hm17.0_intra@bpp=0.15.png,,0,B,1985
codecrookie@bpp=0.075.png,vtm22.2_intra@bpp=0.3.png,,0,B,1985
ED@bpp=0.15.png,ED@bpp=0.075.png,,0,A,1985
vtm22.2_intra@bpp=0.075.png,Arabica@bpp=0.15.png,,0,B,1985
vtm22.2_intra@bpp=0.075.png,HIT_AIIA@bpp=0.075.png,,0,A,1985
codecrookie@bpp=0.15.png,NJUeers@bpp=0.15.png,,0,B,1985
Arabica@bpp=0.075.png,NJUeers@bpp=0.3.png,,0,B,1985
vtm22.2_intra@bpp=0.15.png,Arabica@bpp=0.15.png,,0,B,1985
vtm22.2_intra@bpp=0.075.png,reference.png,true,1,B,1937
vtm22.2_intra@bpp=0.3.png,reference.png,true,1,B,1937
vtm22.2_intra@bpp=0.15.png,vtm22.2_intra@bpp=0.3.png,,0,B,1937
ED@bpp=0.15.png,Arabica@bpp=0.075.png,,0,B,1937
codecrookie@bpp=0.075.png,HIT_AIIA@bpp=0.075.png,,0,B,1937
TLIC@bpp=0.075.png,vtm22.2_intra@bpp=0.15.png,,0,B,1937
ED@bpp=0.15.png,NJUeers@bpp=0.3.png,,0,A,1937
TLIC@bpp=0.15.png,ED@bpp=0.15.png,,0,A,1937
Arabica@bpp=0.3.png,Arabica@bpp=0.075.png,,0,A,1937
ED@bpp=0.075.png,NJUeers@bpp=0.075.png,,0,A,1937
codecrookie@bpp=0.15.png,CoolChic@bpp=0.15.png,,0,B,1937
Arabica@bpp=0.15.png,CoolChic@bpp=0.3.png,,0,B,1937
hm17.0_intra@bpp=0.075.png,vtm22.2_intra@bpp=0.075.png,,0,B,1937
HIT_AIIA@bpp=0.075.png,reference.png,,0,B,1937
vtm22.2_intra@bpp=0.15.png,CoolChic@bpp=0.3.png,,0,B,1937
Arabica@bpp=0.15.png,reference.png,,0,B,1937
ED@bpp=0.3.png,HIT_AIIA@bpp=0.3.png,,0,B,1937
TLIC@bpp=0.3.png,TLIC@bpp=0.075.png,,0,A,1937
NJUeers@bpp=0.075.png,HIT_AIIA@bpp=0.075.png,,0,B,1937
codecrookie@bpp=0.075.png,ED@bpp=0.3.png,,0,B,1937
NJUeers@bpp=0.075.png,codecrookie@bpp=0.075.png,,0,B,1937
codecrookie@bpp=0.3.png,HIT_AIIA@bpp=0.075.png,,0,A,1937
ED@bpp=0.15.png,Arabica@bpp=0.075.png,,0,A,1937
HIT_AIIA@bpp=0.075.png,CoolChic@bpp=0.3.png,,0,B,1937
hm17.0_intra@bpp=0.3.png,Arabica@bpp=0.075.png,,0,A,1937
vtm22.2_intra@bpp=0.15.png,HIT_AIIA@bpp=0.075.png,,0,B,1937
HIT_AIIA@bpp=0.075.png,ED@bpp=0.15.png,,0,B,1937
ED@bpp=0.075.png,vtm22.2_intra@bpp=0.3.png,,0,B,1937
TLIC@bpp=0.3.png,vtm22.2_intra@bpp=0.075.png,,0,A,1937
NJUeers@bpp=0.3.png,Arabica@bpp=0.3.png,,0,B,1937
NJUeers@bpp=0.075.png,Arabica@bpp=0.075.png,,0,B,1937
reference.png,NJUeers@bpp=0.075.png,,0,A,1937
hm17.0_intra@bpp=0.075.png,vtm22.2_intra@bpp=0.3.png,,0,B,1937
CoolChic@bpp=0.15.png,codecrookie@bpp=0.075.png,,0,A,1937
reference.png,vtm22.2_intra@bpp=0.075.png,true,1,A,1712
vtm22.2_intra@bpp=0.075.png,vtm22.2_intra@bpp=0.3.png,true,1,B,1712
NJUeers@bpp=0.3.png,TLIC@bpp=0.15.png,,0,B,1712
vtm22.2_intra@bpp=0.075.png,reference.png,,0,B,1712
NJUeers@bpp=0.15.png,vtm22.2_intra@bpp=0.075.png,,0,A,1712
vtm22.2_intra@bpp=0.3.png,codecrookie@bpp=0.3.png,,0,B,1712
vtm22.2_intra@bpp=0.075.png,vtm22.2_intra@bpp=0.3.png,,0,B,1712
reference.png,NJUeers@bpp=0.3.png,,0,A,1712
CoolChic@bpp=0.075.png,CoolChic@bpp=0.3.png,,0,B,1712
NJUeers@bpp=0.3.png,codecrookie@bpp=0.15.png,,0,B,1712
NJUeers@bpp=0.075.png,ED@bpp=0.075.png,,0,B,1712
TLIC@bpp=0.15.png,HIT_AIIA@bpp=0.3.png,,0,A,1712
hm17.0_intra@bpp=0.075.png,CoolChic@bpp=0.075.png,,0,A,1712
vtm22.2_intra@bpp=0.075.png,TLIC@bpp=0.075.png,,0,B,1712
ED@bpp=0.15.png,HIT_AIIA@bpp=0.3.png,,0,B,1712
HIT_AIIA@bpp=0.15.png,Arabica@bpp=0.3.png,,0,B,1712
HIT_AIIA@bpp=0.3.png,TLIC@bpp=0.15.png,,0,A,1712
CoolChic@bpp=0.3.png,TLIC@bpp=0.3.png,,0,A,1712
vtm22.2_intra@bpp=0.3.png,NJUeers@bpp=0.075.png,,0,A,1712
reference.png,Arabica@bpp=0.15.png,,0,A,1712
Arabica@bpp=0.15.png,hm17.0_intra@bpp=0.3.png,,0,A,1712
vtm22.2_intra@bpp=0.15.png,hm17.0_intra@bpp=0.15.png,,0,B,1712
vtm22.2_intra@bpp=0.3.png,HIT_AIIA@bpp=0.075.png,,0,A,1712
Arabica@bpp=0.3.png,TLIC@bpp=0.3.png,,0,B,1712
hm17.0_intra@bpp=0.3.png,Arabica@bpp=0.15.png,,0,A,1712
Arabica@bpp=0.15.png,hm17.0_intra@bpp=0.3.png,,0,A,1712
codecrookie@bpp=0.075.png,vtm22.2_intra@bpp=0.3.png,,0,A,1712
codecrookie@bpp=0.15.png,hm17.0_intra@bpp=0.15.png,,0,B,1712
codecrookie@bpp=0.075.png,Arabica@bpp=0.15.png,,0,B,1712
vtm22.2_intra@bpp=0.15.png,Arabica@bpp=0.075.png,,0,A,1712
ED@bpp=0.3.png,vtm22.2_intra@bpp=0.075.png,,0,A,1712
vtm22.2_intra@bpp=0.3.png,HIT_AIIA@bpp=0.075.png,,0,A,1712
codecrookie@bpp=0.075.png,NJUeers@bpp=0.075.png,,0,A,1712
hm17.0_intra@bpp=0.15.png,reference.png,,0,B,1712
vtm22.2_intra@bpp=0.075.png,reference.png,true,1,B,1733
vtm22.2_intra@bpp=0.3.png,vtm22.2_intra@bpp=0.075.png,true,1,A,1733
codecrookie@bpp=0.3.png,ED@bpp=0.15.png,,0,A,1733
codecrookie@bpp=0.075.png,HIT_AIIA@bpp=0.075.png,,0,B,1733
Arabica@bpp=0.3.png,CoolChic@bpp=0.15.png,,0,A,1733
ED@bpp=0.15.png,ED@bpp=0.3.png,,0,B,1733
TLIC@bpp=0.15.png,TLIC@bpp=0.075.png,,0,A,1733
hm17.0_intra@bpp=0.3.png,HIT_AIIA@bpp=0.075.png,,0,A,1733
vtm22.2_intra@bpp=0.075.png,CoolChic@bpp=0.3.png,,0,B,1733
ED@bpp=0.3.png,NJUeers@bpp=0.15.png,,0,A,1733
Arabica@bpp=0.075.png,vtm22.2_intra@bpp=0.3.png,,0,B,1733
Arabica@bpp=0.15.png,hm17.0_intra@bpp=0.3.png,,0,A,1733
HIT_AIIA@bpp=0.075.png,reference.png,,0,B,1733
hm17.0_intra@bpp=0.15.png,Arabica@bpp=0.15.png,,0,B,1733
hm17.0_intra@bpp=0.075.png,NJUeers@bpp=0.15.png,,0,B,1733
HIT_AIIA@bpp=0.3.png,TLIC@bpp=0.15.png,,0,A,1733
CoolChic@bpp=0.075.png,codecrookie@bpp=0.3.png,,0,B,1733
TLIC@bpp=0.15.png,ED@bpp=0.075.png,,0,A,1733
hm17.0_intra@bpp=0.15.png,CoolChic@bpp=0.3.png,,0,B,1733
ED@bpp=0.3.png,HIT_AIIA@bpp=0.3.png,,0,B,1733
ED@bpp=0.15.png,TLIC@bpp=0.075.png,,0,A,1733
codecrookie@bpp=0.3.png,TLIC@bpp=0.3.png,,0,B,1733
CoolChic@bpp=0.15.png,ED@bpp=0.3.png,,0,B,1733
hm17.0_intra@bpp=0.3.png,Arabica@bpp=0.15.png,,0,B,1733
hm17.0_intra@bpp=0.3.png,NJUeers@bpp=0.075.png,,0,A,1733
HIT_AIIA@bpp=0.075.png,vtm22.2_intra@bpp=0.075.png,,0,A,1733
Arabica@bpp=0.3.png,HIT_AIIA@bpp=0.15.png,,0,A,1733
CoolChic@bpp=0.3.png,vtm22.2_intra@bpp=0.15.png,,0,A,1733
Arabica@bpp=0.075.png,codecrookie@bpp=0.075.png,,0,B,1733
CoolChic@bpp=0.075.png,ED@bpp=0.15.png,,0,B,1733
NJUeers@bpp=0.15.png,ED@bpp=0.15.png,,0,B,1733
NJUeers@bpp=0.3.png,TLIC@bpp=0.075.png,,0,B,1733
CoolChic@bpp=0.3.png,NJUeers@bpp=0.15.png,,0,A,1733
HIT_AIIA@bpp=0.3.png,codecrookie@bpp=0.075.png,,0,A,1733
reference.png,vtm22.2_intra@bpp=0.3.png,true,1,A,1744
reference.png,vtm22.2_intra@bpp=0.075.png,true,1,A,1744
reference.png,HIT_AIIA@bpp=0.075.png,,0,A,1744
NJUeers@bpp=0.15.png,Arabica@bpp=0.15.png,,0,B,1744
ED@bpp=0.3.png,TLIC@bpp=0.3.png,,0,A,1744
NJUeers@bpp=0.075.png,NJUeers@bpp=0.3.png,,0,B,1744
hm17.0_intra@bpp=0.3.png,codecrookie@bpp=0.075.png,,0,A,1744
NJUeers@bpp=0.3.png,Arabica@bpp=0.075.png,,0,B,1744
hm17.0_intra@bpp=0.075.png,codecrookie@bpp=0.075.png,,0,B,1744
Arabica@bpp=0.3.png,codecrookie@bpp=0.3.png,,0,A,1744
hm17.0_intra@bpp=0.075.png,CoolChic@bpp=0.3.png,,0,B,1744
CoolChic@bpp=0.3.png,hm17.0_intra@bpp=0.3.png,,0,A,1744
NJUeers@bpp=0.3.png,Arabica@bpp=0.075.png,,0,B,1744
NJUeers@bpp=0.15.png,hm17.0_intra@bpp=0.3.png,,0,B,1744
Arabica@bpp=0.075.png,CoolChic@bpp=0.15.png,,0,A,1744
codecrookie@bpp=0.3.png,ED@bpp=0.3.png,,0,B,1744
TLIC@bpp=0.15.png,ED@bpp=0.15.png,,0,A,1744
CoolChic@bpp=0.15.png,codecrookie@bpp=0.3.png,,0,B,1744
TLIC@bpp=0.15.png,NJUeers@bpp=0.3.png,,0,B,1744
vtm22.2_intra@bpp=0.3.png,codecrookie@bpp=0.3.png,,0,B,1744
NJUeers@bpp=0.075.png,HIT_AIIA@bpp=0.3.png,,0,B,1744
vtm22.2_intra@bpp=0.15.png,HIT_AIIA@bpp=0.075.png,,0,B,1744
NJUeers@bpp=0.3.png,Arabica@bpp=0.075.png,,0,A,1744
ED@bpp=0.3.png,hm17.0_intra@bpp=0.3.png,,0,A,1744
CoolChic@bpp=0.3.png,Arabica@bpp=0.15.png,,0,A,1744
ED@bpp=0.3.png,Arabica@bpp=0.15.png,,0,B,1744
TLIC@bpp=0.075.png,HIT_AIIA@bpp=0.075.png,,0,B,1744
codecrookie@bpp=0.3.png,NJUeers@bpp=0.075.png,,0,A,1744
ED@bpp=0.075.png,vtm22.2_intra@bpp=0.15.png,,0,B,1744
NJUeers@bpp=0.075.png,CoolChic@bpp=0.075.png,,0,A,1744
codecrookie@bpp=0.075.png,CoolChic@bpp=0.15.png,,0,B,1744
HIT_AIIA@bpp=0.3.png,Arabica@bpp=0.3.png,,0,A,1744
CoolChic@bpp=0.3.png,Arabica@bpp=0.075.png,,0,A,1744
vtm22.2_intra@bpp=0.075.png,codecrookie@bpp=0.075.png,,0,B,1744
vtm22.2_intra@bpp=0.3.png,vtm22.2_intra@bpp=0.075.png,true,1,A,1884
vtm22.2_intra@bpp=0.3.png,vtm22.2_intra@bpp=0.075.png,true,1,A,1884
TLIC@bpp=0.075.png,ED@bpp=0.3.png,,0,B,1884
ED@bpp=0.15.png,codecrookie@bpp=0.075.png,,0,B,1884
vtm22.2_intra@bpp=0.15.png,NJUeers@bpp=0.3.png,,0,A,1884
Arabica@bpp=0.075.png,TLIC@bpp=0.15.png,,0,B,1884
codecrookie@bpp=0.075.png,TLIC@bpp=0.15.png,,0,B,1884
CoolChic@bpp=0.075.png,codecrookie@bpp=0.15.png,,0,B,1884
HIT_AIIA@bpp=0.075.png,hm17.0_intra@bpp=0.15.png,,0,A,1884
HIT_AIIA@bpp=0.075.png,codecrookie@bpp=0.075.png,,0,B,1884
reference.png,codecrookie@bpp=0.075.png,,0,A,1884
reference.png,ED@bpp=0.3.png,,0,B,1884
NJUeers@bpp=0.075.png,HIT_AIIA@bpp=0.3.png,,0,B,1884
CoolChic@bpp=0.075.png,reference.png,,0,B,1884
CoolChic@bpp=0.15.png,HIT_AIIA@bpp=0.15.png,,0,B,1884
codecrookie@bpp=0.075.png,vtm22.2_intra@bpp=0.15.png,,0,B,1884
vtm22.2_intra@bpp=0.15.png,NJUeers@bpp=0.15.png,,0,A,1884
Arabica@bpp=0.075.png,vtm22.2_intra@bpp=0.3.png,,0,B,1884
CoolChic@bpp=0.075.png,vtm22.2_intra@bpp=0.075.png,,0,B,1884
TLIC@bpp=0.075.png,CoolChic@bpp=0.075.png,,0,A,1884
vtm22.2_intra@bpp=0.075.png,HIT_AIIA@bpp=0.075.png,,0,B,1884
NJUeers@bpp=0.075.png,TLIC@bpp=0.075.png,,0,B,1884
ED@bpp=0.15.png,codecrookie@bpp=0.15.png,,0,B,1884
codecrookie@bpp=0.075.png,vtm22.2_intra@bpp=0.15.png,,0,B,1884
NJUeers@bpp=0.3.png,CoolChic@bpp=0.3.png,,0,A,1884
ED@bpp=0.3.png,vtm22.2_intra@bpp=0.15.png,,0,B,1884
CoolChic@bpp=0.075.png,HIT_AIIA@bpp=0.15.png,,0,B,1884
ED@bpp=0.075.png,HIT_AIIA@bpp=0.15.png,,0,B,1884
codecrookie@bpp=0.15.png,NJUeers@bpp=0.3.png,,0,A,1884
reference.png,NJUeers@bpp=0.3.png,,0,A,1884
Arabica@bpp=0.075.png,NJUeers@bpp=0.3.png,,0,B,1884
Arabica@bpp=0.3.png,TLIC@bpp=0.15.png,,0,B,1884
Arabica@bpp=0.075.png,Arabica@bpp=0.3.png,,0,B,1884
CoolChic@bpp=0.075.png,ED@bpp=0.075.png,,0,B,1884
vtm22.2_intra@bpp=0.075.png,vtm22.2_intra@bpp=0.3.png,true,1,B,1762
vtm22.2_intra@bpp=0.075.png,reference.png,true,1,B,1762
Arabica@bpp=0.15.png,vtm22.2_intra@bpp=0.3.png,,0,B,1762
CoolChic@bpp=0.3.png,TLIC@bpp=0.15.png,,0,A,1762
codecrookie@bpp=0.3.png,NJUeers@bpp=0.075.png,,0,A,1762
hm17.0_intra@bpp=0.075.png,TLIC@bpp=0.075.png,,0,B,1762
codecrookie@bpp=0.3.png,vtm22.2_intra@bpp=0.15.png,,0,A,1762
HIT_AIIA@bpp=0.3.png,codecrookie@bpp=0.075.png,,0,A,1762
HIT_AIIA@bpp=0.15.png,NJUeers@bpp=0.075.png,,0,A,1762
Arabica@bpp=0.15.png,hm17.0_intra@bpp=0.075.png,,0,A,1762
Arabica@bpp=0.075.png,HIT_AIIA@bpp=0.15.png,,0,B,1762
vtm22.2_intra@bpp=0.3.png,reference.png,,0,B,1762
Arabica@bpp=0.3.png,Arabica@bpp=0.075.png,,0,A,1762
NJUeers@bpp=0.3.png,hm17.0_intra@bpp=0.15.png,,0,A,1762
hm17.0_intra@bpp=0.075.png,vtm22.2_intra@bpp=0.075.png,,0,B,1762
TLIC@bpp=0.3.png,hm17.0_intra@bpp=0.15.png,,0,A,1762
NJUeers@bpp=0.15.png,codecrookie@bpp=0.15.png,,0,B,1762
vtm22.2_intra@bpp=0.3.png,codecrookie@bpp=0.075.png,,0,A,1762
TLIC@bpp=0.15.png,NJUeers@bpp=0.075.png,,0,A,1762
hm17.0_intra@bpp=0.3.png,vtm22.2_intra@bpp=0.3.png,,0,A,1762
Arabica@bpp=0.15.png,vtm22.2_intra@bpp=0.3.png,,0,B,1762
hm17.0_intra@bpp=0.15.png,vtm22.2_intra@bpp=0.3.png,,0,B,1762
Arabica@bpp=0.3.png,CoolChic@bpp=0.075.png,,0,A,1762
HIT_AIIA@bpp=0.3.png,hm17.0_intra@bpp=0.3.png,,0,A,1762
vtm22.2_intra@bpp=0.3.png,hm17.0_intra@bpp=0.15.png,,0,A,1762
TLIC@bpp=0.3.png,CoolChic@bpp=0.075.png,,0,A,1762
reference.png,HIT_AIIA@bpp=0.15.png,,0,A,1762
vtm22.2_intra@bpp=0.3.png,Arabica@bpp=0.15.png,,0,B,1762
codecrookie@bpp=0.075.png,NJUeers@bpp=0.15.png,,0,B,1762
vtm22.2_intra@bpp=0.3.png,Arabica@bpp=0.3.png,,0,A,1762
codecrookie@bpp=0.15.png,HIT_AIIA@bpp=0.075.png,,0,A,1762
Arabica@bpp=0.075.png,TLIC@bpp=0.3.png,,0,B,1762
HIT_AIIA@bpp=0.075.png,CoolChic@bpp=0.15.png,,0,A,1762
reference.png,HIT_AIIA@bpp=0.3.png,,0,B,1762
vtm22.2_intra@bpp=0.3.png,reference.png,true,1,A,2266
vtm22.2_intra@bpp=0.075.png,vtm22.2_intra@bpp=0.3.png,true,1,B,2266
reference.png,vtm22.2_intra@bpp=0.3.png,true,1,A,1483
vtm22.2_intra@bpp=0.075.png,reference.png,true,1,B,1483
reference.png,vtm22.2_intra@bpp=0.3.png,true,1,A,2269
vtm22.2_intra@bpp=0.3.png,reference.png,true,1,B,2269
vtm22.2_intra@bpp=0.075.png,vtm22.2_intra@bpp=0.3.png,true,1,B,2271
vtm22.2_intra@bpp=0.075.png,reference.png,true,1,A,2271
vtm22.2_intra@bpp=0.075.png,reference.png,true,1,B,2276
reference.png,vtm22.2_intra@bpp=0.075.png,true,1,A,2276
reference.png,vtm22.2_intra@bpp=0.3.png,true,1,A,1667
vtm22.2_intra@bpp=0.075.png,vtm22.2_intra@bpp=0.3.png,true,1,A,1667
CoolChic@bpp=0.15.png,CoolChic@bpp=0.3.png,,0,A,1483
codecrookie@bpp=0.075.png,ED@bpp=0.15.png,,0,A,1483
ED@bpp=0.075.png,ED@bpp=0.15.png,,0,A,1483
HIT_AIIA@bpp=0.075.png,Arabica@bpp=0.075.png,,0,A,1483
Arabica@bpp=0.075.png,NJUeers@bpp=0.3.png,,0,A,1483
TLIC@bpp=0.075.png,HIT_AIIA@bpp=0.075.png,,0,A,1483
vtm22.2_intra@bpp=0.075.png,vtm22.2_intra@bpp=0.3.png,,0,B,1483
TLIC@bpp=0.15.png,ED@bpp=0.15.png,,0,B,1483
Arabica@bpp=0.075.png,vtm22.2_intra@bpp=0.3.png,,0,A,1483
ED@bpp=0.15.png,TLIC@bpp=0.15.png,,0,A,1483
codecrookie@bpp=0.075.png,CoolChic@bpp=0.3.png,,0,A,1483
hm17.0_intra@bpp=0.15.png,CoolChic@bpp=0.15.png,,0,B,1483
Arabica@bpp=0.075.png,NJUeers@bpp=0.075.png,,0,A,1483
hm17.0_intra@bpp=0.075.png,Arabica@bpp=0.075.png,,0,A,1483
reference.png,TLIC@bpp=0.3.png,,0,A,1483
TLIC@bpp=0.3.png,CoolChic@bpp=0.15.png,,0,A,1483
codecrookie@bpp=0.15.png,vtm22.2_intra@bpp=0.075.png,,0,A,1483
vtm22.2_intra@bpp=0.075.png,HIT_AIIA@bpp=0.15.png,,0,A,1483
TLIC@bpp=0.075.png,TLIC@bpp=0.15.png,,0,B,1483
ED@bpp=0.15.png,vtm22.2_intra@bpp=0.15.png,,0,A,1483
Arabica@bpp=0.075.png,TLIC@bpp=0.3.png,,0,A,1483
Arabica@bpp=0.075.png,hm17.0_intra@bpp=0.3.png,,0,A,1483
HIT_AIIA@bpp=0.075.png,NJUeers@bpp=0.15.png,,0,A,1483
TLIC@bpp=0.075.png,hm17.0_intra@bpp=0.075.png,,0,A,1483
ED@bpp=0.15.png,CoolChic@bpp=0.3.png,,0,B,1483
vtm22.2_intra@bpp=0.15.png,TLIC@bpp=0.15.png,,0,A,1483
reference.png,hm17.0_intra@bpp=0.15.png,,0,A,1483
Arabica@bpp=0.075.png,vtm22.2_intra@bpp=0.3.png,,0,B,1483
TLIC@bpp=0.075.png,vtm22.2_intra@bpp=0.15.png,,0,A,1483
Arabica@bpp=0.3.png,hm17.0_intra@bpp=0.3.png,,0,A,1483
Arabica@bpp=0.075.png,ED@bpp=0.3.png,,0,A,1483
ED@bpp=0.15.png,HIT_AIIA@bpp=0.15.png,,0,A,1483
CoolChic@bpp=0.3.png,vtm22.2_intra@bpp=0.3.png,,0,B,2269
ED@bpp=0.3.png,Arabica@bpp=0.075.png,,0,A,2269
HIT_AIIA@bpp=0.15.png,reference.png,,0,B,2269
CoolChic@bpp=0.075.png,CoolChic@bpp=0.3.png,,0,B,2269
codecrookie@bpp=0.075.png,Arabica@bpp=0.3.png,,0,B,2269
CoolChic@bpp=0.075.png,Arabica@bpp=0.3.png,,0,B,2269
codecrookie@bpp=0.3.png,codecrookie@bpp=0.15.png,,0,A,2269
hm17.0_intra@bpp=0.075.png,Arabica@bpp=0.15.png,,0,B,2269
TLIC@bpp=0.075.png,HIT_AIIA@bpp=0.15.png,,0,B,2269
Arabica@bpp=0.15.png,CoolChic@bpp=0.15.png,,0,A,2269
ED@bpp=0.3.png,codecrookie@bpp=0.15.png,,0,A,2269
NJUeers@bpp=0.15.png,vtm22.2_intra@bpp=0.15.png,,0,B,2269
codecrookie@bpp=0.15.png,TLIC@bpp=0.3.png,,0,B,2269
CoolChic@bpp=0.075.png,hm17.0_intra@bpp=0.15.png,,0,B,2269
ED@bpp=0.15.png,vtm22.2_intra@bpp=0.075.png,,0,A,2269
HIT_AIIA@bpp=0.075.png,hm17.0_intra@bpp=0.3.png,,0,A,2269
NJUeers@bpp=0.15.png,TLIC@bpp=0.075.png,,0,A,2269
hm17.0_intra@bpp=0.075.png,hm17.0_intra@bpp=0.3.png,,0,B,2269
Arabica@bpp=0.15.png,TLIC@bpp=0.3.png,,0,B,2269
NJUeers@bpp=0.3.png,HIT_AIIA@bpp=0.3.png,,0,B,2269
HIT_AIIA@bpp=0.3.png,Arabica@bpp=0.3.png,,0,A,2269
codecrookie@bpp=0.15.png,ED@bpp=0.3.png,,0,B,2269
HIT_AIIA@bpp=0.15.png,codecrookie@bpp=0.15.png,,0,A,2269
CoolChic@bpp=0.15.png,CoolChic@bpp=0.3.png,,0,B,2269
hm17.0_intra@bpp=0.3.png,TLIC@bpp=0.3.png,,0,B,2269
Arabica@bpp=0.3.png,vtm22.2_intra@bpp=0.15.png,,0,A,2269
NJUeers@bpp=0.3.png,codecrookie@bpp=0.15.png,,0,A,2269
codecrookie@bpp=0.15.png,codecrookie@bpp=0.3.png,,0,B,2269
HIT_AIIA@bpp=0.3.png,vtm22.2_intra@bpp=0.3.png,,0,B,2269
vtm22.2_intra@bpp=0.3.png,Arabica@bpp=0.075.png,,0,A,2269
CoolChic@bpp=0.075.png,HIT_AIIA@bpp=0.15.png,,0,B,2269
Arabica@bpp=0.3.png,NJUeers@bpp=0.075.png,,0,A,2269
vtm22.2_intra@bpp=0.3.png,vtm22.2_intra@bpp=0.075.png,true,1,A,2270
reference.png,vtm22.2_intra@bpp=0.3.png,true,1,A,2270
vtm22.2_intra@bpp=0.3.png,reference.png,true,1,A,2278
vtm22.2_intra@bpp=0.075.png,reference.png,true,1,B,2278
hm17.0_intra@bpp=0.3.png,hm17.0_intra@bpp=0.075.png,,0,A,2276
vtm22.2_intra@bpp=0.15.png,TLIC@bpp=0.15.png,,0,B,2276
CoolChic@bpp=0.3.png,hm17.0_intra@bpp=0.3.png,,0,A,2276
TLIC@bpp=0.15.png,codecrookie@bpp=0.075.png,,0,B,2276
vtm22.2_intra@bpp=0.075.png,codecrookie@bpp=0.3.png,,0,B,2276
Arabica@bpp=0.15.png,codecrookie@bpp=0.15.png,,0,A,2276
Arabica@bpp=0.3.png,codecrookie@bpp=0.075.png,,0,B,2276
HIT_AIIA@bpp=0.3.png,ED@bpp=0.075.png,,0,A,2276
TLIC@bpp=0.075.png,NJUeers@bpp=0.3.png,,0,A,2276
codecrookie@bpp=0.3.png,HIT_AIIA@bpp=0.15.png,,0,A,2276
NJUeers@bpp=0.3.png,ED@bpp=0.3.png,,0,B,2276
ED@bpp=0.15.png,HIT_AIIA@bpp=0.15.png,,0,B,2276
CoolChic@bpp=0.15.png,TLIC@bpp=0.3.png,,0,B,2276
codecrookie@bpp=0.15.png,CoolChic@bpp=0.075.png,,0,A,2276
NJUeers@bpp=0.3.png,ED@bpp=0.3.png,,0,B,2276
hm17.0_intra@bpp=0.3.png,hm17.0_intra@bpp=0.15.png,,0,A,2276
hm17.0_intra@bpp=0.15.png,CoolChic@bpp=0.075.png,,0,A,2276
hm17.0_intra@bpp=0.3.png,CoolChic@bpp=0.15.png,,0,A,2276
CoolChic@bpp=0.15.png,NJUeers@bpp=0.3.png,,0,A,2276
ED@bpp=0.075.png,HIT_AIIA@bpp=0.3.png,,0,B,2276
TLIC@bpp=0.3.png,vtm22.2_intra@bpp=0.075.png,,0,A,2276
CoolChic@bpp=0.3.png,reference.png,,0,B,2276
HIT_AIIA@bpp=0.3.png,NJUeers@bpp=0.15.png,,0,A,2276
HIT_AIIA@bpp=0.15.png,codecrookie@bpp=0.075.png,,0,B,2276
vtm22.2_intra@bpp=0.075.png,Arabica@bpp=0.15.png,,0,B,2276
NJUeers@bpp=0.075.png,TLIC@bpp=0.15.png,,0,B,2276
Arabica@bpp=0.15.png,HIT_AIIA@bpp=0.15.png,,0,A,2276
reference.png,codecrookie@bpp=0.15.png,,0,A,2276
hm17.0_intra@bpp=0.15.png,codecrookie@bpp=0.15.png,,0,A,2276
vtm22.2_intra@bpp=0.075.png,CoolChic@bpp=0.3.png,,0,B,2276
HIT_AIIA@bpp=0.3.png,Arabica@bpp=0.075.png,,0,A,2276
hm17.0_intra@bpp=0.3.png,Arabica@bpp=0.3.png,,0,B,2276
NJUeers@bpp=0.3.png,NJUeers@bpp=0.15.png,,0,A,2271
TLIC@bpp=0.3.png,HIT_AIIA@bpp=0.3.png,,0,B,2271
Arabica@bpp=0.3.png,vtm22.2_intra@bpp=0.3.png,,0,B,2271
NJUeers@bpp=0.075.png,CoolChic@bpp=0.075.png,,0,B,2271
NJUeers@bpp=0.3.png,ED@bpp=0.3.png,,0,B,2271
TLIC@bpp=0.15.png,hm17.0_intra@bpp=0.15.png,,0,A,2271
HIT_AIIA@bpp=0.3.png,codecrookie@bpp=0.15.png,,0,B,2271
CoolChic@bpp=0.15.png,HIT_AIIA@bpp=0.075.png,,0,A,2271
HIT_AIIA@bpp=0.15.png,vtm22.2_intra@bpp=0.3.png,,0,A,2271
TLIC@bpp=0.075.png,Arabica@bpp=0.075.png,,0,B,2271
TLIC@bpp=0.3.png,codecrookie@bpp=0.075.png,,0,A,2271
hm17.0_intra@bpp=0.15.png,ED@bpp=0.075.png,,0,A,2271
ED@bpp=0.3.png,TLIC@bpp=0.3.png,,0,B,2271
codecrookie@bpp=0.3.png,TLIC@bpp=0.15.png,,0,A,2271
HIT_AIIA@bpp=0.075.png,Arabica@bpp=0.15.png,,0,A,2271
NJUeers@bpp=0.15.png,Arabica@bpp=0.15.png,,0,B,2271
NJUeers@bpp=0.075.png,HIT_AIIA@bpp=0.15.png,,0,B,2271
vtm22.2_intra@bpp=0.3.png,hm17.0_intra@bpp=0.075.png,,0,A,2271
Arabica@bpp=0.075.png,vtm22.2_intra@bpp=0.075.png,,0,A,2271
ED@bpp=0.3.png,vtm22.2_intra@bpp=0.3.png,,0,A,2271
codecrookie@bpp=0.3.png,HIT_AIIA@bpp=0.3.png,,0,B,2271
ED@bpp=0.3.png,Arabica@bpp=0.075.png,,0,B,2271
codecrookie@bpp=0.3.png,NJUeers@bpp=0.3.png,,0,A,2271
CoolChic@bpp=0.15.png,codecrookie@bpp=0.3.png,,0,B,2271
HIT_AIIA@bpp=0.15.png,Arabica@bpp=0.075.png,,0,A,2271
HIT_AIIA@bpp=0.15.png,vtm22.2_intra@bpp=0.3.png,,0,B,2271
Arabica@bpp=0.15.png,CoolChic@bpp=0.3.png,,0,A,2271
reference.png,CoolChic@bpp=0.075.png,,0,A,2271
vtm22.2_intra@bpp=0.075.png,HIT_AIIA@bpp=0.075.png,,0,A,2271
ED@bpp=0.075.png,TLIC@bpp=0.3.png,,0,B,2271
codecrookie@bpp=0.15.png,vtm22.2_intra@bpp=0.3.png,,0,B,2271
NJUeers@bpp=0.3.png,codecrookie@bpp=0.075.png,,0,A,2271
vtm22.2_intra@bpp=0.075.png,reference.png,true,1,B,2282
reference.png,vtm22.2_intra@bpp=0.075.png,true,1,A,2282
ED@bpp=0.075.png,codecrookie@bpp=0.3.png,,0,B,2266
CoolChic@bpp=0.075.png,HIT_AIIA@bpp=0.15.png,,0,B,2266
HIT_AIIA@bpp=0.15.png,hm17.0_intra@bpp=0.3.png,,0,A,2266
CoolChic@bpp=0.3.png,hm17.0_intra@bpp=0.075.png,,0,A,2266
hm17.0_intra@bpp=0.3.png,hm17.0_intra@bpp=0.15.png,,0,A,2266
vtm22.2_intra@bpp=0.3.png,CoolChic@bpp=0.075.png,,0,A,2266
HIT_AIIA@bpp=0.075.png,hm17.0_intra@bpp=0.3.png,,0,B,2266
ED@bpp=0.075.png,codecrookie@bpp=0.3.png,,0,B,2266
hm17.0_intra@bpp=0.075.png,vtm22.2_intra@bpp=0.3.png,,0,B,2266
ED@bpp=0.3.png,NJUeers@bpp=0.15.png,,0,A,2266
hm17.0_intra@bpp=0.075.png,hm17.0_intra@bpp=0.15.png,,0,B,2266
HIT_AIIA@bpp=0.075.png,vtm22.2_intra@bpp=0.075.png,,0,A,2266
Arabica@bpp=0.075.png,codecrookie@bpp=0.075.png,,0,A,2266
Arabica@bpp=0.15.png,hm17.0_intra@bpp=0.3.png,,0,B,2266
ED@bpp=0.075.png,hm17.0_intra@bpp=0.3.png,,0,B,2266
NJUeers@bpp=0.075.png,CoolChic@bpp=0.15.png,,0,B,2266
TLIC@bpp=0.15.png,ED@bpp=0.075.png,,0,A,2266
hm17.0_intra@bpp=0.075.png,ED@bpp=0.3.png,,0,B,2266
ED@bpp=0.3.png,ED@bpp=0.15.png,,0,A,2266
Arabica@bpp=0.3.png,hm17.0_intra@bpp=0.3.png,,0,A,2266
HIT_AIIA@bpp=0.3.png,HIT_AIIA@bpp=0.075.png,,0,A,2266
ED@bpp=0.075.png,CoolChic@bpp=0.075.png,,0,A,2266
reference.png,hm17.0_intra@bpp=0.15.png,,0,B,2266
NJUeers@bpp=0.075.png,CoolChic@bpp=0.075.png,,0,A,2266
Arabica@bpp=0.3.png,CoolChic@bpp=0.3.png,,0,B,2266
TLIC@bpp=0.15.png,NJUeers@bpp=0.3.png,,0,A,2266
CoolChic@bpp=0.15.png,TLIC@bpp=0.15.png,,0,B,2266
reference.png,Arabica@bpp=0.3.png,,0,A,2266
CoolChic@bpp=0.3.png,NJUeers@bpp=0.075.png,,0,A,2266
ED@bpp=0.3.png,codecrookie@bpp=0.15.png,,0,A,2266
codecrookie@bpp=0.15.png,vtm22.2_intra@bpp=0.3.png,,0,A,2266
hm17.0_intra@bpp=0.075.png,NJUeers@bpp=0.075.png,,0,B,2266
HIT_AIIA@bpp=0.15.png,hm17.0_intra@bpp=0.075.png,,0,A,1667
HIT_AIIA@bpp=0.3.png,NJUeers@bpp=0.15.png,,0,A,1667
codecrookie@bpp=0.3.png,codecrookie@bpp=0.15.png,,0,B,1667
ED@bpp=0.15.png,NJUeers@bpp=0.15.png,,0,A,1667
ED@bpp=0.3.png,TLIC@bpp=0.075.png,,0,A,1667
vtm22.2_intra@bpp=0.075.png,hm17.0_intra@bpp=0.075.png,,0,A,1667
Arabica@bpp=0.3.png,vtm22.2_intra@bpp=0.075.png,,0,A,1667
ED@bpp=0.3.png,Arabica@bpp=0.075.png,,0,A,1667
ED@bpp=0.075.png,TLIC@bpp=0.15.png,,0,A,1667
codecrookie@bpp=0.3.png,hm17.0_intra@bpp=0.075.png,,0,A,1667
ED@bpp=0.3.png,TLIC@bpp=0.075.png,,0,B,1667
Arabica@bpp=0.3.png,Arabica@bpp=0.075.png,,0,A,1667
TLIC@bpp=0.3.png,hm17.0_intra@bpp=0.075.png,,0,A,1667
Arabica@bpp=0.3.png,NJUeers@bpp=0.3.png,,0,A,1667
HIT_AIIA@bpp=0.075.png,Arabica@bpp=0.15.png,,0,B,1667
vtm22.2_intra@bpp=0.15.png,hm17.0_intra@bpp=0.3.png,,0,A,1667
hm17.0_intra@bpp=0.3.png,codecrookie@bpp=0.075.png,,0,A,1667
ED@bpp=0.075.png,vtm22.2_intra@bpp=0.15.png,,0,A,1667
TLIC@bpp=0.3.png,ED@bpp=0.15.png,,0,A,1667
ED@bpp=0.3.png,HIT_AIIA@bpp=0.075.png,,0,A,1667
TLIC@bpp=0.15.png,CoolChic@bpp=0.3.png,,0,B,1667
Arabica@bpp=0.3.png,CoolChic@bpp=0.075.png,,0,A,1667
HIT_AIIA@bpp=0.3.png,vtm22.2_intra@bpp=0.15.png,,0,B,1667
hm17.0_intra@bpp=0.075.png,TLIC@bpp=0.075.png,,0,B,1667
NJUeers@bpp=0.15.png,CoolChic@bpp=0.15.png,,0,B,1667
ED@bpp=0.075.png,TLIC@bpp=0.15.png,,0,B,1667
hm17.0_intra@bpp=0.3.png,codecrookie@bpp=0.15.png,,0,A,1667
hm17.0_intra@bpp=0.15.png,CoolChic@bpp=0.075.png,,0,A,1667
hm17.0_intra@bpp=0.15.png,CoolChic@bpp=0.3.png,,0,B,1667
TLIC@bpp=0.075.png,hm17.0_intra@bpp=0.075.png,,0,A,1667
hm17.0_intra@bpp=0.3.png,codecrookie@bpp=0.075.png,,0,A,1667
HIT_AIIA@bpp=0.15.png,hm17.0_intra@bpp=0.3.png,,0,A,1667
Arabica@bpp=0.15.png,reference.png,,0,B,2282
CoolChic@bpp=0.3.png,vtm22.2_intra@bpp=0.075.png,,0,A,2282
TLIC@bpp=0.075.png,TLIC@bpp=0.15.png,,0,B,2282
reference.png,Arabica@bpp=0.3.png,,0,A,2282
hm17.0_intra@bpp=0.15.png,TLIC@bpp=0.3.png,,0,B,2282
hm17.0_intra@bpp=0.15.png,ED@bpp=0.075.png,,0,A,2282
vtm22.2_intra@bpp=0.15.png,NJUeers@bpp=0.15.png,,0,A,2282
HIT_AIIA@bpp=0.3.png,Arabica@bpp=0.075.png,,0,A,2282
ED@bpp=0.3.png,vtm22.2_intra@bpp=0.075.png,,0,A,2282
reference.png,HIT_AIIA@bpp=0.15.png,,0,A,2282
codecrookie@bpp=0.075.png,reference.png,,0,B,2282
hm17.0_intra@bpp=0.15.png,TLIC@bpp=0.15.png,,0,B,2282
codecrookie@bpp=0.15.png,hm17.0_intra@bpp=0.075.png,,0,A,2282
ED@bpp=0.3.png,codecrookie@bpp=0.075.png,,0,A,2282
CoolChic@bpp=0.075.png,HIT_AIIA@bpp=0.3.png,,0,B,2282
hm17.0_intra@bpp=0.075.png,hm17.0_intra@bpp=0.3.png,,0,B,2282
NJUeers@bpp=0.15.png,HIT_AIIA@bpp=0.3.png,,0,B,2282
CoolChic@bpp=0.3.png,ED@bpp=0.3.png,,0,B,2282
Arabica@bpp=0.075.png,codecrookie@bpp=0.15.png,,0,A,2282
vtm22.2_intra@bpp=0.075.png,NJUeers@bpp=0.3.png,,0,B,2282
HIT_AIIA@bpp=0.3.png,TLIC@bpp=0.15.png,,0,B,2282
vtm22.2_intra@bpp=0.15.png,HIT_AIIA@bpp=0.3.png,,0,B,2282
NJUeers@bpp=0.3.png,vtm22.2_intra@bpp=0.075.png,,0,A,2282
TLIC@bpp=0.15.png,CoolChic@bpp=0.15.png,,0,A,2282
vtm22.2_intra@bpp=0.3.png,ED@bpp=0.15.png,,0,A,2282
codecrookie@bpp=0.15.png,hm17.0_intra@bpp=0.075.png,,0,A,2282
TLIC@bpp=0.15.png,CoolChic@bpp=0.075.png,,0,A,2282
codecrookie@bpp=0.15.png,HIT_AIIA@bpp=0.15.png,,0,B,2282
HIT_AIIA@bpp=0.3.png,CoolChic@bpp=0.3.png,,0,A,2282
CoolChic@bpp=0.15.png,NJUeers@bpp=0.075.png,,0,A,2282
hm17.0_intra@bpp=0.15.png,vtm22.2_intra@bpp=0.075.png,,0,A,2282
HIT_AIIA@bpp=0.3.png,vtm22.2_intra@bpp=0.075.png,,0,A,2282
vtm22.2_intra@bpp=0.075.png,reference.png,true,1,B,2281
vtm22.2_intra@bpp=0.3.png,vtm22.2_intra@bpp=0.075.png,true,1,A,2281
vtm22.2_intra@bpp=0.3.png,vtm22.2_intra@bpp=0.075.png,true,1,A,2295
vtm22.2_intra@bpp=0.3.png,vtm22.2_intra@bpp=0.075.png,true,1,A,2295
vtm22.2_intra@bpp=0.075.png,vtm22.2_intra@bpp=0.3.png,true,1,B,2293
reference.png,vtm22.2_intra@bpp=0.3.png,true,1,A,2293
reference.png,vtm22.2_intra@bpp=0.3.png,true,1,A,2291
reference.png,vtm22.2_intra@bpp=0.3.png,true,1,A,2291
codecrookie@bpp=0.15.png,reference.png,,0,B,2295
CoolChic@bpp=0.15.png,TLIC@bpp=0.075.png,,0,B,2295
TLIC@bpp=0.075.png,HIT_AIIA@bpp=0.15.png,,0,B,2295
vtm22.2_intra@bpp=0.075.png,Arabica@bpp=0.075.png,,0,B,2295
HIT_AIIA@bpp=0.15.png,reference.png,,0,B,2295
HIT_AIIA@bpp=0.075.png,codecrookie@bpp=0.075.png,,0,A,2295
reference.png,vtm22.2_intra@bpp=0.3.png,,0,B,2295
CoolChic@bpp=0.3.png,TLIC@bpp=0.075.png,,0,B,2295
ED@bpp=0.3.png,CoolChic@bpp=0.15.png,,0,A,2295
ED@bpp=0.15.png,NJUeers@bpp=0.3.png,,0,B,2295
Arabica@bpp=0.15.png,TLIC@bpp=0.075.png,,0,A,2295
hm17.0_intra@bpp=0.075.png,ED@bpp=0.15.png,,0,B,2295
codecrookie@bpp=0.15.png,Arabica@bpp=0.3.png,,0,B,2295
codecrookie@bpp=0.15.png,TLIC@bpp=0.075.png,,0,B,2295
NJUeers@bpp=0.3.png,hm17.0_intra@bpp=0.075.png,,0,A,2295
codecrookie@bpp=0.075.png,Arabica@bpp=0.3.png,,0,B,2295
hm17.0_intra@bpp=0.15.png,TLIC@bpp=0.15.png,,0,B,2295
ED@bpp=0.075.png,ED@bpp=0.15.png,,0,B,2295
ED@bpp=0.15.png,Arabica@bpp=0.15.png,,0,B,2295
Arabica@bpp=0.15.png,vtm22.2_intra@bpp=0.15.png,,0,A,2295
hm17.0_intra@bpp=0.15.png,ED@bpp=0.15.png,,0,B,2295
vtm22.2_intra@bpp=0.15.png,ED@bpp=0.15.png,,0,B,2295
CoolChic@bpp=0.15.png,Arabica@bpp=0.15.png,,0,B,2295
ED@bpp=0.3.png,TLIC@bpp=0.15.png,,0,B,2295
TLIC@bpp=0.3.png,CoolChic@bpp=0.075.png,,0,A,2295
ED@bpp=0.075.png,HIT_AIIA@bpp=0.075.png,,0,B,2295
hm17.0_intra@bpp=0.15.png,HIT_AIIA@bpp=0.3.png,,0,B,2295
codecrookie@bpp=0.075.png,TLIC@bpp=0.075.png,,0,B,2295
ED@bpp=0.3.png,HIT_AIIA@bpp=0.075.png,,0,A,2295
ED@bpp=0.15.png,ED@bpp=0.075.png,,0,A,2295
Arabica@bpp=0.3.png,NJUeers@bpp=0.3.png,,0,A,2295
codecrookie@bpp=0.3.png,vtm22.2_intra@bpp=0.15.png,,0,A,2295
CoolChic@bpp=0.15.png,hm17.0_intra@bpp=0.15.png,,0,A,2278
HIT_AIIA@bpp=0.15.png,NJUeers@bpp=0.15.png,,0,A,2278
NJUeers@bpp=0.15.png,codecrookie@bpp=0.075.png,,0,B,2278
ED@bpp=0.15.png,Arabica@bpp=0.3.png,,0,B,2278
Arabica@bpp=0.3.png,vtm22.2_intra@bpp=0.15.png,,0,A,2278
CoolChic@bpp=0.075.png,TLIC@bpp=0.15.png,,0,B,2278
Arabica@bpp=0.15.png,codecrookie@bpp=0.075.png,,0,A,2278
hm17.0_intra@bpp=0.15.png,codecrookie@bpp=0.3.png,,0,B,2278
NJUeers@bpp=0.15.png,vtm22.2_intra@bpp=0.075.png,,0,A,2278
vtm22.2_intra@bpp=0.3.png,HIT_AIIA@bpp=0.075.png,,0,A,2278
NJUeers@bpp=0.075.png,ED@bpp=0.075.png,,0,A,2278
ED@bpp=0.3.png,vtm22.2_intra@bpp=0.075.png,,0,A,2278
hm17.0_intra@bpp=0.075.png,Arabica@bpp=0.075.png,,0,B,2278
NJUeers@bpp=0.075.png,vtm22.2_intra@bpp=0.075.png,,0,B,2278
codecrookie@bpp=0.3.png,reference.png,,0,B,2278
HIT_AIIA@bpp=0.15.png,CoolChic@bpp=0.15.png,,0,A,2278
TLIC@bpp=0.15.png,hm17.0_intra@bpp=0.3.png,,0,A,2278
TLIC@bpp=0.075.png,HIT_AIIA@bpp=0.15.png,,0,B,2278
ED@bpp=0.3.png,NJUeers@bpp=0.3.png,,0,A,2278
hm17.0_intra@bpp=0.3.png,hm17.0_intra@bpp=0.075.png,,0,A,2278
vtm22.2_intra@bpp=0.075.png,vtm22.2_intra@bpp=0.3.png,,0,B,2278
codecrookie@bpp=0.3.png,hm17.0_intra@bpp=0.15.png,,0,A,2278
codecrookie@bpp=0.3.png,CoolChic@bpp=0.075.png,,0,A,2278
reference.png,codecrookie@bpp=0.075.png,,0,B,2278
TLIC@bpp=0.075.png,codecrookie@bpp=0.15.png,,0,A,2278
codecrookie@bpp=0.15.png,reference.png,,0,B,2278
vtm22.2_intra@bpp=0.15.png,TLIC@bpp=0.075.png,,0,A,2278
ED@bpp=0.15.png,ED@bpp=0.3.png,,0,B,2278
CoolChic@bpp=0.3.png,TLIC@bpp=0.075.png,,0,A,2278
vtm22.2_intra@bpp=0.15.png,codecrookie@bpp=0.3.png,,0,B,2278
CoolChic@bpp=0.3.png,ED@bpp=0.15.png,,0,A,2278
CoolChic@bpp=0.075.png,ED@bpp=0.15.png,,0,B,2278
TLIC@bpp=0.075.png,CoolChic@bpp=0.3.png,,0,A,2293
codecrookie@bpp=0.3.png,ED@bpp=0.3.png,,0,A,2293
CoolChic@bpp=0.15.png,codecrookie@bpp=0.075.png,,0,A,2293
ED@bpp=0.3.png,vtm22.2_intra@bpp=0.3.png,,0,A,2293
hm17.0_intra@bpp=0.075.png,hm17.0_intra@bpp=0.3.png,,0,B,2293
ED@bpp=0.15.png,reference.png,,0,B,2293
NJUeers@bpp=0.3.png,Arabica@bpp=0.3.png,,0,B,2293
codecrookie@bpp=0.075.png,NJUeers@bpp=0.3.png,,0,B,2293
CoolChic@bpp=0.3.png,Arabica@bpp=0.3.png,,0,B,2293
vtm22.2_intra@bpp=0.15.png,CoolChic@bpp=0.075.png,,0,A,2293
NJUeers@bpp=0.15.png,codecrookie@bpp=0.075.png,,0,A,2293
NJUeers@bpp=0.15.png,CoolChic@bpp=0.3.png,,0,B,2293
hm17.0_intra@bpp=0.075.png,NJUeers@bpp=0.15.png,,0,B,2293
Arabica@bpp=0.075.png,ED@bpp=0.3.png,,0,B,2293
reference.png,Arabica@bpp=0.15.png,,0,A,2293
codecrookie@bpp=0.075.png,vtm22.2_intra@bpp=0.075.png,,0,A,2293
hm17.0_intra@bpp=0.15.png,CoolChic@bpp=0.075.png,,0,A,2293
NJUeers@bpp=0.075.png,hm17.0_intra@bpp=0.075.png,,0,A,2293
TLIC@bpp=0.15.png,HIT_AIIA@bpp=0.3.png,,0,B,2293
reference.png,vtm22.2_intra@bpp=0.075.png,,0,A,2293
reference.png,hm17.0_intra@bpp=0.075.png,,0,A,2293
Arabica@bpp=0.3.png,hm17.0_intra@bpp=0.3.png,,0,A,2293
TLIC@bpp=0.3.png,ED@bpp=0.15.png,,0,A,2293
vtm22.2_intra@bpp=0.15.png,TLIC@bpp=0.15.png,,0,B,2293
Arabica@bpp=0.3.png,hm17.0_intra@bpp=0.3.png,,0,A,2293
HIT_AIIA@bpp=0.3.png,CoolChic@bpp=0.15.png,,0,A,2293
reference.png,NJUeers@bpp=0.075.png,,0,A,2293
Arabica@bpp=0.3.png,vtm22.2_intra@bpp=0.3.png,,0,A,2293
Arabica@bpp=0.3.png,HIT_AIIA@bpp=0.15.png,,0,A,2293
vtm22.2_intra@bpp=0.15.png,NJUeers@bpp=0.15.png,,0,A,2293
CoolChic@bpp=0.075.png,hm17.0_intra@bpp=0.3.png,,0,B,2293
TLIC@bpp=0.075.png,HIT_AIIA@bpp=0.15.png,,0,A,2293
TLIC@bpp=0.3.png,NJUeers@bpp=0.3.png,,0,A,2270
ED@bpp=0.075.png,TLIC@bpp=0.075.png,,0,B,2270
CoolChic@bpp=0.3.png,HIT_AIIA@bpp=0.15.png,,0,A,2270
TLIC@bpp=0.3.png,hm17.0_intra@bpp=0.3.png,,0,A,2270
vtm22.2_intra@bpp=0.15.png,TLIC@bpp=0.3.png,,0,B,2270
CoolChic@bpp=0.075.png,CoolChic@bpp=0.3.png,,0,B,2270
reference.png,ED@bpp=0.075.png,,0,A,2270
HIT_AIIA@bpp=0.15.png,hm17.0_intra@bpp=0.3.png,,0,A,2270
TLIC@bpp=0.3.png,vtm22.2_intra@bpp=0.3.png,,0,A,2270
HIT_AIIA@bpp=0.3.png,TLIC@bpp=0.075.png,,0,A,2270
Arabica@bpp=0.3.png,hm17.0_intra@bpp=0.075.png,,0,A,2270
reference.png,CoolChic@bpp=0.3.png,,0,A,2270
codecrookie@bpp=0.15.png,HIT_AIIA@bpp=0.075.png,,0,B,2270
codecrookie@bpp=0.15.png,vtm22.2_intra@bpp=0.3.png,,0,A,2270
ED@bpp=0.15.png,CoolChic@bpp=0.075.png,,0,A,2270
Arabica@bpp=0.15.png,HIT_AIIA@bpp=0.075.png,,0,A,2270
codecrookie@bpp=0.15.png,TLIC@bpp=0.075.png,,0,B,2270
codecrookie@bpp=0.3.png,NJUeers@bpp=0.15.png,,0,A,2270
TLIC@bpp=0.3.png,TLIC@bpp=0.075.png,,0,B,2270
hm17.0_intra@bpp=0.075.png,NJUeers@bpp=0.3.png,,0,B,2270
TLIC@bpp=0.15.png,codecrookie@bpp=0.3.png,,0,A,2270
HIT_AIIA@bpp=0.3.png,Arabica@bpp=0.15.png,,0,B,2270
NJUeers@bpp=0.075.png,hm17.0_intra@bpp=0.075.png,,0,B,2270
codecrookie@bpp=0.075.png,HIT_AIIA@bpp=0.15.png,,0,B,2270
TLIC@bpp=0.15.png,vtm22.2_intra@bpp=0.3.png,,0,A,2270
CoolChic@bpp=0.3.png,ED@bpp=0.15.png,,0,A,2270
vtm22.2_intra@bpp=0.075.png,Arabica@bpp=0.075.png,,0,B,2270
codecrookie@bpp=0.3.png,TLIC@bpp=0.15.png,,0,A,2270
TLIC@bpp=0.075.png,ED@bpp=0.15.png,,0,A,2270
TLIC@bpp=0.15.png,NJUeers@bpp=0.075.png,,0,A,2270
HIT_AIIA@bpp=0.075.png,CoolChic@bpp=0.075.png,,0,A,2270
ED@bpp=0.075.png,hm17.0_intra@bpp=0.3.png,,0,A,2270
reference.png,vtm22.2_intra@bpp=0.075.png,true,1,A,2301
vtm22.2_intra@bpp=0.3.png,reference.png,true,1,A,2301
vtm22.2_intra@bpp=0.3.png,vtm22.2_intra@bpp=0.075.png,true,1,A,2298
reference.png,vtm22.2_intra@bpp=0.075.png,true,1,A,2298
vtm22.2_intra@bpp=0.075.png,vtm22.2_intra@bpp=0.3.png,true,1,B,2294
reference.png,vtm22.2_intra@bpp=0.075.png,true,1,A,2294
CoolChic@bpp=0.3.png,codecrookie@bpp=0.075.png,,0,A,2291
NJUeers@bpp=0.15.png,Arabica@bpp=0.3.png,,0,B,2291
hm17.0_intra@bpp=0.15.png,ED@bpp=0.3.png,,0,B,2291
vtm22.2_intra@bpp=0.3.png,TLIC@bpp=0.075.png,,0,A,2291
CoolChic@bpp=0.3.png,Arabica@bpp=0.075.png,,0,A,2291
hm17.0_intra@bpp=0.15.png,ED@bpp=0.075.png,,0,B,2291
vtm22.2_intra@bpp=0.075.png,NJUeers@bpp=0.3.png,,0,B,2291
TLIC@bpp=0.15.png,hm17.0_intra@bpp=0.075.png,,0,A,2291
codecrookie@bpp=0.3.png,hm17.0_intra@bpp=0.15.png,,0,A,2291
Arabica@bpp=0.075.png,hm17.0_intra@bpp=0.075.png,,0,A,2291
NJUeers@bpp=0.075.png,TLIC@bpp=0.075.png,,0,B,2291
NJUeers@bpp=0.075.png,HIT_AIIA@bpp=0.15.png,,0,B,2291
ED@bpp=0.075.png,TLIC@bpp=0.075.png,,0,B,2291
HIT_AIIA@bpp=0.15.png,CoolChic@bpp=0.15.png,,0,A,2291
ED@bpp=0.3.png,HIT_AIIA@bpp=0.075.png,,0,A,2291
CoolChic@bpp=0.3.png,ED@bpp=0.3.png,,0,A,2291
TLIC@bpp=0.3.png,CoolChic@bpp=0.075.png,,0,A,2291
CoolChic@bpp=0.075.png,codecrookie@bpp=0.3.png,,0,B,2291
HIT_AIIA@bpp=0.075.png,CoolChic@bpp=0.075.png,,0,A,2291
NJUeers@bpp=0.075.png,TLIC@bpp=0.15.png,,0,B,2291
ED@bpp=0.3.png,reference.png,,0,B,2291
codecrookie@bpp=0.15.png,vtm22.2_intra@bpp=0.075.png,,0,A,2291
hm17.0_intra@bpp=0.15.png,CoolChic@bpp=0.3.png,,0,B,2291
HIT_AIIA@bpp=0.075.png,CoolChic@bpp=0.075.png,,0,A,2291
ED@bpp=0.3.png,Arabica@bpp=0.15.png,,0,A,2291
TLIC@bpp=0.075.png,NJUeers@bpp=0.15.png,,0,A,2291
hm17.0_intra@bpp=0.15.png,codecrookie@bpp=0.3.png,,0,B,2291
codecrookie@bpp=0.075.png,CoolChic@bpp=0.15.png,,0,A,2291
NJUeers@bpp=0.15.png,ED@bpp=0.3.png,,0,B,2291
NJUeers@bpp=0.3.png,CoolChic@bpp=0.075.png,,0,A,2291
CoolChic@bpp=0.075.png,HIT_AIIA@bpp=0.075.png,,0,B,2291
ED@bpp=0.075.png,vtm22.2_intra@bpp=0.075.png,,0,A,2291
NJUeers@bpp=0.15.png,codecrookie@bpp=0.3.png,,0,A,2281
Arabica@bpp=0.3.png,reference.png,,0,B,2281
TLIC@bpp=0.3.png,Arabica@bpp=0.3.png,,0,A,2281
ED@bpp=0.3.png,hm17.0_intra@bpp=0.3.png,,0,A,2281
NJUeers@bpp=0.075.png,HIT_AIIA@bpp=0.075.png,,0,B,2281
Arabica@bpp=0.3.png,hm17.0_intra@bpp=0.3.png,,0,A,2281
ED@bpp=0.3.png,codecrookie@bpp=0.3.png,,0,A,2281
vtm22.2_intra@bpp=0.3.png,HIT_AIIA@bpp=0.3.png,,0,B,2281
ED@bpp=0.075.png,reference.png,,0,B,2281
codecrookie@bpp=0.075.png,CoolChic@bpp=0.3.png,,0,B,2281
codecrookie@bpp=0.15.png,NJUeers@bpp=0.3.png,,0,B,2281
Arabica@bpp=0.3.png,TLIC@bpp=0.3.png,,0,B,2281
hm17.0_intra@bpp=0.15.png,NJUeers@bpp=0.3.png,,0,B,2281
vtm22.2_intra@bpp=0.15.png,Arabica@bpp=0.15.png,,0,B,2281
CoolChic@bpp=0.3.png,vtm22.2_intra@bpp=0.15.png,,0,A,2281
NJUeers@bpp=0.3.png,vtm22.2_intra@bpp=0.075.png,,0,A,2281
ED@bpp=0.3.png,vtm22.2_intra@bpp=0.3.png,,0,B,2281
reference.png,CoolChic@bpp=0.15.png,,0,A,2281
NJUeers@bpp=0.15.png,vtm22.2_intra@bpp=0.075.png,,0,A,2281
codecrookie@bpp=0.15.png,hm17.0_intra@bpp=0.15.png,,0,A,2281
CoolChic@bpp=0.3.png,codecrookie@bpp=0.075.png,,0,A,2281
hm17.0_intra@bpp=0.15.png,NJUeers@bpp=0.15.png,,0,A,2281
codecrookie@bpp=0.3.png,hm17.0_intra@bpp=0.3.png,,0,A,2281
CoolChic@bpp=0.3.png,CoolChic@bpp=0.15.png,,0,A,2281
CoolChic@bpp=0.075.png,codecrookie@bpp=0.15.png,,0,B,2281
CoolChic@bpp=0.15.png,ED@bpp=0.3.png,,0,B,2281
CoolChic@bpp=0.3.png,vtm22.2_intra@bpp=0.15.png,,0,A,2281
vtm22.2_intra@bpp=0.3.png,CoolChic@bpp=0.075.png,,0,A,2281
HIT_AIIA@bpp=0.3.png,NJUeers@bpp=0.075.png,,0,A,2281
hm17.0_intra@bpp=0.075.png,hm17.0_intra@bpp=0.3.png,,0,B,2281
TLIC@bpp=0.075.png,codecrookie@bpp=0.075.png,,0,A,2281
Arabica@bpp=0.15.png,ED@bpp=0.3.png,,0,B,2281
CoolChic@bpp=0.15.png,vtm22.2_intra@bpp=0.3.png,,0,B,2301
HIT_AIIA@bpp=0.3.png,TLIC@bpp=0.3.png,,0,A,2301
vtm22.2_intra@bpp=0.3.png,CoolChic@bpp=0.3.png,,0,A,2301
NJUeers@bpp=0.15.png,TLIC@bpp=0.075.png,,0,B,2301
NJUeers@bpp=0.15.png,HIT_AIIA@bpp=0.3.png,,0,B,2301
ED@bpp=0.075.png,vtm22.2_intra@bpp=0.3.png,,0,A,2301
vtm22.2_intra@bpp=0.3.png,codecrookie@bpp=0.3.png,,0,B,2301
TLIC@bpp=0.075.png,ED@bpp=0.15.png,,0,B,2301
NJUeers@bpp=0.075.png,codecrookie@bpp=0.3.png,,0,B,2301
HIT_AIIA@bpp=0.075.png,NJUeers@bpp=0.075.png,,0,A,2301
TLIC@bpp=0.3.png,HIT_AIIA@bpp=0.3.png,,0,B,2301
NJUeers@bpp=0.15.png,Arabica@bpp=0.075.png,,0,B,2301
CoolChic@bpp=0.075.png,Arabica@bpp=0.15.png,,0,B,2301
hm17.0_intra@bpp=0.3.png,NJUeers@bpp=0.3.png,,0,B,2301
codecrookie@bpp=0.15.png,vtm22.2_intra@bpp=0.15.png,,0,A,2301
NJUeers@bpp=0.15.png,ED@bpp=0.075.png,,0,A,2301
HIT_AIIA@bpp=0.075.png,TLIC@bpp=0.15.png,,0,B,2301
hm17.0_intra@bpp=0.3.png,CoolChic@bpp=0.075.png,,0,A,2301
CoolChic@bpp=0.075.png,vtm22.2_intra@bpp=0.15.png,,0,B,2301
ED@bpp=0.15.png,reference.png,,0,B,2301
vtm22.2_intra@bpp=0.3.png,Arabica@bpp=0.15.png,,0,A,2301
hm17.0_intra@bpp=0.075.png,hm17.0_intra@bpp=0.15.png,,0,B,2301
HIT_AIIA@bpp=0.3.png,Arabica@bpp=0.075.png,,0,A,2301
ED@bpp=0.075.png,vtm22.2_intra@bpp=0.3.png,,0,B,2301
TLIC@bpp=0.075.png,codecrookie@bpp=0.15.png,,0,B,2301
NJUeers@bpp=0.15.png,TLIC@bpp=0.3.png,,0,B,2301
HIT_AIIA@bpp=0.075.png,ED@bpp=0.15.png,,0,A,2301
reference.png,TLIC@bpp=0.15.png,,0,A,2301
NJUeers@bpp=0.075.png,Arabica@bpp=0.15.png,,0,B,2301
NJUeers@bpp=0.3.png,codecrookie@bpp=0.075.png,,0,A,2301
vtm22.2_intra@bpp=0.15.png,ED@bpp=0.15.png,,0,B,2301
NJUeers@bpp=0.3.png,ED@bpp=0.3.png,,0,B,2301
hm17.0_intra@bpp=0.3.png,vtm22.2_intra@bpp=0.075.png,,0,A,2294
hm17.0_intra@bpp=0.3.png,hm17.0_intra@bpp=0.15.png,,0,A,2294
reference.png,hm17.0_intra@bpp=0.15.png,,0,A,2294
CoolChic@bpp=0.15.png,NJUeers@bpp=0.075.png,,0,A,2294
Arabica@bpp=0.075.png,Arabica@bpp=0.3.png,,0,A,2294
ED@bpp=0.3.png,NJUeers@bpp=0.075.png,,0,A,2294
NJUeers@bpp=0.15.png,hm17.0_intra@bpp=0.075.png,,0,A,2294
Arabica@bpp=0.3.png,codecrookie@bpp=0.075.png,,0,A,2294
TLIC@bpp=0.15.png,Arabica@bpp=0.075.png,,0,B,2294
vtm22.2_intra@bpp=0.075.png,reference.png,,0,B,2294
CoolChic@bpp=0.3.png,ED@bpp=0.075.png,,0,A,2294
NJUeers@bpp=0.3.png,TLIC@bpp=0.075.png,,0,B,2294
CoolChic@bpp=0.15.png,TLIC@bpp=0.15.png,,0,B,2294
codecrookie@bpp=0.15.png,HIT_AIIA@bpp=0.15.png,,0,B,2294
hm17.0_intra@bpp=0.15.png,hm17.0_intra@bpp=0.3.png,,0,A,2294
codecrookie@bpp=0.075.png,CoolChic@bpp=0.15.png,,0,B,2294
codecrookie@bpp=0.3.png,ED@bpp=0.3.png,,0,B,2294
HIT_AIIA@bpp=0.15.png,hm17.0_intra@bpp=0.15.png,,0,A,2294
NJUeers@bpp=0.3.png,hm17.0_intra@bpp=0.075.png,,0,A,2294
NJUeers@bpp=0.075.png,TLIC@bpp=0.075.png,,0,B,2294
Arabica@bpp=0.15.png,TLIC@bpp=0.075.png,,0,A,2294
ED@bpp=0.3.png,CoolChic@bpp=0.15.png,,0,A,2294
Arabica@bpp=0.15.png,NJUeers@bpp=0.075.png,,0,A,2294
NJUeers@bpp=0.3.png,Arabica@bpp=0.3.png,,0,B,2294
TLIC@bpp=0.3.png,hm17.0_intra@bpp=0.3.png,,0,A,2294
hm17.0_intra@bpp=0.075.png,Arabica@bpp=0.075.png,,0,A,2294
ED@bpp=0.3.png,NJUeers@bpp=0.075.png,,0,A,2294
hm17.0_intra@bpp=0.075.png,TLIC@bpp=0.15.png,,0,B,2294
ED@bpp=0.075.png,hm17.0_intra@bpp=0.075.png,,0,A,2294
Arabica@bpp=0.15.png,codecrookie@bpp=0.075.png,,0,A,2294
NJUeers@bpp=0.075.png,ED@bpp=0.075.png,,0,B,2294
HIT_AIIA@bpp=0.15.png,NJUeers@bpp=0.15.png,,0,A,2294
HIT_AIIA@bpp=0.3.png,vtm22.2_intra@bpp=0.075.png,,0,A,2298
hm17.0_intra@bpp=0.3.png,codecrookie@bpp=0.3.png,,0,A,2298
TLIC@bpp=0.075.png,codecrookie@bpp=0.3.png,,0,B,2298
codecrookie@bpp=0.15.png,CoolChic@bpp=0.15.png,,0,A,2298
TLIC@bpp=0.15.png,TLIC@bpp=0.075.png,,0,B,2298
TLIC@bpp=0.3.png,NJUeers@bpp=0.075.png,,0,A,2298
Arabica@bpp=0.15.png,hm17.0_intra@bpp=0.075.png,,0,A,2298
CoolChic@bpp=0.075.png,TLIC@bpp=0.075.png,,0,B,2298
vtm22.2_intra@bpp=0.3.png,vtm22.2_intra@bpp=0.075.png,,0,A,2298
CoolChic@bpp=0.15.png,Arabica@bpp=0.15.png,,0,A,2298
CoolChic@bpp=0.15.png,NJUeers@bpp=0.075.png,,0,A,2298
reference.png,CoolChic@bpp=0.075.png,,0,A,2298
vtm22.2_intra@bpp=0.3.png,codecrookie@bpp=0.15.png,,0,A,2298
hm17.0_intra@bpp=0.3.png,NJUeers@bpp=0.15.png,,0,A,2298
reference.png,NJUeers@bpp=0.075.png,,0,A,2298
Arabica@bpp=0.075.png,HIT_AIIA@bpp=0.3.png,,0,A,2298
codecrookie@bpp=0.3.png,TLIC@bpp=0.075.png,,0,A,2298
CoolChic@bpp=0.15.png,ED@bpp=0.3.png,,0,B,2298
CoolChic@bpp=0.3.png,Arabica@bpp=0.3.png,,0,B,2298
codecrookie@bpp=0.3.png,codecrookie@bpp=0.15.png,,0,A,2298
codecrookie@bpp=0.075.png,CoolChic@bpp=0.15.png,,0,B,2298
Arabica@bpp=0.075.png,HIT_AIIA@bpp=0.3.png,,0,B,2298
hm17.0_intra@bpp=0.3.png,TLIC@bpp=0.3.png,,0,A,2298
CoolChic@bpp=0.3.png,vtm22.2_intra@bpp=0.075.png,,0,A,2298
codecrookie@bpp=0.075.png,NJUeers@bpp=0.075.png,,0,A,2298
CoolChic@bpp=0.075.png,vtm22.2_intra@bpp=0.15.png,,0,B,2298
vtm22.2_intra@bpp=0.15.png,hm17.0_intra@bpp=0.075.png,,0,A,2298
Arabica@bpp=0.15.png,hm17.0_intra@bpp=0.3.png,,0,A,2298
HIT_AIIA@bpp=0.15.png,codecrookie@bpp=0.075.png,,0,A,2298
HIT_AIIA@bpp=0.3.png,TLIC@bpp=0.075.png,,0,A,2298
HIT_AIIA@bpp=0.075.png,hm17.0_intra@bpp=0.075.png,,0,A,2298
reference.png,Arabica@bpp=0.15.png,,0,A,2298
vtm22.2_intra@bpp=0.3.png,vtm22.2_intra@bpp=0.075.png,true,1,A,2275
vtm22.2_intra@bpp=0.3.png,reference.png,true,1,B,2275
hm17.0_intra@bpp=0.3.png,codecrookie@bpp=0.3.png,,0,B,2275
ED@bpp=0.075.png,HIT_AIIA@bpp=0.075.png,,0,B,2275
reference.png,Arabica@bpp=0.075.png,,0,A,2275
hm17.0_intra@bpp=0.3.png,Arabica@bpp=0.075.png,,0,A,2275
HIT_AIIA@bpp=0.15.png,CoolChic@bpp=0.15.png,,0,A,2275
TLIC@bpp=0.3.png,Arabica@bpp=0.15.png,,0,B,2275
codecrookie@bpp=0.3.png,TLIC@bpp=0.075.png,,0,B,2275
ED@bpp=0.075.png,TLIC@bpp=0.15.png,,0,B,2275
codecrookie@bpp=0.15.png,vtm22.2_intra@bpp=0.3.png,,0,B,2275
Arabica@bpp=0.3.png,hm17.0_intra@bpp=0.3.png,,0,A,2275
HIT_AIIA@bpp=0.15.png,vtm22.2_intra@bpp=0.15.png,,0,A,2275
ED@bpp=0.075.png,TLIC@bpp=0.3.png,,0,B,2275
codecrookie@bpp=0.3.png,Arabica@bpp=0.15.png,,0,B,2275
HIT_AIIA@bpp=0.15.png,codecrookie@bpp=0.075.png,,0,A,2275
HIT_AIIA@bpp=0.3.png,ED@bpp=0.3.png,,0,A,2275
NJUeers@bpp=0.075.png,ED@bpp=0.15.png,,0,B,2275
HIT_AIIA@bpp=0.15.png,codecrookie@bpp=0.075.png,,0,A,2275
hm17.0_intra@bpp=0.3.png,reference.png,,0,B,2275
ED@bpp=0.15.png,NJUeers@bpp=0.3.png,,0,B,2275
ED@bpp=0.075.png,codecrookie@bpp=0.15.png,,0,B,2275
TLIC@bpp=0.15.png,HIT_AIIA@bpp=0.075.png,,0,A,2275
Arabica@bpp=0.3.png,codecrookie@bpp=0.3.png,,0,B,2275
NJUeers@bpp=0.15.png,vtm22.2_intra@bpp=0.075.png,,0,A,2275
CoolChic@bpp=0.075.png,ED@bpp=0.3.png,,0,B,2275
HIT_AIIA@bpp=0.15.png,ED@bpp=0.15.png,,0,A,2275
TLIC@bpp=0.15.png,hm17.0_intra@bpp=0.075.png,,0,A,2275
HIT_AIIA@bpp=0.075.png,NJUeers@bpp=0.075.png,,0,A,2275
TLIC@bpp=0.15.png,TLIC@bpp=0.075.png,,0,A,2275
CoolChic@bpp=0.15.png,TLIC@bpp=0.3.png,,0,B,2275
NJUeers@bpp=0.075.png,vtm22.2_intra@bpp=0.075.png,,0,B,2275
CoolChic@bpp=0.15.png,CoolChic@bpp=0.3.png,,0,B,2275
ED@bpp=0.15.png,vtm22.2_intra@bpp=0.15.png,,0,A,2275
vtm22.2_intra@bpp=0.3.png,reference.png,true,1,B,2205
reference.png,vtm22.2_intra@bpp=0.3.png,true,1,A,2205
vtm22.2_intra@bpp=0.075.png,vtm22.2_intra@bpp=0.3.png,true,1,B,2305
vtm22.2_intra@bpp=0.075.png,reference.png,true,1,B,2305
reference.png,vtm22.2_intra@bpp=0.075.png,true,1,A,2303
vtm22.2_intra@bpp=0.3.png,reference.png,true,1,A,2303
vtm22.2_intra@bpp=0.3.png,reference.png,true,1,B,2297
vtm22.2_intra@bpp=0.3.png,reference.png,true,1,B,2297
CoolChic@bpp=0.075.png,ED@bpp=0.3.png,,0,B,2205
codecrookie@bpp=0.15.png,ED@bpp=0.075.png,,0,A,2205
CoolChic@bpp=0.075.png,codecrookie@bpp=0.15.png,,0,B,2205
codecrookie@bpp=0.3.png,ED@bpp=0.075.png,,0,A,2205
CoolChic@bpp=0.075.png,ED@bpp=0.15.png,,0,B,2205
TLIC@bpp=0.15.png,Arabica@bpp=0.075.png,,0,A,2205
TLIC@bpp=0.15.png,Arabica@bpp=0.075.png,,0,B,2205
Arabica@bpp=0.075.png,codecrookie@bpp=0.075.png,,0,A,2205
Arabica@bpp=0.075.png,codecrookie@bpp=0.075.png,,0,B,2205
codecrookie@bpp=0.075.png,hm17.0_intra@bpp=0.3.png,,0,B,2205
codecrookie@bpp=0.075.png,hm17.0_intra@bpp=0.3.png,,0,B,2205
HIT_AIIA@bpp=0.3.png,vtm22.2_intra@bpp=0.15.png,,0,A,2205
vtm22.2_intra@bpp=0.15.png,HIT_AIIA@bpp=0.3.png,,0,B,2205
NJUeers@bpp=0.15.png,Arabica@bpp=0.3.png,,0,A,2205
Arabica@bpp=0.3.png,NJUeers@bpp=0.15.png,,0,A,2205
NJUeers@bpp=0.3.png,vtm22.2_intra@bpp=0.075.png,,0,B,2205
HIT_AIIA@bpp=0.075.png,ED@bpp=0.15.png,,0,A,2205
ED@bpp=0.15.png,HIT_AIIA@bpp=0.075.png,,0,A,2205
vtm22.2_intra@bpp=0.15.png,TLIC@bpp=0.3.png,,0,B,2205
NJUeers@bpp=0.3.png,hm17.0_intra@bpp=0.15.png,,0,B,2205
hm17.0_intra@bpp=0.15.png,NJUeers@bpp=0.3.png,,0,B,2205
HIT_AIIA@bpp=0.3.png,NJUeers@bpp=0.075.png,,0,A,2205
NJUeers@bpp=0.075.png,HIT_AIIA@bpp=0.3.png,,0,B,2205
CoolChic@bpp=0.3.png,HIT_AIIA@bpp=0.3.png,,0,B,2205
HIT_AIIA@bpp=0.3.png,CoolChic@bpp=0.3.png,,0,A,2205
hm17.0_intra@bpp=0.15.png,HIT_AIIA@bpp=0.075.png,,0,A,2205
HIT_AIIA@bpp=0.075.png,hm17.0_intra@bpp=0.15.png,,0,A,2205
ED@bpp=0.3.png,codecrookie@bpp=0.3.png,,0,A,2205
codecrookie@bpp=0.3.png,ED@bpp=0.3.png,,0,A,2205
NJUeers@bpp=0.3.png,vtm22.2_intra@bpp=0.075.png,,0,A,2205
vtm22.2_intra@bpp=0.075.png,NJUeers@bpp=0.3.png,,0,B,2205
vtm22.2_intra@bpp=0.075.png,TLIC@bpp=0.075.png,,0,B,2205
TLIC@bpp=0.075.png,vtm22.2_intra@bpp=0.075.png,,0,A,2205
reference.png,vtm22.2_intra@bpp=0.075.png,true,1,A,2309
vtm22.2_intra@bpp=0.3.png,reference.png,true,1,B,2309
HIT_AIIA@bpp=0.3.png,vtm22.2_intra@bpp=0.3.png,,0,A,2297
HIT_AIIA@bpp=0.15.png,ED@bpp=0.075.png,,0,A,2297
NJUeers@bpp=0.3.png,HIT_AIIA@bpp=0.15.png,,0,B,2297
HIT_AIIA@bpp=0.075.png,Arabica@bpp=0.15.png,,0,B,2297
Arabica@bpp=0.15.png,codecrookie@bpp=0.075.png,,0,A,2297
TLIC@bpp=0.075.png,hm17.0_intra@bpp=0.075.png,,0,A,2297
CoolChic@bpp=0.3.png,hm17.0_intra@bpp=0.3.png,,0,B,2297
ED@bpp=0.075.png,hm17.0_intra@bpp=0.3.png,,0,B,2297
CoolChic@bpp=0.15.png,NJUeers@bpp=0.15.png,,0,A,2297
hm17.0_intra@bpp=0.075.png,codecrookie@bpp=0.075.png,,0,B,2297
NJUeers@bpp=0.15.png,ED@bpp=0.15.png,,0,A,2297
hm17.0_intra@bpp=0.3.png,TLIC@bpp=0.075.png,,0,B,2297
codecrookie@bpp=0.3.png,NJUeers@bpp=0.15.png,,0,A,2297
codecrookie@bpp=0.15.png,ED@bpp=0.075.png,,0,A,2297
ED@bpp=0.15.png,vtm22.2_intra@bpp=0.075.png,,0,A,2297
CoolChic@bpp=0.3.png,Arabica@bpp=0.075.png,,0,B,2297
vtm22.2_intra@bpp=0.3.png,vtm22.2_intra@bpp=0.075.png,,0,A,2297
CoolChic@bpp=0.15.png,Arabica@bpp=0.3.png,,0,B,2297
Arabica@bpp=0.3.png,HIT_AIIA@bpp=0.075.png,,0,A,2297
Arabica@bpp=0.3.png,NJUeers@bpp=0.3.png,,0,B,2297
hm17.0_intra@bpp=0.3.png,TLIC@bpp=0.15.png,,0,B,2297
HIT_AIIA@bpp=0.075.png,ED@bpp=0.15.png,,0,B,2297
hm17.0_intra@bpp=0.15.png,NJUeers@bpp=0.075.png,,0,A,2297
TLIC@bpp=0.3.png,TLIC@bpp=0.15.png,,0,A,2297
codecrookie@bpp=0.075.png,NJUeers@bpp=0.075.png,,0,B,2297
vtm22.2_intra@bpp=0.075.png,HIT_AIIA@bpp=0.15.png,,0,B,2297
ED@bpp=0.075.png,HIT_AIIA@bpp=0.15.png,,0,B,2297
codecrookie@bpp=0.075.png,CoolChic@bpp=0.075.png,,0,B,2297
Arabica@bpp=0.15.png,hm17.0_intra@bpp=0.15.png,,0,A,2297
codecrookie@bpp=0.075.png,ED@bpp=0.15.png,,0,B,2297
ED@bpp=0.15.png,Arabica@bpp=0.15.png,,0,B,2297
codecrookie@bpp=0.3.png,HIT_AIIA@bpp=0.15.png,,0,B,2297
vtm22.2_intra@bpp=0.3.png,Arabica@bpp=0.3.png,,0,B,2305
Arabica@bpp=0.3.png,reference.png,,0,A,2305
NJUeers@bpp=0.15.png,HIT_AIIA@bpp=0.15.png,,0,B,2305
vtm22.2_intra@bpp=0.15.png,Arabica@bpp=0.3.png,,0,B,2305
Arabica@bpp=0.3.png,hm17.0_intra@bpp=0.15.png,,0,A,2305
TLIC@bpp=0.075.png,vtm22.2_intra@bpp=0.3.png,,0,A,2305
vtm22.2_intra@bpp=0.075.png,TLIC@bpp=0.075.png,,0,B,2305
codecrookie@bpp=0.3.png,HIT_AIIA@bpp=0.3.png,,0,B,2305
hm17.0_intra@bpp=0.3.png,vtm22.2_intra@bpp=0.075.png,,0,A,2305
Arabica@bpp=0.075.png,NJUeers@bpp=0.3.png,,0,A,2305
TLIC@bpp=0.15.png,ED@bpp=0.15.png,,0,A,2305
vtm22.2_intra@bpp=0.075.png,hm17.0_intra@bpp=0.075.png,,0,B,2305
codecrookie@bpp=0.15.png,CoolChic@bpp=0.15.png,,0,A,2305
NJUeers@bpp=0.075.png,HIT_AIIA@bpp=0.075.png,,0,B,2305
TLIC@bpp=0.3.png,CoolChic@bpp=0.15.png,,0,A,2305
TLIC@bpp=0.075.png,NJUeers@bpp=0.075.png,,0,A,2305
vtm22.2_intra@bpp=0.3.png,TLIC@bpp=0.075.png,,0,A,2305
codecrookie@bpp=0.3.png,CoolChic@bpp=0.075.png,,0,A,2305
Arabica@bpp=0.15.png,HIT_AIIA@bpp=0.15.png,,0,A,2305
ED@bpp=0.075.png,NJUeers@bpp=0.15.png,,0,B,2305
NJUeers@bpp=0.075.png,NJUeers@bpp=0.3.png,,0,B,2305
NJUeers@bpp=0.3.png,NJUeers@bpp=0.15.png,,0,A,2305
CoolChic@bpp=0.15.png,HIT_AIIA@bpp=0.3.png,,0,B,2305
codecrookie@bpp=0.3.png,HIT_AIIA@bpp=0.075.png,,0,A,2305
vtm22.2_intra@bpp=0.15.png,ED@bpp=0.15.png,,0,B,2305
hm17.0_intra@bpp=0.075.png,CoolChic@bpp=0.075.png,,0,B,2305
codecrookie@bpp=0.075.png,CoolChic@bpp=0.3.png,,0,B,2305
CoolChic@bpp=0.15.png,Arabica@bpp=0.15.png,,0,B,2305
CoolChic@bpp=0.075.png,HIT_AIIA@bpp=0.3.png,,0,B,2305
HIT_AIIA@bpp=0.15.png,TLIC@bpp=0.15.png,,0,A,2305
reference.png,vtm22.2_intra@bpp=0.15.png,,0,A,2305
Arabica@bpp=0.15.png,hm17.0_intra@bpp=0.075.png,,0,A,2305
vtm22.2_intra@bpp=0.075.png,NJUeers@bpp=0.3.png,,0,B,2309
hm17.0_intra@bpp=0.075.png,HIT_AIIA@bpp=0.15.png,,0,B,2309
TLIC@bpp=0.15.png,TLIC@bpp=0.075.png,,0,A,2309
HIT_AIIA@bpp=0.075.png,vtm22.2_intra@bpp=0.3.png,,0,B,2309
ED@bpp=0.15.png,HIT_AIIA@bpp=0.3.png,,0,B,2309
NJUeers@bpp=0.075.png,Arabica@bpp=0.3.png,,0,B,2309
NJUeers@bpp=0.3.png,TLIC@bpp=0.3.png,,0,B,2309
ED@bpp=0.075.png,hm17.0_intra@bpp=0.3.png,,0,B,2309
CoolChic@bpp=0.15.png,ED@bpp=0.075.png,,0,A,2309
HIT_AIIA@bpp=0.3.png,CoolChic@bpp=0.3.png,,0,A,2309
hm17.0_intra@bpp=0.075.png,Arabica@bpp=0.15.png,,0,B,2309
codecrookie@bpp=0.3.png,HIT_AIIA@bpp=0.3.png,,0,B,2309
ED@bpp=0.075.png,HIT_AIIA@bpp=0.3.png,,0,B,2309
ED@bpp=0.15.png,CoolChic@bpp=0.075.png,,0,A,2309
hm17.0_intra@bpp=0.15.png,vtm22.2_intra@bpp=0.15.png,,0,B,2309
ED@bpp=0.3.png,Arabica@bpp=0.075.png,,0,A,2309
codecrookie@bpp=0.075.png,ED@bpp=0.075.png,,0,A,2309
ED@bpp=0.3.png,HIT_AIIA@bpp=0.3.png,,0,B,2309
Arabica@bpp=0.3.png,hm17.0_intra@bpp=0.3.png,,0,A,2309
reference.png,Arabica@bpp=0.15.png,,0,A,2309
codecrookie@bpp=0.075.png,CoolChic@bpp=0.3.png,,0,B,2309
Arabica@bpp=0.3.png,hm17.0_intra@bpp=0.3.png,,0,A,2309
HIT_AIIA@bpp=0.075.png,NJUeers@bpp=0.3.png,,0,A,2309
Arabica@bpp=0.15.png,HIT_AIIA@bpp=0.3.png,,0,B,2309
ED@bpp=0.075.png,CoolChic@bpp=0.15.png,,0,B,2309
CoolChic@bpp=0.15.png,Arabica@bpp=0.15.png,,0,B,2309
TLIC@bpp=0.3.png,Arabica@bpp=0.075.png,,0,A,2309
vtm22.2_intra@bpp=0.3.png,HIT_AIIA@bpp=0.15.png,,0,B,2309
Arabica@bpp=0.075.png,ED@bpp=0.3.png,,0,B,2309
hm17.0_intra@bpp=0.075.png,vtm22.2_intra@bpp=0.15.png,,0,B,2309
CoolChic@bpp=0.075.png,TLIC@bpp=0.15.png,,0,B,2309
NJUeers@bpp=0.3.png,CoolChic@bpp=0.15.png,,0,A,2309
codecrookie@bpp=0.3.png,CoolChic@bpp=0.3.png,,0,A,2303
ED@bpp=0.3.png,codecrookie@bpp=0.075.png,,0,A,2303
CoolChic@bpp=0.15.png,Arabica@bpp=0.075.png,,0,A,2303
ED@bpp=0.075.png,TLIC@bpp=0.075.png,,0,A,2303
HIT_AIIA@bpp=0.075.png,ED@bpp=0.075.png,,0,A,2303
Arabica@bpp=0.15.png,ED@bpp=0.3.png,,0,A,2303
CoolChic@bpp=0.075.png,TLIC@bpp=0.075.png,,0,A,2303
codecrookie@bpp=0.075.png,CoolChic@bpp=0.15.png,,0,A,2303
TLIC@bpp=0.075.png,CoolChic@bpp=0.3.png,,0,A,2303
TLIC@bpp=0.3.png,hm17.0_intra@bpp=0.3.png,,0,A,2303
hm17.0_intra@bpp=0.3.png,NJUeers@bpp=0.3.png,,0,A,2303
CoolChic@bpp=0.075.png,NJUeers@bpp=0.3.png,,0,A,2303
Arabica@bpp=0.3.png,NJUeers@bpp=0.075.png,,0,A,2303
vtm22.2_intra@bpp=0.3.png,ED@bpp=0.3.png,,0,A,2303
TLIC@bpp=0.3.png,codecrookie@bpp=0.075.png,,0,A,2303
hm17.0_intra@bpp=0.075.png,codecrookie@bpp=0.3.png,,0,A,2303
ED@bpp=0.075.png,CoolChic@bpp=0.3.png,,0,A,2303
TLIC@bpp=0.3.png,NJUeers@bpp=0.15.png,,0,A,2303
hm17.0_intra@bpp=0.15.png,vtm22.2_intra@bpp=0.15.png,,0,A,2303
TLIC@bpp=0.075.png,TLIC@bpp=0.15.png,,0,A,2303
codecrookie@bpp=0.15.png,ED@bpp=0.075.png,,0,A,2303
HIT_AIIA@bpp=0.3.png,TLIC@bpp=0.3.png,,0,A,2303
codecrookie@bpp=0.075.png,Arabica@bpp=0.075.png,,0,A,2303
ED@bpp=0.15.png,NJUeers@bpp=0.075.png,,0,A,2303
CoolChic@bpp=0.3.png,codecrookie@bpp=0.3.png,,0,A,2303
HIT_AIIA@bpp=0.075.png,CoolChic@bpp=0.3.png,,0,A,2303
vtm22.2_intra@bpp=0.3.png,reference.png,,0,A,2303
HIT_AIIA@bpp=0.075.png,ED@bpp=0.3.png,,0,A,2303
ED@bpp=0.15.png,reference.png,,0,A,2303
ED@bpp=0.15.png,CoolChic@bpp=0.3.png,,0,A,2303
codecrookie@bpp=0.15.png,NJUeers@bpp=0.3.png,,0,A,2303
codecrookie@bpp=0.15.png,TLIC@bpp=0.3.png,,0,A,2303
vtm22.2_intra@bpp=0.3.png,reference.png,true,1,B,2324
reference.png,vtm22.2_intra@bpp=0.075.png,true,1,A,2324
reference.png,vtm22.2_intra@bpp=0.3.png,true,1,A,2322
reference.png,vtm22.2_intra@bpp=0.075.png,true,1,A,2322
vtm22.2_intra@bpp=0.3.png,vtm22.2_intra@bpp=0.075.png,true,1,A,2328
reference.png,vtm22.2_intra@bpp=0.3.png,true,1,A,2328
TLIC@bpp=0.075.png,hm17.0_intra@bpp=0.075.png,,0,A,2328
hm17.0_intra@bpp=0.075.png,ED@bpp=0.075.png,,0,B,2328
HIT_AIIA@bpp=0.075.png,HIT_AIIA@bpp=0.15.png,,0,B,2328
hm17.0_intra@bpp=0.3.png,ED@bpp=0.15.png,,0,A,2328
ED@bpp=0.15.png,TLIC@bpp=0.15.png,,0,B,2328
ED@bpp=0.15.png,hm17.0_intra@bpp=0.15.png,,0,A,2328
NJUeers@bpp=0.15.png,vtm22.2_intra@bpp=0.075.png,,0,B,2328
hm17.0_intra@bpp=0.3.png,ED@bpp=0.075.png,,0,A,2328
ED@bpp=0.15.png,Arabica@bpp=0.15.png,,0,B,2328
ED@bpp=0.15.png,HIT_AIIA@bpp=0.15.png,,0,B,2328
Arabica@bpp=0.15.png,vtm22.2_intra@bpp=0.15.png,,0,B,2328
NJUeers@bpp=0.15.png,vtm22.2_intra@bpp=0.3.png,,0,B,2328
CoolChic@bpp=0.3.png,Arabica@bpp=0.075.png,,0,B,2328
HIT_AIIA@bpp=0.075.png,TLIC@bpp=0.075.png,,0,B,2328
codecrookie@bpp=0.3.png,vtm22.2_intra@bpp=0.15.png,,0,A,2328
NJUeers@bpp=0.15.png,codecrookie@bpp=0.075.png,,0,A,2328
codecrookie@bpp=0.15.png,NJUeers@bpp=0.15.png,,0,B,2328
hm17.0_intra@bpp=0.15.png,Arabica@bpp=0.075.png,,0,B,2328
ED@bpp=0.3.png,hm17.0_intra@bpp=0.075.png,,0,A,2328
Arabica@bpp=0.3.png,Arabica@bpp=0.075.png,,0,A,2328
vtm22.2_intra@bpp=0.3.png,Arabica@bpp=0.3.png,,0,B,2328
codecrookie@bpp=0.15.png,Arabica@bpp=0.075.png,,0,A,2328
codecrookie@bpp=0.3.png,reference.png,,0,A,2328
hm17.0_intra@bpp=0.075.png,NJUeers@bpp=0.3.png,,0,B,2328
HIT_AIIA@bpp=0.3.png,CoolChic@bpp=0.075.png,,0,A,2328
HIT_AIIA@bpp=0.15.png,vtm22.2_intra@bpp=0.3.png,,0,A,2328
HIT_AIIA@bpp=0.15.png,codecrookie@bpp=0.075.png,,0,A,2328
TLIC@bpp=0.3.png,HIT_AIIA@bpp=0.15.png,,0,B,2328
ED@bpp=0.3.png,hm17.0_intra@bpp=0.15.png,,0,A,2328
NJUeers@bpp=0.3.png,Arabica@bpp=0.3.png,,0,A,2328
HIT_AIIA@bpp=0.15.png,Arabica@bpp=0.3.png,,0,A,2328
Arabica@bpp=0.15.png,NJUeers@bpp=0.3.png,,0,B,2328
HIT_AIIA@bpp=0.075.png,HIT_AIIA@bpp=0.3.png,,0,B,2322
vtm22.2_intra@bpp=0.3.png,NJUeers@bpp=0.075.png,,0,A,2322
hm17.0_intra@bpp=0.3.png,codecrookie@bpp=0.15.png,,0,A,2322
CoolChic@bpp=0.075.png,hm17.0_intra@bpp=0.075.png,,0,A,2322
NJUeers@bpp=0.15.png,TLIC@bpp=0.3.png,,0,B,2322
HIT_AIIA@bpp=0.075.png,ED@bpp=0.075.png,,0,A,2322
ED@bpp=0.3.png,hm17.0_intra@bpp=0.3.png,,0,A,2322
codecrookie@bpp=0.15.png,CoolChic@bpp=0.15.png,,0,B,2322
codecrookie@bpp=0.075.png,codecrookie@bpp=0.3.png,,0,B,2322
Arabica@bpp=0.3.png,Arabica@bpp=0.15.png,,0,A,2322
Arabica@bpp=0.075.png,vtm22.2_intra@bpp=0.075.png,,0,A,2322
codecrookie@bpp=0.075.png,NJUeers@bpp=0.075.png,,0,A,2322
ED@bpp=0.075.png,CoolChic@bpp=0.15.png,,0,B,2322
HIT_AIIA@bpp=0.075.png,TLIC@bpp=0.15.png,,0,B,2322
HIT_AIIA@bpp=0.15.png,vtm22.2_intra@bpp=0.15.png,,0,A,2322
ED@bpp=0.3.png,vtm22.2_intra@bpp=0.3.png,,0,A,2322
HIT_AIIA@bpp=0.15.png,ED@bpp=0.15.png,,0,A,2322
ED@bpp=0.3.png,hm17.0_intra@bpp=0.075.png,,0,A,2322
HIT_AIIA@bpp=0.075.png,hm17.0_intra@bpp=0.15.png,,0,A,2322
CoolChic@bpp=0.075.png,vtm22.2_intra@bpp=0.3.png,,0,B,2322
TLIC@bpp=0.15.png,NJUeers@bpp=0.3.png,,0,A,2322
Arabica@bpp=0.15.png,Arabica@bpp=0.3.png,,0,B,2322
ED@bpp=0.075.png,HIT_AIIA@bpp=0.3.png,,0,B,2322
TLIC@bpp=0.15.png,NJUeers@bpp=0.075.png,,0,A,2322
HIT_AIIA@bpp=0.3.png,hm17.0_intra@bpp=0.3.png,,0,A,2322
hm17.0_intra@bpp=0.3.png,TLIC@bpp=0.075.png,,0,B,2322
NJUeers@bpp=0.3.png,ED@bpp=0.075.png,,0,A,2322
NJUeers@bpp=0.15.png,CoolChic@bpp=0.3.png,,0,B,2322
codecrookie@bpp=0.15.png,codecrookie@bpp=0.3.png,,0,B,2322
TLIC@bpp=0.3.png,NJUeers@bpp=0.3.png,,0,B,2322
TLIC@bpp=0.15.png,CoolChic@bpp=0.3.png,,0,B,2322
TLIC@bpp=0.3.png,codecrookie@bpp=0.15.png,,0,A,2322
Arabica@bpp=0.15.png,HIT_AIIA@bpp=0.075.png,,0,A,2324
CoolChic@bpp=0.3.png,Arabica@bpp=0.15.png,,0,B,2324
codecrookie@bpp=0.3.png,Arabica@bpp=0.3.png,,0,B,2324
NJUeers@bpp=0.15.png,HIT_AIIA@bpp=0.15.png,,0,B,2324
NJUeers@bpp=0.075.png,CoolChic@bpp=0.3.png,,0,B,2324
codecrookie@bpp=0.15.png,NJUeers@bpp=0.075.png,,0,A,2324
TLIC@bpp=0.3.png,NJUeers@bpp=0.15.png,,0,A,2324
ED@bpp=0.15.png,CoolChic@bpp=0.3.png,,0,B,2324
hm17.0_intra@bpp=0.3.png,TLIC@bpp=0.3.png,,0,A,2324
codecrookie@bpp=0.15.png,ED@bpp=0.15.png,,0,A,2324
CoolChic@bpp=0.15.png,HIT_AIIA@bpp=0.3.png,,0,B,2324
vtm22.2_intra@bpp=0.15.png,Arabica@bpp=0.3.png,,0,B,2324
Arabica@bpp=0.075.png,HIT_AIIA@bpp=0.3.png,,0,B,2324
vtm22.2_intra@bpp=0.15.png,HIT_AIIA@bpp=0.075.png,,0,A,2324
ED@bpp=0.3.png,NJUeers@bpp=0.15.png,,0,A,2324
NJUeers@bpp=0.15.png,ED@bpp=0.3.png,,0,B,2324
ED@bpp=0.3.png,vtm22.2_intra@bpp=0.15.png,,0,A,2324
vtm22.2_intra@bpp=0.3.png,ED@bpp=0.15.png,,0,A,2324
ED@bpp=0.15.png,hm17.0_intra@bpp=0.3.png,,0,A,2324
CoolChic@bpp=0.075.png,hm17.0_intra@bpp=0.075.png,,0,A,2324
NJUeers@bpp=0.15.png,TLIC@bpp=0.3.png,,0,A,2324
hm17.0_intra@bpp=0.3.png,Arabica@bpp=0.15.png,,0,A,2324
HIT_AIIA@bpp=0.15.png,Arabica@bpp=0.15.png,,0,A,2324
vtm22.2_intra@bpp=0.15.png,HIT_AIIA@bpp=0.075.png,,0,A,2324
NJUeers@bpp=0.075.png,codecrookie@bpp=0.3.png,,0,B,2324
ED@bpp=0.3.png,Arabica@bpp=0.15.png,,0,B,2324
vtm22.2_intra@bpp=0.3.png,NJUeers@bpp=0.075.png,,0,A,2324
CoolChic@bpp=0.075.png,TLIC@bpp=0.3.png,,0,B,2324
HIT_AIIA@bpp=0.15.png,TLIC@bpp=0.075.png,,0,A,2324
reference.png,HIT_AIIA@bpp=0.3.png,,0,A,2324
codecrookie@bpp=0.15.png,CoolChic@bpp=0.3.png,,0,B,2324
CoolChic@bpp=0.075.png,vtm22.2_intra@bpp=0.15.png,,0,B,2324
vtm22.2_intra@bpp=0.075.png,reference.png,true,1,B,2313
vtm22.2_intra@bpp=0.3.png,vtm22.2_intra@bpp=0.075.png,true,1,A,2313
TLIC@bpp=0.15.png,TLIC@bpp=0.3.png,,0,B,2313
NJUeers@bpp=0.3.png,Arabica@bpp=0.3.png,,0,B,2313
Arabica@bpp=0.3.png,NJUeers@bpp=0.075.png,,0,A,2313
Arabica@bpp=0.15.png,reference.png,,0,B,2313
codecrookie@bpp=0.075.png,CoolChic@bpp=0.075.png,,0,A,2313
CoolChic@bpp=0.15.png,ED@bpp=0.075.png,,0,A,2313
vtm22.2_intra@bpp=0.3.png,NJUeers@bpp=0.3.png,,0,A,2313
vtm22.2_intra@bpp=0.075.png,TLIC@bpp=0.3.png,,0,B,2313
TLIC@bpp=0.3.png,TLIC@bpp=0.075.png,,0,A,2313
vtm22.2_intra@bpp=0.075.png,codecrookie@bpp=0.15.png,,0,B,2313
ED@bpp=0.3.png,CoolChic@bpp=0.15.png,,0,B,2313
reference.png,CoolChic@bpp=0.15.png,,0,A,2313
reference.png,vtm22.2_intra@bpp=0.3.png,,0,A,2313
NJUeers@bpp=0.3.png,NJUeers@bpp=0.075.png,,0,A,2313
hm17.0_intra@bpp=0.075.png,codecrookie@bpp=0.075.png,,0,B,2313
codecrookie@bpp=0.3.png,HIT_AIIA@bpp=0.075.png,,0,A,2313
vtm22.2_intra@bpp=0.15.png,NJUeers@bpp=0.15.png,,0,A,2313
TLIC@bpp=0.075.png,hm17.0_intra@bpp=0.15.png,,0,A,2313
Arabica@bpp=0.15.png,codecrookie@bpp=0.3.png,,0,A,2313
ED@bpp=0.3.png,TLIC@bpp=0.15.png,,0,B,2313
codecrookie@bpp=0.3.png,vtm22.2_intra@bpp=0.075.png,,0,A,2313
HIT_AIIA@bpp=0.15.png,Arabica@bpp=0.3.png,,0,A,2313
Arabica@bpp=0.075.png,reference.png,,0,B,2313
HIT_AIIA@bpp=0.3.png,hm17.0_intra@bpp=0.15.png,,0,A,2313
CoolChic@bpp=0.075.png,Arabica@bpp=0.3.png,,0,B,2313
CoolChic@bpp=0.075.png,reference.png,,0,B,2313
Arabica@bpp=0.075.png,HIT_AIIA@bpp=0.15.png,,0,B,2313
HIT_AIIA@bpp=0.075.png,NJUeers@bpp=0.15.png,,0,A,2313
vtm22.2_intra@bpp=0.075.png,Arabica@bpp=0.15.png,,0,B,2313
vtm22.2_intra@bpp=0.3.png,ED@bpp=0.075.png,,0,A,2313
TLIC@bpp=0.3.png,TLIC@bpp=0.15.png,,0,A,2313
hm17.0_intra@bpp=0.15.png,TLIC@bpp=0.15.png,,0,B,2313
vtm22.2_intra@bpp=0.3.png,vtm22.2_intra@bpp=0.075.png,true,1,A,2280
vtm22.2_intra@bpp=0.075.png,reference.png,true,1,B,2280
vtm22.2_intra@bpp=0.075.png,vtm22.2_intra@bpp=0.3.png,true,1,B,2319
vtm22.2_intra@bpp=0.3.png,vtm22.2_intra@bpp=0.075.png,true,1,A,2319
codecrookie@bpp=0.075.png,Arabica@bpp=0.075.png,,0,A,2319
HIT_AIIA@bpp=0.3.png,CoolChic@bpp=0.075.png,,0,A,2319
ED@bpp=0.3.png,vtm22.2_intra@bpp=0.15.png,,0,A,2319
TLIC@bpp=0.15.png,codecrookie@bpp=0.3.png,,0,A,2319
TLIC@bpp=0.075.png,HIT_AIIA@bpp=0.3.png,,0,B,2319
TLIC@bpp=0.3.png,ED@bpp=0.3.png,,0,A,2319
ED@bpp=0.15.png,Arabica@bpp=0.075.png,,0,B,2319
ED@bpp=0.075.png,ED@bpp=0.3.png,,0,B,2319
TLIC@bpp=0.15.png,NJUeers@bpp=0.15.png,,0,A,2319
hm17.0_intra@bpp=0.075.png,hm17.0_intra@bpp=0.3.png,,0,B,2319
vtm22.2_intra@bpp=0.3.png,CoolChic@bpp=0.3.png,,0,A,2319
CoolChic@bpp=0.15.png,codecrookie@bpp=0.3.png,,0,B,2319
TLIC@bpp=0.075.png,NJUeers@bpp=0.075.png,,0,A,2319
HIT_AIIA@bpp=0.075.png,reference.png,,0,B,2319
ED@bpp=0.15.png,NJUeers@bpp=0.3.png,,0,A,2319
NJUeers@bpp=0.3.png,ED@bpp=0.15.png,,0,A,2319
Arabica@bpp=0.3.png,vtm22.2_intra@bpp=0.075.png,,0,A,2319
hm17.0_intra@bpp=0.075.png,CoolChic@bpp=0.3.png,,0,B,2319
hm17.0_intra@bpp=0.3.png,ED@bpp=0.3.png,,0,B,2319
HIT_AIIA@bpp=0.3.png,vtm22.2_intra@bpp=0.075.png,,0,A,2319
codecrookie@bpp=0.15.png,codecrookie@bpp=0.075.png,,0,A,2319
NJUeers@bpp=0.3.png,HIT_AIIA@bpp=0.3.png,,0,B,2319
Arabica@bpp=0.3.png,CoolChic@bpp=0.075.png,,0,A,2319
HIT_AIIA@bpp=0.3.png,CoolChic@bpp=0.075.png,,0,A,2319
HIT_AIIA@bpp=0.15.png,HIT_AIIA@bpp=0.075.png,,0,A,2319
ED@bpp=0.3.png,CoolChic@bpp=0.3.png,,0,B,2319
HIT_AIIA@bpp=0.075.png,vtm22.2_intra@bpp=0.3.png,,0,B,2319
ED@bpp=0.075.png,NJUeers@bpp=0.3.png,,0,B,2319
ED@bpp=0.075.png,HIT_AIIA@bpp=0.3.png,,0,B,2319
HIT_AIIA@bpp=0.075.png,codecrookie@bpp=0.15.png,,0,B,2319
HIT_AIIA@bpp=0.3.png,reference.png,,0,B,2319
vtm22.2_intra@bpp=0.3.png,codecrookie@bpp=0.15.png,,0,A,2319
vtm22.2_intra@bpp=0.075.png,reference.png,true,1,B,1387
vtm22.2_intra@bpp=0.3.png,reference.png,true,1,A,1387
TLIC@bpp=0.075.png,HIT_AIIA@bpp=0.075.png,,0,A,2280
vtm22.2_intra@bpp=0.075.png,CoolChic@bpp=0.075.png,,0,A,2280
HIT_AIIA@bpp=0.075.png,NJUeers@bpp=0.075.png,,0,A,2280
vtm22.2_intra@bpp=0.3.png,vtm22.2_intra@bpp=0.15.png,,0,B,2280
TLIC@bpp=0.15.png,reference.png,,0,A,2280
HIT_AIIA@bpp=0.15.png,NJUeers@bpp=0.3.png,,0,A,2280
hm17.0_intra@bpp=0.3.png,ED@bpp=0.075.png,,0,A,2280
HIT_AIIA@bpp=0.3.png,codecrookie@bpp=0.075.png,,0,A,2280
codecrookie@bpp=0.3.png,NJUeers@bpp=0.075.png,,0,A,2280
codecrookie@bpp=0.075.png,codecrookie@bpp=0.3.png,,0,A,2280
CoolChic@bpp=0.3.png,ED@bpp=0.15.png,,0,A,2280
codecrookie@bpp=0.15.png,ED@bpp=0.15.png,,0,B,2280
vtm22.2_intra@bpp=0.3.png,Arabica@bpp=0.3.png,,0,A,2280
ED@bpp=0.15.png,TLIC@bpp=0.075.png,,0,A,2280
CoolChic@bpp=0.3.png,vtm22.2_intra@bpp=0.075.png,,0,A,2280
NJUeers@bpp=0.15.png,CoolChic@bpp=0.3.png,,0,B,2280
NJUeers@bpp=0.075.png,CoolChic@bpp=0.15.png,,0,B,2280
ED@bpp=0.075.png,reference.png,,0,A,2280
vtm22.2_intra@bpp=0.15.png,reference.png,,0,A,2280
hm17.0_intra@bpp=0.15.png,NJUeers@bpp=0.15.png,,0,B,2280
vtm22.2_intra@bpp=0.075.png,ED@bpp=0.075.png,,0,A,2280
Arabica@bpp=0.075.png,hm17.0_intra@bpp=0.3.png,,0,A,2280
ED@bpp=0.075.png,ED@bpp=0.3.png,,0,B,2280
HIT_AIIA@bpp=0.3.png,vtm22.2_intra@bpp=0.075.png,,0,A,2280
codecrookie@bpp=0.075.png,Arabica@bpp=0.15.png,,0,A,2280
hm17.0_intra@bpp=0.15.png,TLIC@bpp=0.3.png,,0,B,2280
ED@bpp=0.3.png,hm17.0_intra@bpp=0.075.png,,0,A,2280
hm17.0_intra@bpp=0.3.png,hm17.0_intra@bpp=0.075.png,,0,A,2280
vtm22.2_intra@bpp=0.3.png,TLIC@bpp=0.15.png,,0,A,2280
TLIC@bpp=0.075.png,vtm22.2_intra@bpp=0.075.png,,0,A,2280
Arabica@bpp=0.15.png,ED@bpp=0.075.png,,0,A,2280
HIT_AIIA@bpp=0.15.png,codecrookie@bpp=0.075.png,,0,A,2280
vtm22.2_intra@bpp=0.075.png,vtm22.2_intra@bpp=0.3.png,true,1,A,2334
vtm22.2_intra@bpp=0.3.png,vtm22.2_intra@bpp=0.075.png,true,1,A,2334
hm17.0_intra@bpp=0.15.png,ED@bpp=0.075.png,,0,A,2334
TLIC@bpp=0.15.png,TLIC@bpp=0.3.png,,0,A,2334
vtm22.2_intra@bpp=0.15.png,HIT_AIIA@bpp=0.15.png,,0,B,2334
Arabica@bpp=0.075.png,NJUeers@bpp=0.075.png,,0,B,2334
vtm22.2_intra@bpp=0.15.png,CoolChic@bpp=0.3.png,,0,B,2334
NJUeers@bpp=0.075.png,codecrookie@bpp=0.075.png,,0,B,2334
CoolChic@bpp=0.3.png,NJUeers@bpp=0.15.png,,0,A,2334
codecrookie@bpp=0.3.png,vtm22.2_intra@bpp=0.15.png,,0,A,2334
hm17.0_intra@bpp=0.15.png,TLIC@bpp=0.075.png,,0,A,2334
vtm22.2_intra@bpp=0.3.png,hm17.0_intra@bpp=0.15.png,,0,A,2334
ED@bpp=0.075.png,NJUeers@bpp=0.075.png,,0,A,2334
TLIC@bpp=0.15.png,TLIC@bpp=0.075.png,,0,A,2334
TLIC@bpp=0.3.png,CoolChic@bpp=0.15.png,,0,A,2334
HIT_AIIA@bpp=0.075.png,TLIC@bpp=0.3.png,,0,A,2334
HIT_AIIA@bpp=0.075.png,NJUeers@bpp=0.3.png,,0,A,2334
NJUeers@bpp=0.075.png,HIT_AIIA@bpp=0.075.png,,0,B,2334
HIT_AIIA@bpp=0.15.png,NJUeers@bpp=0.3.png,,0,A,2334
TLIC@bpp=0.3.png,CoolChic@bpp=0.15.png,,0,A,2334
vtm22.2_intra@bpp=0.3.png,ED@bpp=0.075.png,,0,A,2334
NJUeers@bpp=0.075.png,Arabica@bpp=0.15.png,,0,B,2334
hm17.0_intra@bpp=0.15.png,vtm22.2_intra@bpp=0.3.png,,0,B,2334
Arabica@bpp=0.075.png,TLIC@bpp=0.3.png,,0,B,2334
vtm22.2_intra@bpp=0.075.png,hm17.0_intra@bpp=0.15.png,,0,B,2334
ED@bpp=0.075.png,hm17.0_intra@bpp=0.075.png,,0,A,2334
ED@bpp=0.15.png,TLIC@bpp=0.15.png,,0,A,2334
Arabica@bpp=0.15.png,hm17.0_intra@bpp=0.3.png,,0,A,2334
HIT_AIIA@bpp=0.075.png,NJUeers@bpp=0.3.png,,0,A,2334
Arabica@bpp=0.075.png,codecrookie@bpp=0.15.png,,0,B,2334
hm17.0_intra@bpp=0.15.png,reference.png,,0,B,2334
CoolChic@bpp=0.075.png,TLIC@bpp=0.3.png,,0,B,2334
NJUeers@bpp=0.3.png,CoolChic@bpp=0.3.png,,0,B,2334
vtm22.2_intra@bpp=0.3.png,HIT_AIIA@bpp=0.075.png,,0,B,2334
reference.png,TLIC@bpp=0.15.png,,0,A,1387
codecrookie@bpp=0.15.png,TLIC@bpp=0.075.png,,0,A,1387
NJUeers@bpp=0.15.png,TLIC@bpp=0.3.png,,0,A,1387
TLIC@bpp=0.15.png,CoolChic@bpp=0.075.png,,0,B,1387
CoolChic@bpp=0.15.png,ED@bpp=0.3.png,,0,A,1387
codecrookie@bpp=0.075.png,codecrookie@bpp=0.3.png,,0,A,1387
hm17.0_intra@bpp=0.075.png,CoolChic@bpp=0.3.png,,0,B,1387
vtm22.2_intra@bpp=0.075.png,vtm22.2_intra@bpp=0.3.png,,0,A,1387
codecrookie@bpp=0.15.png,reference.png,,0,B,1387
Arabica@bpp=0.3.png,vtm22.2_intra@bpp=0.3.png,,0,A,1387
NJUeers@bpp=0.075.png,TLIC@bpp=0.3.png,,0,A,1387
vtm22.2_intra@bpp=0.075.png,NJUeers@bpp=0.15.png,,0,A,1387
NJUeers@bpp=0.15.png,HIT_AIIA@bpp=0.15.png,,0,B,1387
hm17.0_intra@bpp=0.3.png,NJUeers@bpp=0.15.png,,0,A,1387
CoolChic@bpp=0.15.png,HIT_AIIA@bpp=0.15.png,,0,B,1387
reference.png,NJUeers@bpp=0.3.png,,0,A,1387
TLIC@bpp=0.075.png,reference.png,,0,B,1387
codecrookie@bpp=0.15.png,CoolChic@bpp=0.075.png,,0,B,1387
vtm22.2_intra@bpp=0.075.png,NJUeers@bpp=0.075.png,,0,A,1387
CoolChic@bpp=0.075.png,codecrookie@bpp=0.075.png,,0,B,1387
NJUeers@bpp=0.3.png,hm17.0_intra@bpp=0.075.png,,0,A,1387
codecrookie@bpp=0.3.png,NJUeers@bpp=0.15.png,,0,A,1387
TLIC@bpp=0.3.png,HIT_AIIA@bpp=0.3.png,,0,A,1387
codecrookie@bpp=0.075.png,vtm22.2_intra@bpp=0.15.png,,0,B,1387
ED@bpp=0.075.png,vtm22.2_intra@bpp=0.075.png,,0,B,1387
TLIC@bpp=0.3.png,TLIC@bpp=0.15.png,,0,A,1387
Arabica@bpp=0.3.png,ED@bpp=0.3.png,,0,A,1387
ED@bpp=0.15.png,vtm22.2_intra@bpp=0.3.png,,0,B,1387
reference.png,CoolChic@bpp=0.3.png,,0,B,1387
hm17.0_intra@bpp=0.3.png,vtm22.2_intra@bpp=0.15.png,,0,A,1387
Arabica@bpp=0.075.png,CoolChic@bpp=0.15.png,,0,A,1387
codecrookie@bpp=0.15.png,HIT_AIIA@bpp=0.15.png,,0,A,1387
reference.png,vtm22.2_intra@bpp=0.075.png,true,1,A,2339
vtm22.2_intra@bpp=0.075.png,vtm22.2_intra@bpp=0.3.png,true,1,B,2339
vtm22.2_intra@bpp=0.075.png,reference.png,true,1,B,2073
vtm22.2_intra@bpp=0.3.png,vtm22.2_intra@bpp=0.075.png,true,1,A,2073
vtm22.2_intra@bpp=0.075.png,vtm22.2_intra@bpp=0.3.png,true,1,B,2340
reference.png,vtm22.2_intra@bpp=0.3.png,true,1,A,2340
CoolChic@bpp=0.3.png,codecrookie@bpp=0.075.png,,0,A,2073
HIT_AIIA@bpp=0.075.png,TLIC@bpp=0.3.png,,0,B,2073
ED@bpp=0.3.png,NJUeers@bpp=0.075.png,,0,A,2073
hm17.0_intra@bpp=0.15.png,vtm22.2_intra@bpp=0.15.png,,0,B,2073
HIT_AIIA@bpp=0.075.png,hm17.0_intra@bpp=0.15.png,,0,A,2073
TLIC@bpp=0.3.png,ED@bpp=0.15.png,,0,B,2073
vtm22.2_intra@bpp=0.075.png,CoolChic@bpp=0.15.png,,0,B,2073
CoolChic@bpp=0.15.png,NJUeers@bpp=0.075.png,,0,A,2073
CoolChic@bpp=0.3.png,CoolChic@bpp=0.15.png,,0,A,2073
Arabica@bpp=0.3.png,NJUeers@bpp=0.075.png,,0,A,2073
Arabica@bpp=0.15.png,codecrookie@bpp=0.075.png,,0,A,2073
hm17.0_intra@bpp=0.15.png,codecrookie@bpp=0.15.png,,0,B,2073
codecrookie@bpp=0.15.png,Arabica@bpp=0.3.png,,0,B,2073
HIT_AIIA@bpp=0.075.png,TLIC@bpp=0.15.png,,0,B,2073
TLIC@bpp=0.15.png,hm17.0_intra@bpp=0.15.png,,0,A,2073
ED@bpp=0.075.png,CoolChic@bpp=0.3.png,,0,B,2073
codecrookie@bpp=0.15.png,TLIC@bpp=0.075.png,,0,B,2073
TLIC@bpp=0.3.png,ED@bpp=0.075.png,,0,A,2073
NJUeers@bpp=0.15.png,vtm22.2_intra@bpp=0.15.png,,0,B,2073
ED@bpp=0.15.png,CoolChic@bpp=0.3.png,,0,A,2073
TLIC@bpp=0.3.png,HIT_AIIA@bpp=0.15.png,,0,A,2073
ED@bpp=0.15.png,Arabica@bpp=0.3.png,,0,B,2073
TLIC@bpp=0.075.png,vtm22.2_intra@bpp=0.075.png,,0,A,2073
NJUeers@bpp=0.15.png,CoolChic@bpp=0.075.png,,0,A,2073
TLIC@bpp=0.3.png,CoolChic@bpp=0.3.png,,0,A,2073
NJUeers@bpp=0.3.png,ED@bpp=0.075.png,,0,A,2073
NJUeers@bpp=0.075.png,Arabica@bpp=0.075.png,,0,B,2073
HIT_AIIA@bpp=0.3.png,vtm22.2_intra@bpp=0.3.png,,0,B,2073
codecrookie@bpp=0.075.png,hm17.0_intra@bpp=0.15.png,,0,B,2073
TLIC@bpp=0.15.png,TLIC@bpp=0.3.png,,0,B,2073
vtm22.2_intra@bpp=0.15.png,hm17.0_intra@bpp=0.3.png,,0,A,2073
HIT_AIIA@bpp=0.15.png,NJUeers@bpp=0.15.png,,0,A,2073
reference.png,HIT_AIIA@bpp=0.15.png,,0,A,2339
Arabica@bpp=0.3.png,NJUeers@bpp=0.15.png,,0,A,2339
ED@bpp=0.3.png,CoolChic@bpp=0.075.png,,0,A,2339
CoolChic@bpp=0.075.png,hm17.0_intra@bpp=0.3.png,,0,B,2339
codecrookie@bpp=0.3.png,hm17.0_intra@bpp=0.15.png,,0,A,2339
vtm22.2_intra@bpp=0.075.png,NJUeers@bpp=0.15.png,,0,A,2339
Arabica@bpp=0.075.png,CoolChic@bpp=0.075.png,,0,A,2339
vtm22.2_intra@bpp=0.075.png,NJUeers@bpp=0.3.png,,0,B,2339
vtm22.2_intra@bpp=0.15.png,reference.png,,0,B,2339
Arabica@bpp=0.3.png,Arabica@bpp=0.075.png,,0,A,2339
Arabica@bpp=0.15.png,TLIC@bpp=0.3.png,,0,B,2339
codecrookie@bpp=0.15.png,CoolChic@bpp=0.075.png,,0,A,2339
CoolChic@bpp=0.075.png,codecrookie@bpp=0.3.png,,0,B,2339
codecrookie@bpp=0.3.png,hm17.0_intra@bpp=0.15.png,,0,B,2339
codecrookie@bpp=0.15.png,TLIC@bpp=0.3.png,,0,A,2339
codecrookie@bpp=0.075.png,ED@bpp=0.15.png,,0,B,2339
vtm22.2_intra@bpp=0.075.png,ED@bpp=0.15.png,,0,B,2339
CoolChic@bpp=0.075.png,TLIC@bpp=0.15.png,,0,B,2339
codecrookie@bpp=0.3.png,ED@bpp=0.3.png,,0,A,2339
ED@bpp=0.3.png,CoolChic@bpp=0.075.png,,0,A,2339
NJUeers@bpp=0.075.png,codecrookie@bpp=0.3.png,,0,B,2339
hm17.0_intra@bpp=0.15.png,CoolChic@bpp=0.3.png,,0,B,2339
Arabica@bpp=0.3.png,hm17.0_intra@bpp=0.075.png,,0,A,2339
CoolChic@bpp=0.3.png,HIT_AIIA@bpp=0.075.png,,0,B,2339
vtm22.2_intra@bpp=0.15.png,CoolChic@bpp=0.075.png,,0,A,2339
NJUeers@bpp=0.075.png,TLIC@bpp=0.3.png,,0,B,2339
reference.png,codecrookie@bpp=0.15.png,,0,A,2339
vtm22.2_intra@bpp=0.3.png,Arabica@bpp=0.075.png,,0,A,2339
Arabica@bpp=0.3.png,CoolChic@bpp=0.075.png,,0,A,2339
ED@bpp=0.075.png,hm17.0_intra@bpp=0.15.png,,0,B,2339
reference.png,ED@bpp=0.075.png,,0,B,2339
hm17.0_intra@bpp=0.3.png,TLIC@bpp=0.075.png,,0,B,2339
vtm22.2_intra@bpp=0.3.png,reference.png,true,1,A,2343
reference.png,vtm22.2_intra@bpp=0.075.png,true,1,A,2343
ED@bpp=0.3.png,NJUeers@bpp=0.075.png,,0,A,2340
ED@bpp=0.075.png,hm17.0_intra@bpp=0.075.png,,0,A,2340
codecrookie@bpp=0.075.png,CoolChic@bpp=0.3.png,,0,B,2340
CoolChic@bpp=0.075.png,NJUeers@bpp=0.15.png,,0,B,2340
HIT_AIIA@bpp=0.15.png,Arabica@bpp=0.3.png,,0,A,2340
TLIC@bpp=0.15.png,ED@bpp=0.075.png,,0,A,2340
hm17.0_intra@bpp=0.3.png,HIT_AIIA@bpp=0.15.png,,0,B,2340
reference.png,CoolChic@bpp=0.075.png,,0,A,2340
ED@bpp=0.075.png,HIT_AIIA@bpp=0.075.png,,0,B,2340
ED@bpp=0.15.png,NJUeers@bpp=0.075.png,,0,A,2340
hm17.0_intra@bpp=0.3.png,TLIC@bpp=0.3.png,,0,B,2340
ED@bpp=0.3.png,NJUeers@bpp=0.3.png,,0,A,2340
hm17.0_intra@bpp=0.075.png,TLIC@bpp=0.3.png,,0,B,2340
hm17.0_intra@bpp=0.15.png,Arabica@bpp=0.075.png,,0,B,2340
TLIC@bpp=0.15.png,ED@bpp=0.075.png,,0,A,2340
codecrookie@bpp=0.3.png,vtm22.2_intra@bpp=0.3.png,,0,B,2340
Arabica@bpp=0.075.png,ED@bpp=0.075.png,,0,A,2340
vtm22.2_intra@bpp=0.15.png,vtm22.2_intra@bpp=0.075.png,,0,A,2340
HIT_AIIA@bpp=0.075.png,vtm22.2_intra@bpp=0.15.png,,0,B,2340
vtm22.2_intra@bpp=0.075.png,hm17.0_intra@bpp=0.3.png,,0,B,2340
CoolChic@bpp=0.3.png,ED@bpp=0.15.png,,0,A,2340
Arabica@bpp=0.075.png,codecrookie@bpp=0.3.png,,0,A,2340
ED@bpp=0.15.png,hm17.0_intra@bpp=0.075.png,,0,A,2340
TLIC@bpp=0.3.png,NJUeers@bpp=0.075.png,,0,A,2340
TLIC@bpp=0.075.png,vtm22.2_intra@bpp=0.15.png,,0,A,2340
TLIC@bpp=0.075.png,TLIC@bpp=0.3.png,,0,B,2340
TLIC@bpp=0.075.png,NJUeers@bpp=0.075.png,,0,A,2340
NJUeers@bpp=0.15.png,HIT_AIIA@bpp=0.075.png,,0,B,2340
vtm22.2_intra@bpp=0.3.png,vtm22.2_intra@bpp=0.075.png,,0,A,2340
codecrookie@bpp=0.15.png,hm17.0_intra@bpp=0.3.png,,0,B,2340
HIT_AIIA@bpp=0.075.png,HIT_AIIA@bpp=0.15.png,,0,B,2340
hm17.0_intra@bpp=0.15.png,CoolChic@bpp=0.075.png,,0,A,2340
Arabica@bpp=0.3.png,CoolChic@bpp=0.15.png,,0,A,2343
CoolChic@bpp=0.075.png,hm17.0_intra@bpp=0.15.png,,0,B,2343
ED@bpp=0.3.png,TLIC@bpp=0.15.png,,0,A,2343
HIT_AIIA@bpp=0.15.png,vtm22.2_intra@bpp=0.075.png,,0,A,2343
ED@bpp=0.3.png,codecrookie@bpp=0.15.png,,0,A,2343
HIT_AIIA@bpp=0.075.png,TLIC@bpp=0.15.png,,0,B,2343
vtm22.2_intra@bpp=0.15.png,Arabica@bpp=0.075.png,,0,A,2343
NJUeers@bpp=0.3.png,NJUeers@bpp=0.15.png,,0,B,2343
HIT_AIIA@bpp=0.15.png,ED@bpp=0.075.png,,0,A,2343
hm17.0_intra@bpp=0.15.png,codecrookie@bpp=0.075.png,,0,B,2343
CoolChic@bpp=0.15.png,HIT_AIIA@bpp=0.075.png,,0,A,2343
TLIC@bpp=0.15.png,Arabica@bpp=0.075.png,,0,B,2343
TLIC@bpp=0.15.png,Arabica@bpp=0.075.png,,0,B,2343
codecrookie@bpp=0.075.png,TLIC@bpp=0.075.png,,0,B,2343
Arabica@bpp=0.3.png,ED@bpp=0.075.png,,0,A,2343
reference.png,NJUeers@bpp=0.15.png,,0,A,2343
hm17.0_intra@bpp=0.15.png,vtm22.2_intra@bpp=0.075.png,,0,A,2343
vtm22.2_intra@bpp=0.075.png,Arabica@bpp=0.075.png,,0,B,2343
hm17.0_intra@bpp=0.075.png,NJUeers@bpp=0.075.png,,0,B,2343
vtm22.2_intra@bpp=0.075.png,NJUeers@bpp=0.3.png,,0,B,2343
NJUeers@bpp=0.15.png,Arabica@bpp=0.15.png,,0,A,2343
NJUeers@bpp=0.15.png,vtm22.2_intra@bpp=0.15.png,,0,B,2343
TLIC@bpp=0.075.png,ED@bpp=0.3.png,,0,B,2343
codecrookie@bpp=0.15.png,codecrookie@bpp=0.075.png,,0,B,2343
NJUeers@bpp=0.3.png,codecrookie@bpp=0.15.png,,0,A,2343
reference.png,hm17.0_intra@bpp=0.075.png,,0,A,2343
NJUeers@bpp=0.3.png,Arabica@bpp=0.075.png,,0,B,2343
vtm22.2_intra@bpp=0.3.png,CoolChic@bpp=0.3.png,,0,B,2343
NJUeers@bpp=0.3.png,CoolChic@bpp=0.075.png,,0,B,2343
hm17.0_intra@bpp=0.15.png,hm17.0_intra@bpp=0.3.png,,0,B,2343
HIT_AIIA@bpp=0.3.png,vtm22.2_intra@bpp=0.3.png,,0,A,2343
CoolChic@bpp=0.3.png,Arabica@bpp=0.3.png,,0,B,2343
reference.png,vtm22.2_intra@bpp=0.075.png,true,1,B,2349
vtm22.2_intra@bpp=0.3.png,reference.png,true,1,A,2349
vtm22.2_intra@bpp=0.3.png,reference.png,true,1,A,2348
vtm22.2_intra@bpp=0.3.png,reference.png,true,1,A,2348
codecrookie@bpp=0.3.png,Arabica@bpp=0.15.png,,0,B,2349
CoolChic@bpp=0.3.png,Arabica@bpp=0.075.png,,0,A,2349
vtm22.2_intra@bpp=0.075.png,HIT_AIIA@bpp=0.075.png,,0,B,2349
NJUeers@bpp=0.15.png,ED@bpp=0.15.png,,0,B,2349
TLIC@bpp=0.3.png,reference.png,,0,B,2349
ED@bpp=0.075.png,NJUeers@bpp=0.15.png,,0,A,2349
TLIC@bpp=0.3.png,codecrookie@bpp=0.3.png,,0,A,2349
NJUeers@bpp=0.3.png,ED@bpp=0.15.png,,0,B,2349
vtm22.2_intra@bpp=0.075.png,ED@bpp=0.075.png,,0,A,2349
NJUeers@bpp=0.3.png,HIT_AIIA@bpp=0.15.png,,0,B,2349
NJUeers@bpp=0.075.png,HIT_AIIA@bpp=0.15.png,,0,B,2349
hm17.0_intra@bpp=0.3.png,TLIC@bpp=0.075.png,,0,A,2349
codecrookie@bpp=0.075.png,hm17.0_intra@bpp=0.15.png,,0,B,2349
CoolChic@bpp=0.3.png,TLIC@bpp=0.075.png,,0,A,2349
vtm22.2_intra@bpp=0.15.png,Arabica@bpp=0.3.png,,0,B,2349
hm17.0_intra@bpp=0.15.png,HIT_AIIA@bpp=0.15.png,,0,B,2349
hm17.0_intra@bpp=0.3.png,Arabica@bpp=0.15.png,,0,B,2349
codecrookie@bpp=0.15.png,Arabica@bpp=0.15.png,,0,A,2349
reference.png,TLIC@bpp=0.075.png,,0,A,2349
CoolChic@bpp=0.15.png,TLIC@bpp=0.075.png,,0,A,2349
Arabica@bpp=0.15.png,NJUeers@bpp=0.075.png,,0,A,2349
hm17.0_intra@bpp=0.15.png,codecrookie@bpp=0.3.png,,0,B,2349
TLIC@bpp=0.075.png,TLIC@bpp=0.15.png,,0,B,2349
hm17.0_intra@bpp=0.3.png,reference.png,,0,A,2349
TLIC@bpp=0.075.png,Arabica@bpp=0.3.png,,0,A,2349
reference.png,ED@bpp=0.3.png,,0,A,2349
vtm22.2_intra@bpp=0.3.png,reference.png,,0,B,2349
hm17.0_intra@bpp=0.15.png,vtm22.2_intra@bpp=0.15.png,,0,A,2349
Arabica@bpp=0.15.png,hm17.0_intra@bpp=0.15.png,,0,B,2349
ED@bpp=0.075.png,reference.png,,0,B,2349
vtm22.2_intra@bpp=0.3.png,CoolChic@bpp=0.15.png,,0,A,2349
Arabica@bpp=0.15.png,hm17.0_intra@bpp=0.3.png,,0,A,2349
vtm22.2_intra@bpp=0.3.png,codecrookie@bpp=0.15.png,,0,A,2348
Arabica@bpp=0.075.png,HIT_AIIA@bpp=0.15.png,,0,A,2348
Arabica@bpp=0.075.png,codecrookie@bpp=0.3.png,,0,B,2348
codecrookie@bpp=0.15.png,vtm22.2_intra@bpp=0.3.png,,0,B,2348
vtm22.2_intra@bpp=0.3.png,TLIC@bpp=0.3.png,,0,A,2348
ED@bpp=0.15.png,NJUeers@bpp=0.3.png,,0,A,2348
codecrookie@bpp=0.075.png,CoolChic@bpp=0.15.png,,0,A,2348
codecrookie@bpp=0.3.png,vtm22.2_intra@bpp=0.3.png,,0,B,2348
CoolChic@bpp=0.075.png,hm17.0_intra@bpp=0.075.png,,0,B,2348
hm17.0_intra@bpp=0.075.png,CoolChic@bpp=0.15.png,,0,B,2348
NJUeers@bpp=0.075.png,vtm22.2_intra@bpp=0.3.png,,0,B,2348
vtm22.2_intra@bpp=0.15.png,TLIC@bpp=0.075.png,,0,A,2348
NJUeers@bpp=0.3.png,ED@bpp=0.075.png,,0,A,2348
HIT_AIIA@bpp=0.3.png,codecrookie@bpp=0.3.png,,0,A,2348
codecrookie@bpp=0.3.png,TLIC@bpp=0.3.png,,0,B,2348
hm17.0_intra@bpp=0.3.png,HIT_AIIA@bpp=0.075.png,,0,B,2348
ED@bpp=0.3.png,ED@bpp=0.15.png,,0,A,2348
vtm22.2_intra@bpp=0.075.png,NJUeers@bpp=0.15.png,,0,B,2348
HIT_AIIA@bpp=0.15.png,NJUeers@bpp=0.3.png,,0,A,2348
vtm22.2_intra@bpp=0.15.png,codecrookie@bpp=0.3.png,,0,B,2348
Arabica@bpp=0.15.png,hm17.0_intra@bpp=0.15.png,,0,A,2348
vtm22.2_intra@bpp=0.15.png,CoolChic@bpp=0.15.png,,0,B,2348
reference.png,hm17.0_intra@bpp=0.3.png,,0,A,2348
CoolChic@bpp=0.15.png,hm17.0_intra@bpp=0.075.png,,0,A,2348
HIT_AIIA@bpp=0.15.png,CoolChic@bpp=0.15.png,,0,A,2348
vtm22.2_intra@bpp=0.15.png,HIT_AIIA@bpp=0.15.png,,0,B,2348
CoolChic@bpp=0.075.png,HIT_AIIA@bpp=0.075.png,,0,B,2348
hm17.0_intra@bpp=0.3.png,HIT_AIIA@bpp=0.075.png,,0,B,2348
reference.png,hm17.0_intra@bpp=0.15.png,,0,A,2348
hm17.0_intra@bpp=0.3.png,TLIC@bpp=0.075.png,,0,A,2348
vtm22.2_intra@bpp=0.3.png,TLIC@bpp=0.15.png,,0,B,2348
TLIC@bpp=0.075.png,NJUeers@bpp=0.3.png,,0,B,2348
reference.png,vtm22.2_intra@bpp=0.075.png,true,1,B,2345
reference.png,vtm22.2_intra@bpp=0.075.png,true,1,A,1628
reference.png,vtm22.2_intra@bpp=0.3.png,true,1,A,1628
CoolChic@bpp=0.3.png,hm17.0_intra@bpp=0.15.png,,0,A,1628
CoolChic@bpp=0.075.png,hm17.0_intra@bpp=0.3.png,,0,B,1628
NJUeers@bpp=0.075.png,CoolChic@bpp=0.075.png,,0,A,1628
ED@bpp=0.075.png,hm17.0_intra@bpp=0.3.png,,0,B,1628
TLIC@bpp=0.3.png,HIT_AIIA@bpp=0.15.png,,0,A,1628
Arabica@bpp=0.075.png,codecrookie@bpp=0.3.png,,0,A,1628
Arabica@bpp=0.15.png,Arabica@bpp=0.3.png,,0,B,1628
vtm22.2_intra@bpp=0.3.png,codecrookie@bpp=0.075.png,,0,A,1628
CoolChic@bpp=0.075.png,codecrookie@bpp=0.3.png,,0,B,1628
Arabica@bpp=0.15.png,hm17.0_intra@bpp=0.3.png,,0,A,1628
TLIC@bpp=0.3.png,CoolChic@bpp=0.15.png,,0,A,1628
hm17.0_intra@bpp=0.15.png,TLIC@bpp=0.3.png,,0,B,1628
vtm22.2_intra@bpp=0.15.png,Arabica@bpp=0.075.png,,0,B,1628
TLIC@bpp=0.3.png,reference.png,,0,B,1628
HIT_AIIA@bpp=0.15.png,codecrookie@bpp=0.075.png,,0,A,1628
Arabica@bpp=0.3.png,HIT_AIIA@bpp=0.15.png,,0,B,1628
vtm22.2_intra@bpp=0.15.png,codecrookie@bpp=0.3.png,,0,B,1628
HIT_AIIA@bpp=0.15.png,TLIC@bpp=0.15.png,,0,A,1628
codecrookie@bpp=0.15.png,NJUeers@bpp=0.075.png,,0,A,1628
CoolChic@bpp=0.3.png,HIT_AIIA@bpp=0.15.png,,0,B,1628
TLIC@bpp=0.075.png,CoolChic@bpp=0.075.png,,0,A,1628
codecrookie@bpp=0.15.png,HIT_AIIA@bpp=0.3.png,,0,B,1628
Arabica@bpp=0.075.png,CoolChic@bpp=0.3.png,,0,B,1628
NJUeers@bpp=0.15.png,codecrookie@bpp=0.075.png,,0,B,1628
NJUeers@bpp=0.15.png,TLIC@bpp=0.3.png,,0,B,1628
HIT_AIIA@bpp=0.15.png,TLIC@bpp=0.15.png,,0,B,1628
HIT_AIIA@bpp=0.15.png,codecrookie@bpp=0.15.png,,0,A,1628
HIT_AIIA@bpp=0.15.png,HIT_AIIA@bpp=0.3.png,,0,B,1628
codecrookie@bpp=0.3.png,TLIC@bpp=0.3.png,,0,B,1628
NJUeers@bpp=0.15.png,CoolChic@bpp=0.075.png,,0,A,1628
codecrookie@bpp=0.15.png,hm17.0_intra@bpp=0.15.png,,0,A,1628
TLIC@bpp=0.15.png,Arabica@bpp=0.15.png,,0,A,1628
reference.png,vtm22.2_intra@bpp=0.3.png,true,1,A,2350
vtm22.2_intra@bpp=0.3.png,reference.png,true,1,B,2350
TLIC@bpp=0.15.png,CoolChic@bpp=0.3.png,,0,B,2350
NJUeers@bpp=0.3.png,hm17.0_intra@bpp=0.15.png,,0,A,2350
NJUeers@bpp=0.3.png,NJUeers@bpp=0.15.png,,0,A,2350
HIT_AIIA@bpp=0.075.png,codecrookie@bpp=0.075.png,,0,B,2350
Arabica@bpp=0.3.png,NJUeers@bpp=0.3.png,,0,A,2350
TLIC@bpp=0.3.png,Arabica@bpp=0.3.png,,0,A,2350
TLIC@bpp=0.075.png,vtm22.2_intra@bpp=0.075.png,,0,A,2350
HIT_AIIA@bpp=0.3.png,ED@bpp=0.15.png,,0,A,2350
HIT_AIIA@bpp=0.3.png,vtm22.2_intra@bpp=0.075.png,,0,A,2350
vtm22.2_intra@bpp=0.15.png,HIT_AIIA@bpp=0.15.png,,0,B,2350
ED@bpp=0.075.png,codecrookie@bpp=0.3.png,,0,B,2350
vtm22.2_intra@bpp=0.3.png,hm17.0_intra@bpp=0.3.png,,0,A,2350
TLIC@bpp=0.3.png,NJUeers@bpp=0.15.png,,0,A,2350
hm17.0_intra@bpp=0.15.png,reference.png,,0,B,2350
ED@bpp=0.15.png,codecrookie@bpp=0.3.png,,0,B,2350
Arabica@bpp=0.15.png,HIT_AIIA@bpp=0.15.png,,0,A,2350
Arabica@bpp=0.075.png,CoolChic@bpp=0.3.png,,0,B,2350
reference.png,CoolChic@bpp=0.15.png,,0,A,2350
TLIC@bpp=0.3.png,CoolChic@bpp=0.3.png,,0,A,2350
CoolChic@bpp=0.3.png,CoolChic@bpp=0.15.png,,0,A,2350
hm17.0_intra@bpp=0.075.png,codecrookie@bpp=0.075.png,,0,B,2350
codecrookie@bpp=0.075.png,ED@bpp=0.3.png,,0,B,2350
codecrookie@bpp=0.15.png,HIT_AIIA@bpp=0.3.png,,0,B,2350
Arabica@bpp=0.3.png,hm17.0_intra@bpp=0.3.png,,0,A,2350
CoolChic@bpp=0.3.png,TLIC@bpp=0.075.png,,0,A,2350
NJUeers@bpp=0.075.png,hm17.0_intra@bpp=0.3.png,,0,B,2350
HIT_AIIA@bpp=0.075.png,vtm22.2_intra@bpp=0.075.png,,0,A,2350
CoolChic@bpp=0.3.png,codecrookie@bpp=0.075.png,,0,A,2350
reference.png,CoolChic@bpp=0.15.png,,0,A,2350
codecrookie@bpp=0.075.png,CoolChic@bpp=0.3.png,,0,B,2350
CoolChic@bpp=0.3.png,hm17.0_intra@bpp=0.15.png,,0,A,2350
vtm22.2_intra@bpp=0.15.png,HIT_AIIA@bpp=0.3.png,,0,B,2350
vtm22.2_intra@bpp=0.3.png,vtm22.2_intra@bpp=0.075.png,true,1,A,2352
vtm22.2_intra@bpp=0.075.png,reference.png,true,1,B,2352
codecrookie@bpp=0.3.png,Arabica@bpp=0.075.png,,0,A,2352
Arabica@bpp=0.3.png,TLIC@bpp=0.3.png,,0,A,2352
codecrookie@bpp=0.3.png,vtm22.2_intra@bpp=0.075.png,,0,A,2352
vtm22.2_intra@bpp=0.3.png,codecrookie@bpp=0.15.png,,0,B,2352
CoolChic@bpp=0.3.png,vtm22.2_intra@bpp=0.075.png,,0,A,2352
NJUeers@bpp=0.15.png,vtm22.2_intra@bpp=0.15.png,,0,B,2352
codecrookie@bpp=0.3.png,HIT_AIIA@bpp=0.3.png,,0,A,2352
hm17.0_intra@bpp=0.075.png,reference.png,,0,B,2352
CoolChic@bpp=0.075.png,ED@bpp=0.075.png,,0,B,2352
NJUeers@bpp=0.3.png,TLIC@bpp=0.15.png,,0,A,2352
vtm22.2_intra@bpp=0.075.png,hm17.0_intra@bpp=0.3.png,,0,B,2352
vtm22.2_intra@bpp=0.3.png,hm17.0_intra@bpp=0.15.png,,0,A,2352
TLIC@bpp=0.15.png,reference.png,,0,B,2352
CoolChic@bpp=0.075.png,NJUeers@bpp=0.3.png,,0,B,2352
Arabica@bpp=0.075.png,HIT_AIIA@bpp=0.075.png,,0,B,2352
Arabica@bpp=0.075.png,vtm22.2_intra@bpp=0.3.png,,0,A,2352
TLIC@bpp=0.3.png,ED@bpp=0.15.png,,0,A,2352
hm17.0_intra@bpp=0.075.png,reference.png,,0,B,2352
hm17.0_intra@bpp=0.075.png,vtm22.2_intra@bpp=0.15.png,,0,B,2352
codecrookie@bpp=0.075.png,ED@bpp=0.3.png,,0,B,2352
Arabica@bpp=0.15.png,hm17.0_intra@bpp=0.15.png,,0,B,2352
hm17.0_intra@bpp=0.3.png,ED@bpp=0.15.png,,0,A,2352
Arabica@bpp=0.3.png,ED@bpp=0.3.png,,0,B,2352
CoolChic@bpp=0.075.png,Arabica@bpp=0.15.png,,0,B,2352
TLIC@bpp=0.3.png,TLIC@bpp=0.15.png,,0,A,2352
NJUeers@bpp=0.15.png,CoolChic@bpp=0.3.png,,0,B,2352
codecrookie@bpp=0.075.png,TLIC@bpp=0.3.png,,0,B,2352
hm17.0_intra@bpp=0.3.png,TLIC@bpp=0.3.png,,0,B,2352
vtm22.2_intra@bpp=0.3.png,Arabica@bpp=0.3.png,,0,B,2352
CoolChic@bpp=0.3.png,TLIC@bpp=0.3.png,,0,A,2352
reference.png,vtm22.2_intra@bpp=0.15.png,,0,A,2352
HIT_AIIA@bpp=0.15.png,TLIC@bpp=0.075.png,,0,A,2352
reference.png,vtm22.2_intra@bpp=0.3.png,true,1,A,2362
vtm22.2_intra@bpp=0.075.png,reference.png,true,1,B,2362
reference.png,TLIC@bpp=0.3.png,,0,B,2362
CoolChic@bpp=0.3.png,ED@bpp=0.15.png,,0,B,2362
NJUeers@bpp=0.075.png,CoolChic@bpp=0.15.png,,0,B,2362
hm17.0_intra@bpp=0.075.png,HIT_AIIA@bpp=0.15.png,,0,B,2362
codecrookie@bpp=0.075.png,ED@bpp=0.15.png,,0,B,2362
codecrookie@bpp=0.3.png,ED@bpp=0.15.png,,0,B,2362
CoolChic@bpp=0.15.png,hm17.0_intra@bpp=0.075.png,,0,A,2362
hm17.0_intra@bpp=0.15.png,TLIC@bpp=0.15.png,,0,B,2362
Arabica@bpp=0.3.png,ED@bpp=0.075.png,,0,A,2362
codecrookie@bpp=0.3.png,ED@bpp=0.3.png,,0,A,2362
vtm22.2_intra@bpp=0.3.png,ED@bpp=0.3.png,,0,B,2362
hm17.0_intra@bpp=0.15.png,Arabica@bpp=0.075.png,,0,B,2362
HIT_AIIA@bpp=0.15.png,hm17.0_intra@bpp=0.075.png,,0,A,2362
hm17.0_intra@bpp=0.15.png,NJUeers@bpp=0.15.png,,0,B,2362
reference.png,vtm22.2_intra@bpp=0.3.png,,0,A,2362
TLIC@bpp=0.3.png,ED@bpp=0.15.png,,0,A,2362
codecrookie@bpp=0.15.png,Arabica@bpp=0.15.png,,0,B,2362
hm17.0_intra@bpp=0.15.png,Arabica@bpp=0.3.png,,0,B,2362
ED@bpp=0.075.png,NJUeers@bpp=0.075.png,,0,A,2362
TLIC@bpp=0.15.png,Arabica@bpp=0.075.png,,0,B,2362
vtm22.2_intra@bpp=0.15.png,codecrookie@bpp=0.075.png,,0,A,2362
TLIC@bpp=0.15.png,vtm22.2_intra@bpp=0.075.png,,0,A,2362
vtm22.2_intra@bpp=0.3.png,TLIC@bpp=0.075.png,,0,A,2362
ED@bpp=0.3.png,Arabica@bpp=0.3.png,,0,A,2362
reference.png,vtm22.2_intra@bpp=0.3.png,,0,A,2362
CoolChic@bpp=0.15.png,Arabica@bpp=0.075.png,,0,B,2362
vtm22.2_intra@bpp=0.075.png,vtm22.2_intra@bpp=0.15.png,,0,B,2362
HIT_AIIA@bpp=0.3.png,NJUeers@bpp=0.3.png,,0,B,2362
codecrookie@bpp=0.3.png,TLIC@bpp=0.15.png,,0,B,2362
hm17.0_intra@bpp=0.15.png,HIT_AIIA@bpp=0.075.png,,0,A,2362
NJUeers@bpp=0.075.png,TLIC@bpp=0.075.png,,0,B,2362
vtm22.2_intra@bpp=0.15.png,NJUeers@bpp=0.15.png,,0,A,2362
vtm22.2_intra@bpp=0.3.png,vtm22.2_intra@bpp=0.075.png,true,1,A,1796
vtm22.2_intra@bpp=0.3.png,reference.png,true,1,B,1796
vtm22.2_intra@bpp=0.075.png,reference.png,true,1,B,2071
vtm22.2_intra@bpp=0.075.png,reference.png,true,1,B,2071
reference.png,vtm22.2_intra@bpp=0.3.png,true,1,A,1946
vtm22.2_intra@bpp=0.075.png,vtm22.2_intra@bpp=0.3.png,true,1,B,1946
vtm22.2_intra@bpp=0.3.png,vtm22.2_intra@bpp=0.075.png,true,1,A,1670
reference.png,vtm22.2_intra@bpp=0.3.png,true,1,B,1670
reference.png,vtm22.2_intra@bpp=0.3.png,true,1,A,1924
vtm22.2_intra@bpp=0.075.png,vtm22.2_intra@bpp=0.3.png,true,1,B,1924
codecrookie@bpp=0.15.png,NJUeers@bpp=0.3.png,,0,B,2071
CoolChic@bpp=0.075.png,ED@bpp=0.075.png,,0,A,2071
CoolChic@bpp=0.3.png,ED@bpp=0.075.png,,0,A,2071
ED@bpp=0.15.png,reference.png,,0,B,2071
hm17.0_intra@bpp=0.075.png,TLIC@bpp=0.3.png,,0,B,2071
CoolChic@bpp=0.15.png,vtm22.2_intra@bpp=0.3.png,,0,B,2071
vtm22.2_intra@bpp=0.3.png,CoolChic@bpp=0.075.png,,0,A,2071
hm17.0_intra@bpp=0.075.png,TLIC@bpp=0.3.png,,0,B,2071
CoolChic@bpp=0.15.png,TLIC@bpp=0.15.png,,0,B,2071
codecrookie@bpp=0.075.png,HIT_AIIA@bpp=0.075.png,,0,B,2071
TLIC@bpp=0.15.png,CoolChic@bpp=0.075.png,,0,A,2071
hm17.0_intra@bpp=0.075.png,vtm22.2_intra@bpp=0.075.png,,0,A,2071
hm17.0_intra@bpp=0.075.png,Arabica@bpp=0.075.png,,0,B,2071
ED@bpp=0.15.png,Arabica@bpp=0.15.png,,0,A,2071
NJUeers@bpp=0.15.png,vtm22.2_intra@bpp=0.075.png,,0,A,2071
Arabica@bpp=0.075.png,CoolChic@bpp=0.075.png,,0,A,2071
vtm22.2_intra@bpp=0.3.png,NJUeers@bpp=0.3.png,,0,A,2071
Arabica@bpp=0.075.png,hm17.0_intra@bpp=0.3.png,,0,B,2071
TLIC@bpp=0.15.png,CoolChic@bpp=0.15.png,,0,B,2071
codecrookie@bpp=0.15.png,CoolChic@bpp=0.075.png,,0,A,2071
NJUeers@bpp=0.3.png,ED@bpp=0.075.png,,0,A,2071
codecrookie@bpp=0.075.png,Arabica@bpp=0.15.png,,0,B,2071
ED@bpp=0.075.png,hm17.0_intra@bpp=0.3.png,,0,B,2071
hm17.0_intra@bpp=0.075.png,ED@bpp=0.3.png,,0,B,2071
HIT_AIIA@bpp=0.075.png,codecrookie@bpp=0.3.png,,0,B,2071
reference.png,CoolChic@bpp=0.3.png,,0,A,2071
codecrookie@bpp=0.15.png,vtm22.2_intra@bpp=0.075.png,,0,A,2071
CoolChic@bpp=0.075.png,hm17.0_intra@bpp=0.3.png,,0,B,2071
ED@bpp=0.075.png,NJUeers@bpp=0.15.png,,0,A,2071
ED@bpp=0.15.png,NJUeers@bpp=0.15.png,,0,A,2071
vtm22.2_intra@bpp=0.075.png,hm17.0_intra@bpp=0.15.png,,0,B,2071
hm17.0_intra@bpp=0.075.png,CoolChic@bpp=0.3.png,,0,B,2071
vtm22.2_intra@bpp=0.075.png,reference.png,true,1,B,2013
vtm22.2_intra@bpp=0.3.png,reference.png,true,1,B,2013
vtm22.2_intra@bpp=0.3.png,reference.png,true,1,B,2101
vtm22.2_intra@bpp=0.075.png,vtm22.2_intra@bpp=0.3.png,true,1,B,2101
Arabica@bpp=0.075.png,NJUeers@bpp=0.15.png,,0,A,1796
CoolChic@bpp=0.075.png,HIT_AIIA@bpp=0.15.png,,0,B,1796
Arabica@bpp=0.3.png,CoolChic@bpp=0.075.png,,0,A,1796
hm17.0_intra@bpp=0.3.png,Arabica@bpp=0.3.png,,0,B,1796
CoolChic@bpp=0.3.png,CoolChic@bpp=0.15.png,,0,A,1796
vtm22.2_intra@bpp=0.3.png,ED@bpp=0.3.png,,0,B,1796
TLIC@bpp=0.15.png,NJUeers@bpp=0.15.png,,0,A,1796
TLIC@bpp=0.075.png,ED@bpp=0.15.png,,0,A,1796
vtm22.2_intra@bpp=0.15.png,CoolChic@bpp=0.15.png,,0,A,1796
TLIC@bpp=0.075.png,ED@bpp=0.15.png,,0,B,1796
HIT_AIIA@bpp=0.15.png,reference.png,,0,B,1796
codecrookie@bpp=0.075.png,Arabica@bpp=0.3.png,,0,B,1796
NJUeers@bpp=0.3.png,HIT_AIIA@bpp=0.3.png,,0,B,1796
CoolChic@bpp=0.075.png,hm17.0_intra@bpp=0.15.png,,0,B,1796
HIT_AIIA@bpp=0.075.png,ED@bpp=0.15.png,,0,B,1796
vtm22.2_intra@bpp=0.3.png,Arabica@bpp=0.075.png,,0,B,1796
hm17.0_intra@bpp=0.15.png,TLIC@bpp=0.15.png,,0,B,1796
ED@bpp=0.3.png,hm17.0_intra@bpp=0.075.png,,0,A,1796
Arabica@bpp=0.3.png,NJUeers@bpp=0.3.png,,0,A,1796
CoolChic@bpp=0.075.png,NJUeers@bpp=0.3.png,,0,B,1796
hm17.0_intra@bpp=0.15.png,HIT_AIIA@bpp=0.15.png,,0,B,1796
NJUeers@bpp=0.15.png,HIT_AIIA@bpp=0.15.png,,0,B,1796
NJUeers@bpp=0.15.png,TLIC@bpp=0.075.png,,0,B,1796
codecrookie@bpp=0.075.png,hm17.0_intra@bpp=0.3.png,,0,B,1796
vtm22.2_intra@bpp=0.075.png,reference.png,,0,B,1796
Arabica@bpp=0.075.png,CoolChic@bpp=0.3.png,,0,A,1796
ED@bpp=0.3.png,NJUeers@bpp=0.3.png,,0,B,1796
CoolChic@bpp=0.3.png,Arabica@bpp=0.075.png,,0,A,1796
NJUeers@bpp=0.15.png,codecrookie@bpp=0.075.png,,0,B,1796
CoolChic@bpp=0.075.png,NJUeers@bpp=0.15.png,,0,B,1796
CoolChic@bpp=0.15.png,CoolChic@bpp=0.3.png,,0,B,1796
HIT_AIIA@bpp=0.3.png,CoolChic@bpp=0.15.png,,0,A,1796
Arabica@bpp=0.15.png,Arabica@bpp=0.075.png,,0,B,1670
hm17.0_intra@bpp=0.3.png,reference.png,,0,B,1670
NJUeers@bpp=0.075.png,hm17.0_intra@bpp=0.3.png,,0,B,1670
vtm22.2_intra@bpp=0.3.png,HIT_AIIA@bpp=0.075.png,,0,B,1670
reference.png,hm17.0_intra@bpp=0.3.png,,0,A,1670
ED@bpp=0.075.png,TLIC@bpp=0.15.png,,0,A,1670
CoolChic@bpp=0.15.png,TLIC@bpp=0.3.png,,0,B,1670
NJUeers@bpp=0.15.png,TLIC@bpp=0.3.png,,0,A,1670
TLIC@bpp=0.075.png,ED@bpp=0.15.png,,0,A,1670
HIT_AIIA@bpp=0.15.png,HIT_AIIA@bpp=0.3.png,,0,A,1670
Arabica@bpp=0.075.png,codecrookie@bpp=0.3.png,,0,A,1670
NJUeers@bpp=0.3.png,TLIC@bpp=0.15.png,,0,B,1670
ED@bpp=0.3.png,Arabica@bpp=0.075.png,,0,A,1670
ED@bpp=0.3.png,NJUeers@bpp=0.15.png,,0,A,1670
CoolChic@bpp=0.15.png,TLIC@bpp=0.15.png,,0,B,1670
TLIC@bpp=0.3.png,NJUeers@bpp=0.15.png,,0,A,1670
HIT_AIIA@bpp=0.15.png,NJUeers@bpp=0.15.png,,0,A,1670
Arabica@bpp=0.3.png,ED@bpp=0.15.png,,0,A,1670
ED@bpp=0.15.png,codecrookie@bpp=0.075.png,,0,A,1670
TLIC@bpp=0.3.png,hm17.0_intra@bpp=0.15.png,,0,A,1670
CoolChic@bpp=0.15.png,hm17.0_intra@bpp=0.075.png,,0,A,1670
TLIC@bpp=0.3.png,reference.png,,0,A,1670
Arabica@bpp=0.15.png,NJUeers@bpp=0.15.png,,0,A,1670
ED@bpp=0.3.png,Arabica@bpp=0.075.png,,0,B,1670
NJUeers@bpp=0.075.png,HIT_AIIA@bpp=0.15.png,,0,B,1670
vtm22.2_intra@bpp=0.15.png,NJUeers@bpp=0.075.png,,0,A,1670
HIT_AIIA@bpp=0.3.png,Arabica@bpp=0.075.png,,0,A,1670
hm17.0_intra@bpp=0.075.png,HIT_AIIA@bpp=0.075.png,,0,B,1670
Arabica@bpp=0.075.png,codecrookie@bpp=0.15.png,,0,A,1670
HIT_AIIA@bpp=0.3.png,hm17.0_intra@bpp=0.3.png,,0,A,1670
ED@bpp=0.075.png,reference.png,,0,B,1670
HIT_AIIA@bpp=0.075.png,NJUeers@bpp=0.15.png,,0,A,1670
NJUeers@bpp=0.3.png,TLIC@bpp=0.075.png,,0,B,1924
CoolChic@bpp=0.3.png,Arabica@bpp=0.3.png,,0,B,1924
hm17.0_intra@bpp=0.3.png,HIT_AIIA@bpp=0.3.png,,0,B,1924
vtm22.2_intra@bpp=0.15.png,CoolChic@bpp=0.3.png,,0,B,1924
CoolChic@bpp=0.3.png,hm17.0_intra@bpp=0.15.png,,0,A,1924
Arabica@bpp=0.3.png,codecrookie@bpp=0.15.png,,0,A,1924
codecrookie@bpp=0.075.png,Arabica@bpp=0.15.png,,0,B,1924
CoolChic@bpp=0.3.png,HIT_AIIA@bpp=0.3.png,,0,B,1924
reference.png,vtm22.2_intra@bpp=0.075.png,,0,A,1924
CoolChic@bpp=0.15.png,HIT_AIIA@bpp=0.3.png,,0,B,1924
NJUeers@bpp=0.075.png,Arabica@bpp=0.075.png,,0,B,1924
codecrookie@bpp=0.15.png,vtm22.2_intra@bpp=0.15.png,,0,A,1924
hm17.0_intra@bpp=0.075.png,hm17.0_intra@bpp=0.15.png,,0,B,1924
reference.png,HIT_AIIA@bpp=0.075.png,,0,A,1924
vtm22.2_intra@bpp=0.15.png,NJUeers@bpp=0.075.png,,0,A,1924
Arabica@bpp=0.15.png,CoolChic@bpp=0.3.png,,0,A,1924
ED@bpp=0.075.png,CoolChic@bpp=0.15.png,,0,A,1924
codecrookie@bpp=0.075.png,HIT_AIIA@bpp=0.3.png,,0,B,1924
TLIC@bpp=0.3.png,ED@bpp=0.075.png,,0,A,1924
HIT_AIIA@bpp=0.3.png,NJUeers@bpp=0.3.png,,0,A,1924
Arabica@bpp=0.15.png,vtm22.2_intra@bpp=0.3.png,,0,A,1924
Arabica@bpp=0.15.png,codecrookie@bpp=0.075.png,,0,A,1924
vtm22.2_intra@bpp=0.075.png,hm17.0_intra@bpp=0.15.png,,0,B,1924
NJUeers@bpp=0.15.png,vtm22.2_intra@bpp=0.3.png,,0,B,1924
reference.png,NJUeers@bpp=0.15.png,,0,A,1924
Arabica@bpp=0.075.png,codecrookie@bpp=0.3.png,,0,A,1924
TLIC@bpp=0.075.png,NJUeers@bpp=0.15.png,,0,A,1924
NJUeers@bpp=0.15.png,hm17.0_intra@bpp=0.15.png,,0,A,1924
vtm22.2_intra@bpp=0.15.png,HIT_AIIA@bpp=0.075.png,,0,B,1924
ED@bpp=0.3.png,reference.png,,0,B,1924
NJUeers@bpp=0.3.png,TLIC@bpp=0.075.png,,0,A,1924
CoolChic@bpp=0.3.png,codecrookie@bpp=0.15.png,,0,B,1924
codecrookie@bpp=0.075.png,NJUeers@bpp=0.075.png,,0,A,2013
hm17.0_intra@bpp=0.3.png,vtm22.2_intra@bpp=0.3.png,,0,A,2013
hm17.0_intra@bpp=0.3.png,ED@bpp=0.15.png,,0,B,2013
HIT_AIIA@bpp=0.075.png,vtm22.2_intra@bpp=0.075.png,,0,A,2013
vtm22.2_intra@bpp=0.15.png,codecrookie@bpp=0.075.png,,0,B,2013
codecrookie@bpp=0.15.png,hm17.0_intra@bpp=0.3.png,,0,A,2013
Arabica@bpp=0.075.png,NJUeers@bpp=0.3.png,,0,B,2013
TLIC@bpp=0.15.png,Arabica@bpp=0.3.png,,0,A,2013
Arabica@bpp=0.3.png,hm17.0_intra@bpp=0.15.png,,0,A,2013
TLIC@bpp=0.075.png,codecrookie@bpp=0.3.png,,0,B,2013
hm17.0_intra@bpp=0.075.png,NJUeers@bpp=0.15.png,,0,B,2013
TLIC@bpp=0.15.png,HIT_AIIA@bpp=0.075.png,,0,B,2013
vtm22.2_intra@bpp=0.3.png,TLIC@bpp=0.075.png,,0,A,2013
Arabica@bpp=0.3.png,NJUeers@bpp=0.075.png,,0,A,2013
Arabica@bpp=0.075.png,NJUeers@bpp=0.15.png,,0,A,2013
reference.png,HIT_AIIA@bpp=0.3.png,,0,A,2013
TLIC@bpp=0.075.png,hm17.0_intra@bpp=0.3.png,,0,A,2013
Arabica@bpp=0.3.png,vtm22.2_intra@bpp=0.075.png,,0,A,2013
TLIC@bpp=0.3.png,NJUeers@bpp=0.075.png,,0,A,2013
NJUeers@bpp=0.075.png,TLIC@bpp=0.3.png,,0,B,2013
HIT_AIIA@bpp=0.075.png,CoolChic@bpp=0.075.png,,0,B,2013
HIT_AIIA@bpp=0.3.png,hm17.0_intra@bpp=0.075.png,,0,A,2013
Arabica@bpp=0.075.png,reference.png,,0,B,2013
Arabica@bpp=0.3.png,ED@bpp=0.075.png,,0,A,2013
codecrookie@bpp=0.3.png,reference.png,,0,B,2013
Arabica@bpp=0.3.png,CoolChic@bpp=0.075.png,,0,A,2013
TLIC@bpp=0.075.png,TLIC@bpp=0.15.png,,0,B,2013
vtm22.2_intra@bpp=0.075.png,ED@bpp=0.075.png,,0,B,2013
CoolChic@bpp=0.3.png,NJUeers@bpp=0.075.png,,0,A,2013
TLIC@bpp=0.3.png,reference.png,,0,B,2013
ED@bpp=0.3.png,CoolChic@bpp=0.15.png,,0,A,2013
vtm22.2_intra@bpp=0.3.png,HIT_AIIA@bpp=0.075.png,,0,A,2013
reference.png,vtm22.2_intra@bpp=0.075.png,true,1,A,1712
vtm22.2_intra@bpp=0.3.png,reference.png,true,1,A,1712
hm17.0_intra@bpp=0.3.png,ED@bpp=0.15.png,,0,B,2101
NJUeers@bpp=0.075.png,HIT_AIIA@bpp=0.15.png,,0,B,2101
reference.png,TLIC@bpp=0.3.png,,0,A,2101
codecrookie@bpp=0.075.png,vtm22.2_intra@bpp=0.15.png,,0,A,2101
ED@bpp=0.075.png,CoolChic@bpp=0.15.png,,0,B,2101
TLIC@bpp=0.075.png,NJUeers@bpp=0.15.png,,0,B,2101
codecrookie@bpp=0.075.png,HIT_AIIA@bpp=0.15.png,,0,B,2101
TLIC@bpp=0.15.png,Arabica@bpp=0.15.png,,0,B,2101
ED@bpp=0.3.png,CoolChic@bpp=0.075.png,,0,B,2101
CoolChic@bpp=0.075.png,HIT_AIIA@bpp=0.15.png,,0,B,2101
codecrookie@bpp=0.15.png,ED@bpp=0.15.png,,0,A,2101
codecrookie@bpp=0.15.png,vtm22.2_intra@bpp=0.15.png,,0,A,2101
codecrookie@bpp=0.075.png,Arabica@bpp=0.3.png,,0,B,2101
NJUeers@bpp=0.075.png,HIT_AIIA@bpp=0.075.png,,0,B,2101
codecrookie@bpp=0.3.png,NJUeers@bpp=0.15.png,,0,A,2101
hm17.0_intra@bpp=0.3.png,ED@bpp=0.15.png,,0,A,2101
ED@bpp=0.3.png,codecrookie@bpp=0.15.png,,0,B,2101
CoolChic@bpp=0.15.png,ED@bpp=0.15.png,,0,B,2101
codecrookie@bpp=0.3.png,HIT_AIIA@bpp=0.3.png,,0,A,2101
TLIC@bpp=0.3.png,vtm22.2_intra@bpp=0.3.png,,0,A,2101
TLIC@bpp=0.15.png,reference.png,,0,B,2101
HIT_AIIA@bpp=0.15.png,CoolChic@bpp=0.075.png,,0,A,2101
ED@bpp=0.15.png,codecrookie@bpp=0.3.png,,0,B,2101
NJUeers@bpp=0.075.png,hm17.0_intra@bpp=0.3.png,,0,B,2101
NJUeers@bpp=0.15.png,ED@bpp=0.3.png,,0,B,2101
vtm22.2_intra@bpp=0.15.png,HIT_AIIA@bpp=0.15.png,,0,B,2101
hm17.0_intra@bpp=0.075.png,HIT_AIIA@bpp=0.15.png,,0,B,2101
codecrookie@bpp=0.3.png,hm17.0_intra@bpp=0.15.png,,0,A,2101
Arabica@bpp=0.075.png,NJUeers@bpp=0.3.png,,0,A,2101
ED@bpp=0.15.png,NJUeers@bpp=0.3.png,,0,B,2101
HIT_AIIA@bpp=0.3.png,vtm22.2_intra@bpp=0.3.png,,0,A,2101
reference.png,NJUeers@bpp=0.075.png,,0,A,2101
reference.png,vtm22.2_intra@bpp=0.3.png,true,1,A,2375
reference.png,vtm22.2_intra@bpp=0.075.png,true,1,A,2375
vtm22.2_intra@bpp=0.075.png,vtm22.2_intra@bpp=0.3.png,true,1,B,2326
vtm22.2_intra@bpp=0.075.png,reference.png,true,1,B,2326
HIT_AIIA@bpp=0.15.png,NJUeers@bpp=0.3.png,,0,B,1946
Arabica@bpp=0.3.png,vtm22.2_intra@bpp=0.075.png,,0,A,1946
hm17.0_intra@bpp=0.3.png,codecrookie@bpp=0.3.png,,0,B,1946
TLIC@bpp=0.075.png,codecrookie@bpp=0.075.png,,0,A,1946
codecrookie@bpp=0.15.png,ED@bpp=0.15.png,,0,B,1946
TLIC@bpp=0.075.png,codecrookie@bpp=0.3.png,,0,B,1946
codecrookie@bpp=0.075.png,CoolChic@bpp=0.075.png,,0,B,1946
hm17.0_intra@bpp=0.3.png,NJUeers@bpp=0.075.png,,0,A,1946
reference.png,hm17.0_intra@bpp=0.15.png,,0,A,1946
codecrookie@bpp=0.3.png,TLIC@bpp=0.075.png,,0,A,1946
Arabica@bpp=0.3.png,HIT_AIIA@bpp=0.3.png,,0,B,1946
NJUeers@bpp=0.3.png,TLIC@bpp=0.075.png,,0,A,1946
vtm22.2_intra@bpp=0.3.png,HIT_AIIA@bpp=0.15.png,,0,A,1946
Arabica@bpp=0.3.png,ED@bpp=0.15.png,,0,A,1946
vtm22.2_intra@bpp=0.075.png,CoolChic@bpp=0.075.png,,0,B,1946
ED@bpp=0.15.png,ED@bpp=0.075.png,,0,A,1946
CoolChic@bpp=0.15.png,ED@bpp=0.3.png,,0,B,1946
TLIC@bpp=0.15.png,hm17.0_intra@bpp=0.15.png,,0,B,1946
ED@bpp=0.3.png,Arabica@bpp=0.075.png,,0,A,1946
vtm22.2_intra@bpp=0.15.png,codecrookie@bpp=0.075.png,,0,A,1946
codecrookie@bpp=0.15.png,ED@bpp=0.075.png,,0,B,1946
NJUeers@bpp=0.075.png,codecrookie@bpp=0.075.png,,0,B,1946
vtm22.2_intra@bpp=0.3.png,HIT_AIIA@bpp=0.3.png,,0,B,1946
ED@bpp=0.15.png,codecrookie@bpp=0.075.png,,0,A,1946
vtm22.2_intra@bpp=0.15.png,HIT_AIIA@bpp=0.15.png,,0,B,1946
CoolChic@bpp=0.15.png,ED@bpp=0.15.png,,0,A,1946
vtm22.2_intra@bpp=0.3.png,CoolChic@bpp=0.3.png,,0,A,1946
TLIC@bpp=0.3.png,hm17.0_intra@bpp=0.15.png,,0,A,1946
hm17.0_intra@bpp=0.3.png,HIT_AIIA@bpp=0.15.png,,0,B,1946
TLIC@bpp=0.15.png,ED@bpp=0.075.png,,0,B,1946
vtm22.2_intra@bpp=0.3.png,vtm22.2_intra@bpp=0.15.png,,0,A,1946
vtm22.2_intra@bpp=0.15.png,HIT_AIIA@bpp=0.15.png,,0,B,1946
vtm22.2_intra@bpp=0.075.png,reference.png,true,1,B,2128
vtm22.2_intra@bpp=0.3.png,vtm22.2_intra@bpp=0.075.png,true,1,A,2128
TLIC@bpp=0.15.png,reference.png,,0,B,2326
CoolChic@bpp=0.075.png,ED@bpp=0.15.png,,0,B,2326
TLIC@bpp=0.3.png,codecrookie@bpp=0.15.png,,0,A,2326
codecrookie@bpp=0.3.png,Arabica@bpp=0.3.png,,0,B,2326
CoolChic@bpp=0.075.png,HIT_AIIA@bpp=0.15.png,,0,B,2326
Arabica@bpp=0.3.png,codecrookie@bpp=0.15.png,,0,A,2326
hm17.0_intra@bpp=0.15.png,ED@bpp=0.3.png,,0,B,2326
HIT_AIIA@bpp=0.3.png,ED@bpp=0.3.png,,0,B,2326
Arabica@bpp=0.3.png,HIT_AIIA@bpp=0.3.png,,0,B,2326
NJUeers@bpp=0.3.png,CoolChic@bpp=0.075.png,,0,A,2326
CoolChic@bpp=0.15.png,codecrookie@bpp=0.3.png,,0,B,2326
reference.png,ED@bpp=0.15.png,,0,A,2326
TLIC@bpp=0.15.png,CoolChic@bpp=0.075.png,,0,A,2326
reference.png,HIT_AIIA@bpp=0.15.png,,0,A,2326
reference.png,HIT_AIIA@bpp=0.075.png,,0,A,2326
NJUeers@bpp=0.15.png,ED@bpp=0.15.png,,0,B,2326
NJUeers@bpp=0.075.png,hm17.0_intra@bpp=0.15.png,,0,A,2326
HIT_AIIA@bpp=0.3.png,reference.png,,0,B,2326
Arabica@bpp=0.3.png,hm17.0_intra@bpp=0.15.png,,0,A,2326
CoolChic@bpp=0.3.png,NJUeers@bpp=0.15.png,,0,A,2326
vtm22.2_intra@bpp=0.15.png,NJUeers@bpp=0.075.png,,0,A,2326
codecrookie@bpp=0.3.png,NJUeers@bpp=0.3.png,,0,A,2326
TLIC@bpp=0.3.png,TLIC@bpp=0.075.png,,0,A,2326
TLIC@bpp=0.075.png,CoolChic@bpp=0.075.png,,0,A,2326
codecrookie@bpp=0.3.png,Arabica@bpp=0.075.png,,0,A,2326
reference.png,TLIC@bpp=0.3.png,,0,A,2326
HIT_AIIA@bpp=0.3.png,Arabica@bpp=0.075.png,,0,A,2326
codecrookie@bpp=0.15.png,TLIC@bpp=0.075.png,,0,B,2326
NJUeers@bpp=0.3.png,reference.png,,0,B,2326
hm17.0_intra@bpp=0.075.png,NJUeers@bpp=0.075.png,,0,B,2326
Arabica@bpp=0.075.png,HIT_AIIA@bpp=0.15.png,,0,B,2326
ED@bpp=0.075.png,hm17.0_intra@bpp=0.15.png,,0,B,2326
reference.png,ED@bpp=0.075.png,,0,A,2375
codecrookie@bpp=0.3.png,Arabica@bpp=0.15.png,,0,B,2375
reference.png,TLIC@bpp=0.15.png,,0,B,2375
hm17.0_intra@bpp=0.15.png,HIT_AIIA@bpp=0.3.png,,0,B,2375
hm17.0_intra@bpp=0.15.png,TLIC@bpp=0.075.png,,0,B,2375
HIT_AIIA@bpp=0.3.png,CoolChic@bpp=0.15.png,,0,A,2375
Arabica@bpp=0.15.png,ED@bpp=0.3.png,,0,B,2375
vtm22.2_intra@bpp=0.15.png,CoolChic@bpp=0.075.png,,0,B,2375
HIT_AIIA@bpp=0.3.png,TLIC@bpp=0.3.png,,0,B,2375
hm17.0_intra@bpp=0.3.png,vtm22.2_intra@bpp=0.3.png,,0,B,2375
TLIC@bpp=0.15.png,vtm22.2_intra@bpp=0.3.png,,0,B,2375
Arabica@bpp=0.15.png,NJUeers@bpp=0.3.png,,0,B,2375
CoolChic@bpp=0.15.png,NJUeers@bpp=0.15.png,,0,A,2375
TLIC@bpp=0.3.png,TLIC@bpp=0.15.png,,0,B,2375
TLIC@bpp=0.075.png,hm17.0_intra@bpp=0.3.png,,0,B,2375
vtm22.2_intra@bpp=0.3.png,ED@bpp=0.075.png,,0,A,2375
TLIC@bpp=0.3.png,TLIC@bpp=0.075.png,,0,A,2375
CoolChic@bpp=0.3.png,NJUeers@bpp=0.3.png,,0,B,2375
TLIC@bpp=0.15.png,codecrookie@bpp=0.075.png,,0,A,2375
HIT_AIIA@bpp=0.15.png,codecrookie@bpp=0.075.png,,0,A,2375
HIT_AIIA@bpp=0.075.png,codecrookie@bpp=0.15.png,,0,B,2375
NJUeers@bpp=0.3.png,HIT_AIIA@bpp=0.3.png,,0,B,2375
hm17.0_intra@bpp=0.15.png,codecrookie@bpp=0.3.png,,0,B,2375
ED@bpp=0.3.png,vtm22.2_intra@bpp=0.075.png,,0,A,2375
TLIC@bpp=0.15.png,NJUeers@bpp=0.075.png,,0,A,2375
HIT_AIIA@bpp=0.075.png,CoolChic@bpp=0.075.png,,0,A,2375
TLIC@bpp=0.3.png,CoolChic@bpp=0.15.png,,0,A,2375
ED@bpp=0.15.png,CoolChic@bpp=0.15.png,,0,B,2375
hm17.0_intra@bpp=0.15.png,vtm22.2_intra@bpp=0.3.png,,0,B,2375
Arabica@bpp=0.3.png,hm17.0_intra@bpp=0.3.png,,0,A,2375
vtm22.2_intra@bpp=0.075.png,Arabica@bpp=0.15.png,,0,B,2375
hm17.0_intra@bpp=0.15.png,ED@bpp=0.3.png,,0,B,2375
reference.png,vtm22.2_intra@bpp=0.3.png,true,1,A,2377
vtm22.2_intra@bpp=0.3.png,reference.png,true,1,A,2377
TLIC@bpp=0.3.png,vtm22.2_intra@bpp=0.15.png,,0,A,2128
ED@bpp=0.3.png,NJUeers@bpp=0.3.png,,0,A,2128
Arabica@bpp=0.3.png,NJUeers@bpp=0.15.png,,0,B,2128
hm17.0_intra@bpp=0.3.png,Arabica@bpp=0.15.png,,0,A,2128
vtm22.2_intra@bpp=0.15.png,codecrookie@bpp=0.075.png,,0,B,2128
vtm22.2_intra@bpp=0.075.png,ED@bpp=0.075.png,,0,B,2128
vtm22.2_intra@bpp=0.15.png,NJUeers@bpp=0.3.png,,0,B,2128
NJUeers@bpp=0.3.png,NJUeers@bpp=0.15.png,,0,A,2128
reference.png,vtm22.2_intra@bpp=0.3.png,,0,A,2128
Arabica@bpp=0.075.png,Arabica@bpp=0.15.png,,0,B,2128
Arabica@bpp=0.15.png,hm17.0_intra@bpp=0.075.png,,0,A,2128
HIT_AIIA@bpp=0.075.png,ED@bpp=0.3.png,,0,B,2128
codecrookie@bpp=0.075.png,vtm22.2_intra@bpp=0.15.png,,0,B,2128
hm17.0_intra@bpp=0.15.png,Arabica@bpp=0.3.png,,0,B,2128
Arabica@bpp=0.15.png,reference.png,,0,B,2128
HIT_AIIA@bpp=0.075.png,hm17.0_intra@bpp=0.15.png,,0,B,2128
codecrookie@bpp=0.3.png,Arabica@bpp=0.075.png,,0,B,2128
CoolChic@bpp=0.3.png,TLIC@bpp=0.3.png,,0,B,2128
hm17.0_intra@bpp=0.075.png,vtm22.2_intra@bpp=0.15.png,,0,B,2128
Arabica@bpp=0.075.png,HIT_AIIA@bpp=0.15.png,,0,B,2128
CoolChic@bpp=0.15.png,HIT_AIIA@bpp=0.15.png,,0,A,2128
HIT_AIIA@bpp=0.075.png,CoolChic@bpp=0.075.png,,0,B,2128
vtm22.2_intra@bpp=0.075.png,vtm22.2_intra@bpp=0.3.png,,0,B,2128
codecrookie@bpp=0.3.png,HIT_AIIA@bpp=0.075.png,,0,A,2128
vtm22.2_intra@bpp=0.15.png,Arabica@bpp=0.3.png,,0,A,2128
TLIC@bpp=0.3.png,ED@bpp=0.075.png,,0,A,2128
ED@bpp=0.15.png,vtm22.2_intra@bpp=0.3.png,,0,A,2128
Arabica@bpp=0.15.png,vtm22.2_intra@bpp=0.3.png,,0,A,2128
NJUeers@bpp=0.075.png,HIT_AIIA@bpp=0.15.png,,0,A,2128
vtm22.2_intra@bpp=0.15.png,TLIC@bpp=0.075.png,,0,A,2128
CoolChic@bpp=0.075.png,TLIC@bpp=0.15.png,,0,B,2128
ED@bpp=0.075.png,hm17.0_intra@bpp=0.075.png,,0,A,2128
codecrookie@bpp=0.3.png,hm17.0_intra@bpp=0.075.png,,0,A,1712
HIT_AIIA@bpp=0.15.png,HIT_AIIA@bpp=0.3.png,,0,B,1712
NJUeers@bpp=0.3.png,TLIC@bpp=0.15.png,,0,B,1712
hm17.0_intra@bpp=0.3.png,reference.png,,0,B,1712
codecrookie@bpp=0.3.png,Arabica@bpp=0.15.png,,0,A,1712
ED@bpp=0.15.png,HIT_AIIA@bpp=0.075.png,,0,B,1712
ED@bpp=0.075.png,CoolChic@bpp=0.075.png,,0,A,1712
hm17.0_intra@bpp=0.3.png,ED@bpp=0.3.png,,0,B,1712
ED@bpp=0.15.png,TLIC@bpp=0.15.png,,0,A,1712
codecrookie@bpp=0.075.png,Arabica@bpp=0.3.png,,0,B,1712
hm17.0_intra@bpp=0.075.png,vtm22.2_intra@bpp=0.15.png,,0,B,1712
hm17.0_intra@bpp=0.3.png,NJUeers@bpp=0.3.png,,0,B,1712
codecrookie@bpp=0.075.png,ED@bpp=0.15.png,,0,B,1712
codecrookie@bpp=0.075.png,TLIC@bpp=0.15.png,,0,B,1712
NJUeers@bpp=0.15.png,ED@bpp=0.075.png,,0,A,1712
Arabica@bpp=0.15.png,hm17.0_intra@bpp=0.15.png,,0,A,1712
codecrookie@bpp=0.075.png,TLIC@bpp=0.15.png,,0,B,1712
hm17.0_intra@bpp=0.075.png,TLIC@bpp=0.3.png,,0,B,1712
ED@bpp=0.15.png,TLIC@bpp=0.075.png,,0,A,1712
TLIC@bpp=0.15.png,NJUeers@bpp=0.075.png,,0,A,1712
CoolChic@bpp=0.15.png,vtm22.2_intra@bpp=0.3.png,,0,B,1712
hm17.0_intra@bpp=0.075.png,NJUeers@bpp=0.15.png,,0,B,1712
ED@bpp=0.15.png,HIT_AIIA@bpp=0.075.png,,0,B,1712
CoolChic@bpp=0.075.png,hm17.0_intra@bpp=0.3.png,,0,B,1712
CoolChic@bpp=0.15.png,vtm22.2_intra@bpp=0.075.png,,0,A,1712
HIT_AIIA@bpp=0.075.png,CoolChic@bpp=0.15.png,,0,A,1712
HIT_AIIA@bpp=0.3.png,NJUeers@bpp=0.15.png,,0,A,1712
codecrookie@bpp=0.3.png,hm17.0_intra@bpp=0.3.png,,0,A,1712
vtm22.2_intra@bpp=0.15.png,reference.png,,0,A,1712
reference.png,HIT_AIIA@bpp=0.15.png,,0,A,1712
vtm22.2_intra@bpp=0.075.png,HIT_AIIA@bpp=0.15.png,,0,B,1712
CoolChic@bpp=0.075.png,codecrookie@bpp=0.075.png,,0,B,1712
reference.png,vtm22.2_intra@bpp=0.075.png,true,1,A,1762
reference.png,vtm22.2_intra@bpp=0.3.png,true,1,A,1762
CoolChic@bpp=0.3.png,CoolChic@bpp=0.15.png,,0,A,1762
vtm22.2_intra@bpp=0.3.png,codecrookie@bpp=0.075.png,,0,A,1762
vtm22.2_intra@bpp=0.075.png,NJUeers@bpp=0.15.png,,0,B,1762
HIT_AIIA@bpp=0.3.png,hm17.0_intra@bpp=0.075.png,,0,A,1762
codecrookie@bpp=0.15.png,NJUeers@bpp=0.3.png,,0,B,1762
Arabica@bpp=0.15.png,NJUeers@bpp=0.3.png,,0,B,1762
NJUeers@bpp=0.15.png,codecrookie@bpp=0.3.png,,0,A,1762
TLIC@bpp=0.075.png,NJUeers@bpp=0.075.png,,0,A,1762
hm17.0_intra@bpp=0.15.png,Arabica@bpp=0.3.png,,0,B,1762
NJUeers@bpp=0.075.png,codecrookie@bpp=0.075.png,,0,B,1762
HIT_AIIA@bpp=0.075.png,ED@bpp=0.3.png,,0,B,1762
hm17.0_intra@bpp=0.075.png,HIT_AIIA@bpp=0.075.png,,0,B,1762
vtm22.2_intra@bpp=0.075.png,Arabica@bpp=0.075.png,,0,B,1762
vtm22.2_intra@bpp=0.15.png,ED@bpp=0.15.png,,0,B,1762
NJUeers@bpp=0.15.png,HIT_AIIA@bpp=0.3.png,,0,B,1762
HIT_AIIA@bpp=0.15.png,TLIC@bpp=0.075.png,,0,A,1762
hm17.0_intra@bpp=0.3.png,Arabica@bpp=0.3.png,,0,B,1762
codecrookie@bpp=0.3.png,vtm22.2_intra@bpp=0.3.png,,0,A,1762
Arabica@bpp=0.075.png,ED@bpp=0.075.png,,0,A,1762
vtm22.2_intra@bpp=0.3.png,NJUeers@bpp=0.3.png,,0,B,1762
Arabica@bpp=0.075.png,ED@bpp=0.3.png,,0,B,1762
CoolChic@bpp=0.075.png,ED@bpp=0.3.png,,0,B,1762
ED@bpp=0.3.png,hm17.0_intra@bpp=0.15.png,,0,A,1762
NJUeers@bpp=0.15.png,NJUeers@bpp=0.3.png,,0,B,1762
Arabica@bpp=0.15.png,Arabica@bpp=0.075.png,,0,A,1762
reference.png,hm17.0_intra@bpp=0.075.png,,0,A,1762
hm17.0_intra@bpp=0.3.png,NJUeers@bpp=0.075.png,,0,A,1762
ED@bpp=0.075.png,hm17.0_intra@bpp=0.075.png,,0,A,1762
NJUeers@bpp=0.15.png,NJUeers@bpp=0.075.png,,0,A,1762
Arabica@bpp=0.3.png,ED@bpp=0.3.png,,0,A,1762
TLIC@bpp=0.075.png,HIT_AIIA@bpp=0.075.png,,0,A,1762
ED@bpp=0.15.png,ED@bpp=0.3.png,,0,B,1762
reference.png,vtm22.2_intra@bpp=0.3.png,true,1,A,2379
vtm22.2_intra@bpp=0.075.png,reference.png,true,1,B,2379
vtm22.2_intra@bpp=0.3.png,HIT_AIIA@bpp=0.075.png,,0,A,2379
CoolChic@bpp=0.075.png,vtm22.2_intra@bpp=0.075.png,,0,A,2379
reference.png,CoolChic@bpp=0.075.png,,0,A,2379
vtm22.2_intra@bpp=0.15.png,ED@bpp=0.3.png,,0,A,2379
TLIC@bpp=0.075.png,NJUeers@bpp=0.075.png,,0,A,2379
NJUeers@bpp=0.3.png,HIT_AIIA@bpp=0.075.png,,0,B,2379
hm17.0_intra@bpp=0.3.png,ED@bpp=0.075.png,,0,A,2379
hm17.0_intra@bpp=0.15.png,vtm22.2_intra@bpp=0.075.png,,0,A,2379
hm17.0_intra@bpp=0.15.png,vtm22.2_intra@bpp=0.3.png,,0,B,2379
TLIC@bpp=0.15.png,reference.png,,0,B,2379
TLIC@bpp=0.075.png,CoolChic@bpp=0.15.png,,0,B,2379
NJUeers@bpp=0.075.png,HIT_AIIA@bpp=0.075.png,,0,B,2379
reference.png,vtm22.2_intra@bpp=0.075.png,,0,A,2379
reference.png,Arabica@bpp=0.3.png,,0,A,2379
CoolChic@bpp=0.075.png,TLIC@bpp=0.3.png,,0,B,2379
vtm22.2_intra@bpp=0.3.png,codecrookie@bpp=0.15.png,,0,A,2379
TLIC@bpp=0.3.png,codecrookie@bpp=0.3.png,,0,B,2379
HIT_AIIA@bpp=0.075.png,Arabica@bpp=0.075.png,,0,A,2379
NJUeers@bpp=0.3.png,codecrookie@bpp=0.3.png,,0,A,2379
vtm22.2_intra@bpp=0.15.png,HIT_AIIA@bpp=0.15.png,,0,B,2379
reference.png,ED@bpp=0.15.png,,0,A,2379
hm17.0_intra@bpp=0.3.png,CoolChic@bpp=0.3.png,,0,B,2379
codecrookie@bpp=0.15.png,NJUeers@bpp=0.075.png,,0,A,2379
HIT_AIIA@bpp=0.15.png,hm17.0_intra@bpp=0.15.png,,0,A,2379
Arabica@bpp=0.075.png,hm17.0_intra@bpp=0.3.png,,0,A,2379
ED@bpp=0.075.png,codecrookie@bpp=0.3.png,,0,B,2379
TLIC@bpp=0.3.png,vtm22.2_intra@bpp=0.075.png,,0,A,2379
vtm22.2_intra@bpp=0.3.png,NJUeers@bpp=0.3.png,,0,A,2379
TLIC@bpp=0.15.png,vtm22.2_intra@bpp=0.15.png,,0,A,2379
ED@bpp=0.075.png,CoolChic@bpp=0.15.png,,0,B,2379
codecrookie@bpp=0.15.png,ED@bpp=0.075.png,,0,A,2379
TLIC@bpp=0.15.png,codecrookie@bpp=0.3.png,,0,B,2379
reference.png,vtm22.2_intra@bpp=0.3.png,true,1,B,2376
vtm22.2_intra@bpp=0.075.png,vtm22.2_intra@bpp=0.3.png,true,1,B,2376
TLIC@bpp=0.3.png,TLIC@bpp=0.075.png,,0,A,2376
ED@bpp=0.075.png,reference.png,,0,B,2376
hm17.0_intra@bpp=0.3.png,Arabica@bpp=0.15.png,,0,B,2376
hm17.0_intra@bpp=0.075.png,HIT_AIIA@bpp=0.075.png,,0,B,2376
codecrookie@bpp=0.075.png,TLIC@bpp=0.3.png,,0,B,2376
Arabica@bpp=0.075.png,NJUeers@bpp=0.075.png,,0,A,2376
hm17.0_intra@bpp=0.075.png,codecrookie@bpp=0.3.png,,0,B,2376
vtm22.2_intra@bpp=0.075.png,TLIC@bpp=0.15.png,,0,B,2376
ED@bpp=0.3.png,NJUeers@bpp=0.15.png,,0,A,2376
Arabica@bpp=0.075.png,TLIC@bpp=0.075.png,,0,A,2376
hm17.0_intra@bpp=0.15.png,Arabica@bpp=0.3.png,,0,B,2376
vtm22.2_intra@bpp=0.075.png,TLIC@bpp=0.075.png,,0,B,2376
TLIC@bpp=0.3.png,codecrookie@bpp=0.075.png,,0,A,2376
TLIC@bpp=0.15.png,HIT_AIIA@bpp=0.3.png,,0,A,2376
CoolChic@bpp=0.075.png,vtm22.2_intra@bpp=0.075.png,,0,B,2376
NJUeers@bpp=0.075.png,vtm22.2_intra@bpp=0.3.png,,0,B,2376
HIT_AIIA@bpp=0.15.png,hm17.0_intra@bpp=0.3.png,,0,A,2376
codecrookie@bpp=0.15.png,ED@bpp=0.3.png,,0,B,2376
Arabica@bpp=0.3.png,TLIC@bpp=0.3.png,,0,B,2376
CoolChic@bpp=0.15.png,Arabica@bpp=0.075.png,,0,B,2376
hm17.0_intra@bpp=0.15.png,codecrookie@bpp=0.3.png,,0,B,2376
HIT_AIIA@bpp=0.075.png,HIT_AIIA@bpp=0.3.png,,0,B,2376
TLIC@bpp=0.075.png,codecrookie@bpp=0.15.png,,0,A,2376
NJUeers@bpp=0.075.png,HIT_AIIA@bpp=0.3.png,,0,B,2376
CoolChic@bpp=0.15.png,TLIC@bpp=0.3.png,,0,A,2376
hm17.0_intra@bpp=0.15.png,vtm22.2_intra@bpp=0.3.png,,0,B,2376
hm17.0_intra@bpp=0.15.png,Arabica@bpp=0.3.png,,0,B,2376
vtm22.2_intra@bpp=0.075.png,NJUeers@bpp=0.3.png,,0,B,2376
CoolChic@bpp=0.075.png,vtm22.2_intra@bpp=0.3.png,,0,B,2376
TLIC@bpp=0.3.png,codecrookie@bpp=0.3.png,,0,B,2376
HIT_AIIA@bpp=0.15.png,HIT_AIIA@bpp=0.075.png,,0,A,2376
TLIC@bpp=0.15.png,ED@bpp=0.075.png,,0,A,2376
vtm22.2_intra@bpp=0.3.png,vtm22.2_intra@bpp=0.075.png,true,1,A,1734
vtm22.2_intra@bpp=0.3.png,reference.png,true,1,B,1734
hm17.0_intra@bpp=0.3.png,TLIC@bpp=0.075.png,,0,A,1734
codecrookie@bpp=0.15.png,CoolChic@bpp=0.3.png,,0,A,1734
ED@bpp=0.15.png,vtm22.2_intra@bpp=0.075.png,,0,A,1734
codecrookie@bpp=0.075.png,hm17.0_intra@bpp=0.15.png,,0,A,1734
TLIC@bpp=0.15.png,CoolChic@bpp=0.3.png,,0,A,1734
NJUeers@bpp=0.075.png,vtm22.2_intra@bpp=0.15.png,,0,B,1734
HIT_AIIA@bpp=0.075.png,ED@bpp=0.3.png,,0,B,1734
CoolChic@bpp=0.075.png,TLIC@bpp=0.3.png,,0,B,1734
hm17.0_intra@bpp=0.15.png,Arabica@bpp=0.3.png,,0,B,1734
vtm22.2_intra@bpp=0.15.png,ED@bpp=0.15.png,,0,B,1734
NJUeers@bpp=0.3.png,CoolChic@bpp=0.075.png,,0,A,1734
TLIC@bpp=0.075.png,CoolChic@bpp=0.075.png,,0,A,1734
TLIC@bpp=0.075.png,ED@bpp=0.075.png,,0,A,1734
CoolChic@bpp=0.075.png,Arabica@bpp=0.15.png,,0,B,1734
codecrookie@bpp=0.15.png,vtm22.2_intra@bpp=0.075.png,,0,A,1734
ED@bpp=0.15.png,codecrookie@bpp=0.15.png,,0,B,1734
HIT_AIIA@bpp=0.3.png,NJUeers@bpp=0.075.png,,0,A,1734
codecrookie@bpp=0.075.png,hm17.0_intra@bpp=0.3.png,,0,B,1734
hm17.0_intra@bpp=0.075.png,codecrookie@bpp=0.3.png,,0,B,1734
HIT_AIIA@bpp=0.3.png,ED@bpp=0.15.png,,0,A,1734
vtm22.2_intra@bpp=0.15.png,codecrookie@bpp=0.075.png,,0,A,1734
CoolChic@bpp=0.15.png,codecrookie@bpp=0.3.png,,0,A,1734
vtm22.2_intra@bpp=0.15.png,hm17.0_intra@bpp=0.15.png,,0,A,1734
codecrookie@bpp=0.15.png,NJUeers@bpp=0.15.png,,0,A,1734
HIT_AIIA@bpp=0.075.png,hm17.0_intra@bpp=0.3.png,,0,A,1734
codecrookie@bpp=0.3.png,Arabica@bpp=0.075.png,,0,A,1734
Arabica@bpp=0.15.png,ED@bpp=0.15.png,,0,B,1734
HIT_AIIA@bpp=0.075.png,HIT_AIIA@bpp=0.3.png,,0,B,1734
NJUeers@bpp=0.15.png,CoolChic@bpp=0.075.png,,0,A,1734
NJUeers@bpp=0.075.png,codecrookie@bpp=0.15.png,,0,B,1734
HIT_AIIA@bpp=0.15.png,CoolChic@bpp=0.075.png,,0,A,1734
hm17.0_intra@bpp=0.075.png,CoolChic@bpp=0.075.png,,0,B,1734
vtm22.2_intra@bpp=0.3.png,vtm22.2_intra@bpp=0.075.png,true,1,A,1743
reference.png,vtm22.2_intra@bpp=0.075.png,true,1,A,1743
vtm22.2_intra@bpp=0.3.png,ED@bpp=0.15.png,,0,A,1743
NJUeers@bpp=0.075.png,ED@bpp=0.15.png,,0,B,1743
NJUeers@bpp=0.3.png,Arabica@bpp=0.3.png,,0,B,1743
NJUeers@bpp=0.15.png,HIT_AIIA@bpp=0.3.png,,0,B,1743
TLIC@bpp=0.3.png,Arabica@bpp=0.075.png,,0,A,1743
NJUeers@bpp=0.3.png,CoolChic@bpp=0.075.png,,0,A,1743
hm17.0_intra@bpp=0.3.png,ED@bpp=0.15.png,,0,B,1743
NJUeers@bpp=0.3.png,HIT_AIIA@bpp=0.3.png,,0,B,1743
TLIC@bpp=0.075.png,HIT_AIIA@bpp=0.15.png,,0,B,1743
TLIC@bpp=0.075.png,HIT_AIIA@bpp=0.15.png,,0,B,1743
codecrookie@bpp=0.15.png,codecrookie@bpp=0.075.png,,0,B,1743
CoolChic@bpp=0.075.png,codecrookie@bpp=0.15.png,,0,A,1743
vtm22.2_intra@bpp=0.15.png,codecrookie@bpp=0.15.png,,0,B,1743
hm17.0_intra@bpp=0.075.png,Arabica@bpp=0.3.png,,0,B,1743
ED@bpp=0.075.png,CoolChic@bpp=0.15.png,,0,B,1743
Arabica@bpp=0.3.png,hm17.0_intra@bpp=0.3.png,,0,B,1743
codecrookie@bpp=0.075.png,codecrookie@bpp=0.15.png,,0,B,1743
CoolChic@bpp=0.075.png,ED@bpp=0.3.png,,0,B,1743
HIT_AIIA@bpp=0.075.png,vtm22.2_intra@bpp=0.075.png,,0,A,1743
Arabica@bpp=0.075.png,NJUeers@bpp=0.3.png,,0,B,1743
Arabica@bpp=0.3.png,TLIC@bpp=0.3.png,,0,A,1743
CoolChic@bpp=0.15.png,HIT_AIIA@bpp=0.3.png,,0,B,1743
ED@bpp=0.15.png,CoolChic@bpp=0.3.png,,0,B,1743
reference.png,NJUeers@bpp=0.075.png,,0,A,1743
codecrookie@bpp=0.3.png,hm17.0_intra@bpp=0.075.png,,0,A,1743
hm17.0_intra@bpp=0.075.png,CoolChic@bpp=0.075.png,,0,A,1743
hm17.0_intra@bpp=0.075.png,Arabica@bpp=0.075.png,,0,B,1743
CoolChic@bpp=0.15.png,vtm22.2_intra@bpp=0.3.png,,0,B,1743
vtm22.2_intra@bpp=0.3.png,ED@bpp=0.3.png,,0,A,1743
CoolChic@bpp=0.3.png,CoolChic@bpp=0.075.png,,0,A,1743
NJUeers@bpp=0.075.png,TLIC@bpp=0.15.png,,0,B,1743
codecrookie@bpp=0.15.png,vtm22.2_intra@bpp=0.15.png,,0,A,1743
vtm22.2_intra@bpp=0.3.png,vtm22.2_intra@bpp=0.075.png,true,1,A,2170
reference.png,vtm22.2_intra@bpp=0.075.png,true,1,A,2170
vtm22.2_intra@bpp=0.075.png,TLIC@bpp=0.3.png,,0,A,2170
Arabica@bpp=0.075.png,CoolChic@bpp=0.3.png,,0,B,2170
CoolChic@bpp=0.15.png,Arabica@bpp=0.075.png,,0,A,2170
HIT_AIIA@bpp=0.075.png,vtm22.2_intra@bpp=0.075.png,,0,A,2170
TLIC@bpp=0.075.png,CoolChic@bpp=0.3.png,,0,A,2170
hm17.0_intra@bpp=0.075.png,codecrookie@bpp=0.075.png,,0,A,2170
vtm22.2_intra@bpp=0.3.png,reference.png,,0,A,2170
reference.png,NJUeers@bpp=0.075.png,,0,B,2170
NJUeers@bpp=0.075.png,hm17.0_intra@bpp=0.3.png,,0,A,2170
HIT_AIIA@bpp=0.3.png,HIT_AIIA@bpp=0.075.png,,0,A,2170
NJUeers@bpp=0.15.png,TLIC@bpp=0.15.png,,0,B,2170
ED@bpp=0.075.png,hm17.0_intra@bpp=0.15.png,,0,A,2170
CoolChic@bpp=0.075.png,HIT_AIIA@bpp=0.075.png,,0,A,2170
Arabica@bpp=0.3.png,hm17.0_intra@bpp=0.3.png,,0,A,2170
vtm22.2_intra@bpp=0.15.png,hm17.0_intra@bpp=0.075.png,,0,A,2170
NJUeers@bpp=0.075.png,hm17.0_intra@bpp=0.075.png,,0,A,2170
hm17.0_intra@bpp=0.075.png,codecrookie@bpp=0.075.png,,0,B,2170
hm17.0_intra@bpp=0.15.png,HIT_AIIA@bpp=0.075.png,,0,B,2170
CoolChic@bpp=0.3.png,codecrookie@bpp=0.3.png,,0,B,2170
hm17.0_intra@bpp=0.15.png,vtm22.2_intra@bpp=0.3.png,,0,B,2170
NJUeers@bpp=0.15.png,codecrookie@bpp=0.3.png,,0,B,2170
CoolChic@bpp=0.075.png,HIT_AIIA@bpp=0.3.png,,0,B,2170
codecrookie@bpp=0.075.png,CoolChic@bpp=0.3.png,,0,B,2170
Arabica@bpp=0.075.png,codecrookie@bpp=0.3.png,,0,B,2170
codecrookie@bpp=0.15.png,NJUeers@bpp=0.075.png,,0,B,2170
NJUeers@bpp=0.075.png,ED@bpp=0.3.png,,0,B,2170
ED@bpp=0.075.png,ED@bpp=0.15.png,,0,B,2170
Arabica@bpp=0.075.png,CoolChic@bpp=0.15.png,,0,A,2170
hm17.0_intra@bpp=0.075.png,hm17.0_intra@bpp=0.15.png,,0,B,2170
hm17.0_intra@bpp=0.15.png,Arabica@bpp=0.15.png,,0,B,2170
NJUeers@bpp=0.3.png,hm17.0_intra@bpp=0.15.png,,0,A,2170
CoolChic@bpp=0.3.png,ED@bpp=0.075.png,,0,A,2170
vtm22.2_intra@bpp=0.075.png,vtm22.2_intra@bpp=0.3.png,true,1,B,2380
reference.png,vtm22.2_intra@bpp=0.075.png,true,1,A,2380
NJUeers@bpp=0.075.png,hm17.0_intra@bpp=0.3.png,,0,B,2380
codecrookie@bpp=0.075.png,NJUeers@bpp=0.3.png,,0,B,2380
TLIC@bpp=0.3.png,codecrookie@bpp=0.075.png,,0,A,2380
HIT_AIIA@bpp=0.075.png,reference.png,,0,B,2380
NJUeers@bpp=0.3.png,vtm22.2_intra@bpp=0.3.png,,0,B,2380
NJUeers@bpp=0.075.png,NJUeers@bpp=0.3.png,,0,B,2380
HIT_AIIA@bpp=0.3.png,CoolChic@bpp=0.15.png,,0,A,2380
vtm22.2_intra@bpp=0.075.png,NJUeers@bpp=0.3.png,,0,B,2380
CoolChic@bpp=0.075.png,codecrookie@bpp=0.075.png,,0,B,2380
CoolChic@bpp=0.075.png,CoolChic@bpp=0.3.png,,0,B,2380
ED@bpp=0.15.png,Arabica@bpp=0.075.png,,0,B,2380
TLIC@bpp=0.3.png,Arabica@bpp=0.15.png,,0,B,2380
vtm22.2_intra@bpp=0.075.png,Arabica@bpp=0.075.png,,0,B,2380
ED@bpp=0.15.png,hm17.0_intra@bpp=0.3.png,,0,B,2380
reference.png,HIT_AIIA@bpp=0.3.png,,0,A,2380
Arabica@bpp=0.15.png,HIT_AIIA@bpp=0.075.png,,0,B,2380
NJUeers@bpp=0.3.png,Arabica@bpp=0.15.png,,0,A,2380
Arabica@bpp=0.075.png,reference.png,,0,B,2380
hm17.0_intra@bpp=0.15.png,TLIC@bpp=0.075.png,,0,B,2380
ED@bpp=0.3.png,NJUeers@bpp=0.075.png,,0,A,2380
HIT_AIIA@bpp=0.3.png,hm17.0_intra@bpp=0.075.png,,0,A,2380
codecrookie@bpp=0.075.png,CoolChic@bpp=0.15.png,,0,B,2380
reference.png,ED@bpp=0.3.png,,0,A,2380
hm17.0_intra@bpp=0.3.png,reference.png,,0,B,2380
HIT_AIIA@bpp=0.075.png,vtm22.2_intra@bpp=0.15.png,,0,B,2380
NJUeers@bpp=0.15.png,CoolChic@bpp=0.3.png,,0,B,2380
TLIC@bpp=0.3.png,hm17.0_intra@bpp=0.075.png,,0,A,2380
TLIC@bpp=0.075.png,HIT_AIIA@bpp=0.15.png,,0,B,2380
vtm22.2_intra@bpp=0.15.png,CoolChic@bpp=0.3.png,,0,B,2380
vtm22.2_intra@bpp=0.3.png,codecrookie@bpp=0.15.png,,0,A,2380
TLIC@bpp=0.075.png,HIT_AIIA@bpp=0.075.png,,0,B,2380
Arabica@bpp=0.15.png,hm17.0_intra@bpp=0.075.png,,0,A,2380
reference.png,vtm22.2_intra@bpp=0.3.png,true,1,A,2142
vtm22.2_intra@bpp=0.3.png,reference.png,true,1,B,2142
hm17.0_intra@bpp=0.075.png,NJUeers@bpp=0.15.png,,0,B,2142
ED@bpp=0.3.png,vtm22.2_intra@bpp=0.3.png,,0,A,2142
reference.png,TLIC@bpp=0.3.png,,0,A,2142
vtm22.2_intra@bpp=0.075.png,CoolChic@bpp=0.075.png,,0,A,2142
codecrookie@bpp=0.3.png,vtm22.2_intra@bpp=0.3.png,,0,A,2142
NJUeers@bpp=0.075.png,Arabica@bpp=0.15.png,,0,B,2142
codecrookie@bpp=0.15.png,codecrookie@bpp=0.075.png,,0,A,2142
codecrookie@bpp=0.15.png,vtm22.2_intra@bpp=0.075.png,,0,A,2142
hm17.0_intra@bpp=0.15.png,Arabica@bpp=0.3.png,,0,B,2142
CoolChic@bpp=0.3.png,reference.png,,0,B,2142
CoolChic@bpp=0.075.png,hm17.0_intra@bpp=0.3.png,,0,B,2142
vtm22.2_intra@bpp=0.15.png,TLIC@bpp=0.3.png,,0,B,2142
TLIC@bpp=0.15.png,reference.png,,0,B,2142
Arabica@bpp=0.15.png,HIT_AIIA@bpp=0.3.png,,0,B,2142
ED@bpp=0.15.png,NJUeers@bpp=0.075.png,,0,A,2142
CoolChic@bpp=0.075.png,ED@bpp=0.075.png,,0,B,2142
TLIC@bpp=0.075.png,HIT_AIIA@bpp=0.15.png,,0,B,2142
HIT_AIIA@bpp=0.3.png,Arabica@bpp=0.3.png,,0,B,2142
hm17.0_intra@bpp=0.3.png,Arabica@bpp=0.15.png,,0,B,2142
TLIC@bpp=0.075.png,NJUeers@bpp=0.3.png,,0,B,2142
codecrookie@bpp=0.3.png,Arabica@bpp=0.3.png,,0,B,2142
hm17.0_intra@bpp=0.075.png,HIT_AIIA@bpp=0.15.png,,0,B,2142
NJUeers@bpp=0.3.png,hm17.0_intra@bpp=0.15.png,,0,A,2142
TLIC@bpp=0.15.png,codecrookie@bpp=0.3.png,,0,A,2142
Arabica@bpp=0.075.png,hm17.0_intra@bpp=0.075.png,,0,A,2142
CoolChic@bpp=0.15.png,TLIC@bpp=0.15.png,,0,A,2142
codecrookie@bpp=0.075.png,TLIC@bpp=0.3.png,,0,B,2142
HIT_AIIA@bpp=0.075.png,HIT_AIIA@bpp=0.15.png,,0,B,2142
CoolChic@bpp=0.15.png,TLIC@bpp=0.3.png,,0,B,2142
NJUeers@bpp=0.075.png,vtm22.2_intra@bpp=0.075.png,,0,B,2142
HIT_AIIA@bpp=0.15.png,HIT_AIIA@bpp=0.3.png,,0,B,2142
hm17.0_intra@bpp=0.15.png,HIT_AIIA@bpp=0.15.png,,0,B,2142
vtm22.2_intra@bpp=0.075.png,vtm22.2_intra@bpp=0.3.png,true,1,B,1811
vtm22.2_intra@bpp=0.3.png,vtm22.2_intra@bpp=0.075.png,true,1,A,1811
ED@bpp=0.15.png,vtm22.2_intra@bpp=0.075.png,,0,A,1811
NJUeers@bpp=0.3.png,ED@bpp=0.3.png,,0,B,1811
NJUeers@bpp=0.15.png,HIT_AIIA@bpp=0.075.png,,0,B,1811
hm17.0_intra@bpp=0.15.png,HIT_AIIA@bpp=0.075.png,,0,A,1811
Arabica@bpp=0.3.png,vtm22.2_intra@bpp=0.15.png,,0,A,1811
CoolChic@bpp=0.3.png,codecrookie@bpp=0.15.png,,0,A,1811
NJUeers@bpp=0.3.png,codecrookie@bpp=0.3.png,,0,B,1811
NJUeers@bpp=0.3.png,vtm22.2_intra@bpp=0.075.png,,0,A,1811
CoolChic@bpp=0.3.png,TLIC@bpp=0.15.png,,0,B,1811
Arabica@bpp=0.075.png,Arabica@bpp=0.15.png,,0,B,1811
codecrookie@bpp=0.15.png,reference.png,,0,B,1811
CoolChic@bpp=0.15.png,vtm22.2_intra@bpp=0.15.png,,0,B,1811
TLIC@bpp=0.3.png,Arabica@bpp=0.3.png,,0,A,1811
hm17.0_intra@bpp=0.3.png,CoolChic@bpp=0.075.png,,0,A,1811
HIT_AIIA@bpp=0.075.png,codecrookie@bpp=0.15.png,,0,A,1811
hm17.0_intra@bpp=0.15.png,hm17.0_intra@bpp=0.3.png,,0,B,1811
CoolChic@bpp=0.3.png,HIT_AIIA@bpp=0.15.png,,0,B,1811
TLIC@bpp=0.3.png,Arabica@bpp=0.15.png,,0,A,1811
HIT_AIIA@bpp=0.15.png,NJUeers@bpp=0.075.png,,0,A,1811
vtm22.2_intra@bpp=0.15.png,TLIC@bpp=0.15.png,,0,B,1811
NJUeers@bpp=0.075.png,NJUeers@bpp=0.15.png,,0,B,1811
hm17.0_intra@bpp=0.15.png,ED@bpp=0.15.png,,0,B,1811
HIT_AIIA@bpp=0.15.png,ED@bpp=0.15.png,,0,A,1811
HIT_AIIA@bpp=0.075.png,HIT_AIIA@bpp=0.15.png,,0,B,1811
TLIC@bpp=0.3.png,HIT_AIIA@bpp=0.15.png,,0,A,1811
CoolChic@bpp=0.3.png,vtm22.2_intra@bpp=0.3.png,,0,B,1811
TLIC@bpp=0.3.png,CoolChic@bpp=0.3.png,,0,A,1811
hm17.0_intra@bpp=0.3.png,vtm22.2_intra@bpp=0.3.png,,0,B,1811
vtm22.2_intra@bpp=0.15.png,hm17.0_intra@bpp=0.3.png,,0,B,1811
HIT_AIIA@bpp=0.15.png,vtm22.2_intra@bpp=0.075.png,,0,A,1811
vtm22.2_intra@bpp=0.15.png,TLIC@bpp=0.075.png,,0,B,1811
reference.png,codecrookie@bpp=0.075.png,,0,A,1811
vtm22.2_intra@bpp=0.3.png,reference.png,true,1,A,1986
vtm22.2_intra@bpp=0.3.png,vtm22.2_intra@bpp=0.075.png,true,1,A,1986
reference.png,vtm22.2_intra@bpp=0.3.png,,0,A,1986
vtm22.2_intra@bpp=0.075.png,vtm22.2_intra@bpp=0.15.png,,0,B,1986
vtm22.2_intra@bpp=0.075.png,hm17.0_intra@bpp=0.15.png,,0,B,1986
CoolChic@bpp=0.075.png,TLIC@bpp=0.3.png,,0,B,1986
Arabica@bpp=0.3.png,NJUeers@bpp=0.075.png,,0,A,1986
ED@bpp=0.15.png,HIT_AIIA@bpp=0.15.png,,0,B,1986
Arabica@bpp=0.3.png,vtm22.2_intra@bpp=0.15.png,,0,A,1986
TLIC@bpp=0.075.png,reference.png,,0,B,1986
Arabica@bpp=0.15.png,ED@bpp=0.075.png,,0,A,1986
NJUeers@bpp=0.075.png,reference.png,,0,B,1986
CoolChic@bpp=0.075.png,ED@bpp=0.075.png,,0,B,1986
CoolChic@bpp=0.075.png,hm17.0_intra@bpp=0.075.png,,0,A,1986
TLIC@bpp=0.15.png,Arabica@bpp=0.15.png,,0,A,1986
TLIC@bpp=0.3.png,hm17.0_intra@bpp=0.15.png,,0,A,1986
codecrookie@bpp=0.3.png,ED@bpp=0.3.png,,0,A,1986
CoolChic@bpp=0.075.png,vtm22.2_intra@bpp=0.15.png,,0,B,1986
ED@bpp=0.15.png,Arabica@bpp=0.15.png,,0,B,1986
CoolChic@bpp=0.3.png,codecrookie@bpp=0.075.png,,0,A,1986
vtm22.2_intra@bpp=0.075.png,vtm22.2_intra@bpp=0.3.png,,0,B,1986
HIT_AIIA@bpp=0.075.png,vtm22.2_intra@bpp=0.075.png,,0,A,1986
ED@bpp=0.15.png,hm17.0_intra@bpp=0.15.png,,0,A,1986
HIT_AIIA@bpp=0.075.png,hm17.0_intra@bpp=0.15.png,,0,B,1986
CoolChic@bpp=0.3.png,Arabica@bpp=0.3.png,,0,B,1986
NJUeers@bpp=0.075.png,codecrookie@bpp=0.075.png,,0,B,1986
TLIC@bpp=0.3.png,hm17.0_intra@bpp=0.3.png,,0,B,1986
CoolChic@bpp=0.15.png,TLIC@bpp=0.15.png,,0,B,1986
codecrookie@bpp=0.075.png,vtm22.2_intra@bpp=0.3.png,,0,B,1986
CoolChic@bpp=0.3.png,NJUeers@bpp=0.075.png,,0,A,1986
ED@bpp=0.15.png,codecrookie@bpp=0.075.png,,0,A,1986
TLIC@bpp=0.075.png,codecrookie@bpp=0.3.png,,0,A,1986
TLIC@bpp=0.075.png,vtm22.2_intra@bpp=0.15.png,,0,B,1986
CoolChic@bpp=0.3.png,NJUeers@bpp=0.3.png,,0,A,1986
vtm22.2_intra@bpp=0.3.png,vtm22.2_intra@bpp=0.075.png,true,1,A,1897
vtm22.2_intra@bpp=0.3.png,vtm22.2_intra@bpp=0.075.png,true,1,A,1897
CoolChic@bpp=0.3.png,HIT_AIIA@bpp=0.075.png,,0,A,1897
CoolChic@bpp=0.15.png,ED@bpp=0.075.png,,0,A,1897
ED@bpp=0.3.png,ED@bpp=0.075.png,,0,A,1897
reference.png,ED@bpp=0.3.png,,0,A,1897
vtm22.2_intra@bpp=0.15.png,Arabica@bpp=0.075.png,,0,A,1897
HIT_AIIA@bpp=0.3.png,HIT_AIIA@bpp=0.15.png,,0,A,1897
NJUeers@bpp=0.3.png,codecrookie@bpp=0.15.png,,0,A,1897
vtm22.2_intra@bpp=0.075.png,vtm22.2_intra@bpp=0.3.png,,0,B,1897
CoolChic@bpp=0.075.png,vtm22.2_intra@bpp=0.15.png,,0,B,1897
CoolChic@bpp=0.15.png,CoolChic@bpp=0.075.png,,0,A,1897
NJUeers@bpp=0.075.png,codecrookie@bpp=0.075.png,,0,B,1897
ED@bpp=0.3.png,hm17.0_intra@bpp=0.15.png,,0,A,1897
reference.png,ED@bpp=0.15.png,,0,A,1897
hm17.0_intra@bpp=0.075.png,ED@bpp=0.3.png,,0,B,1897
ED@bpp=0.3.png,vtm22.2_intra@bpp=0.15.png,,0,A,1897
hm17.0_intra@bpp=0.075.png,codecrookie@bpp=0.3.png,,0,B,1897
vtm22.2_intra@bpp=0.3.png,Arabica@bpp=0.3.png,,0,B,1897
codecrookie@bpp=0.075.png,TLIC@bpp=0.075.png,,0,B,1897
codecrookie@bpp=0.075.png,ED@bpp=0.075.png,,0,A,1897
TLIC@bpp=0.15.png,ED@bpp=0.3.png,,0,B,1897
vtm22.2_intra@bpp=0.075.png,Arabica@bpp=0.15.png,,0,A,1897
ED@bpp=0.3.png,hm17.0_intra@bpp=0.075.png,,0,A,1897
ED@bpp=0.15.png,hm17.0_intra@bpp=0.075.png,,0,A,1897
vtm22.2_intra@bpp=0.075.png,codecrookie@bpp=0.15.png,,0,B,1897
CoolChic@bpp=0.3.png,hm17.0_intra@bpp=0.075.png,,0,A,1897
ED@bpp=0.3.png,vtm22.2_intra@bpp=0.075.png,,0,A,1897
NJUeers@bpp=0.15.png,TLIC@bpp=0.3.png,,0,B,1897
ED@bpp=0.15.png,Arabica@bpp=0.15.png,,0,A,1897
Arabica@bpp=0.075.png,NJUeers@bpp=0.075.png,,0,B,1897
ED@bpp=0.3.png,codecrookie@bpp=0.075.png,,0,A,1897
NJUeers@bpp=0.075.png,NJUeers@bpp=0.3.png,,0,B,1897
Arabica@bpp=0.3.png,codecrookie@bpp=0.075.png,,0,A,1897
vtm22.2_intra@bpp=0.075.png,reference.png,true,1,B,1737
vtm22.2_intra@bpp=0.075.png,vtm22.2_intra@bpp=0.3.png,true,1,B,1737
reference.png,vtm22.2_intra@bpp=0.075.png,true,1,A,2382
reference.png,vtm22.2_intra@bpp=0.075.png,true,1,A,2382
ED@bpp=0.075.png,vtm22.2_intra@bpp=0.3.png,,0,B,2382
codecrookie@bpp=0.075.png,Arabica@bpp=0.15.png,,0,B,2382
codecrookie@bpp=0.15.png,ED@bpp=0.15.png,,0,A,2382
reference.png,CoolChic@bpp=0.3.png,,0,A,2382
NJUeers@bpp=0.075.png,codecrookie@bpp=0.075.png,,0,B,2382
vtm22.2_intra@bpp=0.3.png,NJUeers@bpp=0.3.png,,0,A,2382
ED@bpp=0.075.png,NJUeers@bpp=0.15.png,,0,A,2382
HIT_AIIA@bpp=0.075.png,vtm22.2_intra@bpp=0.15.png,,0,A,2382
vtm22.2_intra@bpp=0.075.png,Arabica@bpp=0.075.png,,0,B,2382
ED@bpp=0.3.png,Arabica@bpp=0.3.png,,0,B,2382
TLIC@bpp=0.075.png,hm17.0_intra@bpp=0.075.png,,0,A,2382
ED@bpp=0.075.png,ED@bpp=0.15.png,,0,B,2382
HIT_AIIA@bpp=0.3.png,Arabica@bpp=0.3.png,,0,A,2382
TLIC@bpp=0.15.png,reference.png,,0,B,2382
hm17.0_intra@bpp=0.075.png,vtm22.2_intra@bpp=0.3.png,,0,B,2382
TLIC@bpp=0.3.png,ED@bpp=0.15.png,,0,B,2382
TLIC@bpp=0.15.png,vtm22.2_intra@bpp=0.075.png,,0,A,2382
vtm22.2_intra@bpp=0.075.png,hm17.0_intra@bpp=0.15.png,,0,A,2382
Arabica@bpp=0.15.png,vtm22.2_intra@bpp=0.3.png,,0,B,2382
Arabica@bpp=0.15.png,ED@bpp=0.15.png,,0,A,2382
NJUeers@bpp=0.075.png,vtm22.2_intra@bpp=0.15.png,,0,B,2382
vtm22.2_intra@bpp=0.3.png,ED@bpp=0.3.png,,0,B,2382
HIT_AIIA@bpp=0.15.png,TLIC@bpp=0.15.png,,0,A,2382
vtm22.2_intra@bpp=0.3.png,TLIC@bpp=0.15.png,,0,A,2382
vtm22.2_intra@bpp=0.3.png,HIT_AIIA@bpp=0.15.png,,0,B,2382
hm17.0_intra@bpp=0.15.png,TLIC@bpp=0.15.png,,0,B,2382
HIT_AIIA@bpp=0.15.png,CoolChic@bpp=0.3.png,,0,A,2382
Arabica@bpp=0.15.png,reference.png,,0,B,2382
codecrookie@bpp=0.075.png,codecrookie@bpp=0.15.png,,0,B,2382
TLIC@bpp=0.15.png,codecrookie@bpp=0.15.png,,0,A,2382
NJUeers@bpp=0.3.png,hm17.0_intra@bpp=0.3.png,,0,A,2382
ED@bpp=0.3.png,Arabica@bpp=0.075.png,,0,A,2382
vtm22.2_intra@bpp=0.075.png,vtm22.2_intra@bpp=0.3.png,true,1,B,2385
vtm22.2_intra@bpp=0.3.png,reference.png,true,1,A,2385
vtm22.2_intra@bpp=0.3.png,reference.png,true,1,A,2233
vtm22.2_intra@bpp=0.075.png,vtm22.2_intra@bpp=0.3.png,true,1,B,2233
TLIC@bpp=0.3.png,NJUeers@bpp=0.3.png,,0,B,2385
HIT_AIIA@bpp=0.3.png,vtm22.2_intra@bpp=0.3.png,,0,B,2385
ED@bpp=0.15.png,vtm22.2_intra@bpp=0.3.png,,0,A,2385
Arabica@bpp=0.15.png,NJUeers@bpp=0.15.png,,0,A,2385
reference.png,codecrookie@bpp=0.075.png,,0,B,2385
NJUeers@bpp=0.3.png,hm17.0_intra@bpp=0.15.png,,0,A,2385
ED@bpp=0.3.png,Arabica@bpp=0.15.png,,0,A,2385
CoolChic@bpp=0.15.png,Arabica@bpp=0.3.png,,0,B,2385
NJUeers@bpp=0.15.png,ED@bpp=0.075.png,,0,A,2385
codecrookie@bpp=0.15.png,HIT_AIIA@bpp=0.075.png,,0,A,2385
Arabica@bpp=0.15.png,hm17.0_intra@bpp=0.3.png,,0,A,2385
codecrookie@bpp=0.075.png,hm17.0_intra@bpp=0.15.png,,0,B,2385
HIT_AIIA@bpp=0.15.png,codecrookie@bpp=0.15.png,,0,B,2385
NJUeers@bpp=0.075.png,vtm22.2_intra@bpp=0.3.png,,0,B,2385
CoolChic@bpp=0.15.png,ED@bpp=0.3.png,,0,B,2385
HIT_AIIA@bpp=0.15.png,TLIC@bpp=0.3.png,,0,A,2385
CoolChic@bpp=0.3.png,vtm22.2_intra@bpp=0.15.png,,0,A,2385
Arabica@bpp=0.075.png,HIT_AIIA@bpp=0.3.png,,0,B,2385
Arabica@bpp=0.15.png,TLIC@bpp=0.3.png,,0,B,2385
vtm22.2_intra@bpp=0.075.png,TLIC@bpp=0.3.png,,0,B,2385
vtm22.2_intra@bpp=0.15.png,NJUeers@bpp=0.15.png,,0,A,2385
NJUeers@bpp=0.3.png,HIT_AIIA@bpp=0.075.png,,0,B,2385
CoolChic@bpp=0.3.png,codecrookie@bpp=0.075.png,,0,A,2385
TLIC@bpp=0.075.png,CoolChic@bpp=0.15.png,,0,A,2385
CoolChic@bpp=0.3.png,ED@bpp=0.15.png,,0,A,2385
NJUeers@bpp=0.15.png,codecrookie@bpp=0.15.png,,0,B,2385
ED@bpp=0.3.png,codecrookie@bpp=0.15.png,,0,A,2385
TLIC@bpp=0.15.png,TLIC@bpp=0.075.png,,0,A,2385
codecrookie@bpp=0.075.png,ED@bpp=0.075.png,,0,A,2385
CoolChic@bpp=0.3.png,HIT_AIIA@bpp=0.075.png,,0,A,2385
Arabica@bpp=0.3.png,ED@bpp=0.075.png,,0,A,2385
HIT_AIIA@bpp=0.3.png,ED@bpp=0.15.png,,0,A,2385
reference.png,vtm22.2_intra@bpp=0.3.png,true,1,A,1990
reference.png,vtm22.2_intra@bpp=0.3.png,true,1,A,1990
TLIC@bpp=0.15.png,vtm22.2_intra@bpp=0.15.png,,0,A,2233
vtm22.2_intra@bpp=0.075.png,CoolChic@bpp=0.15.png,,0,B,2233
Arabica@bpp=0.3.png,Arabica@bpp=0.15.png,,0,B,2233
TLIC@bpp=0.3.png,CoolChic@bpp=0.15.png,,0,B,2233
reference.png,Arabica@bpp=0.15.png,,0,A,2233
TLIC@bpp=0.075.png,TLIC@bpp=0.15.png,,0,A,2233
CoolChic@bpp=0.15.png,NJUeers@bpp=0.075.png,,0,A,2233
ED@bpp=0.15.png,HIT_AIIA@bpp=0.075.png,,0,A,2233
CoolChic@bpp=0.15.png,reference.png,,0,B,2233
NJUeers@bpp=0.075.png,NJUeers@bpp=0.3.png,,0,B,2233
codecrookie@bpp=0.3.png,CoolChic@bpp=0.3.png,,0,A,2233
ED@bpp=0.3.png,NJUeers@bpp=0.075.png,,0,A,2233
TLIC@bpp=0.075.png,Arabica@bpp=0.075.png,,0,A,2233
hm17.0_intra@bpp=0.075.png,codecrookie@bpp=0.3.png,,0,B,2233
codecrookie@bpp=0.3.png,HIT_AIIA@bpp=0.075.png,,0,B,2233
TLIC@bpp=0.075.png,HIT_AIIA@bpp=0.075.png,,0,A,2233
NJUeers@bpp=0.15.png,CoolChic@bpp=0.15.png,,0,A,2233
codecrookie@bpp=0.15.png,NJUeers@bpp=0.3.png,,0,A,2233
TLIC@bpp=0.075.png,reference.png,,0,A,2233
Arabica@bpp=0.3.png,reference.png,,0,A,2233
hm17.0_intra@bpp=0.15.png,NJUeers@bpp=0.075.png,,0,A,2233
HIT_AIIA@bpp=0.075.png,CoolChic@bpp=0.15.png,,0,B,2233
hm17.0_intra@bpp=0.3.png,Arabica@bpp=0.3.png,,0,B,2233
hm17.0_intra@bpp=0.075.png,TLIC@bpp=0.15.png,,0,B,2233
HIT_AIIA@bpp=0.075.png,ED@bpp=0.15.png,,0,B,2233
Arabica@bpp=0.3.png,hm17.0_intra@bpp=0.15.png,,0,A,2233
CoolChic@bpp=0.075.png,TLIC@bpp=0.15.png,,0,B,2233
HIT_AIIA@bpp=0.075.png,codecrookie@bpp=0.075.png,,0,A,2233
hm17.0_intra@bpp=0.075.png,CoolChic@bpp=0.15.png,,0,B,2233
vtm22.2_intra@bpp=0.3.png,HIT_AIIA@bpp=0.3.png,,0,B,2233
codecrookie@bpp=0.075.png,ED@bpp=0.3.png,,0,B,2233
NJUeers@bpp=0.075.png,reference.png,,0,B,2233
vtm22.2_intra@bpp=0.075.png,vtm22.2_intra@bpp=0.3.png,true,1,B,1733
vtm22.2_intra@bpp=0.3.png,vtm22.2_intra@bpp=0.075.png,true,1,A,1733
NJUeers@bpp=0.3.png,hm17.0_intra@bpp=0.075.png,,0,A,1990
HIT_AIIA@bpp=0.3.png,codecrookie@bpp=0.075.png,,0,A,1990
vtm22.2_intra@bpp=0.3.png,CoolChic@bpp=0.3.png,,0,A,1990
codecrookie@bpp=0.3.png,TLIC@bpp=0.3.png,,0,A,1990
Arabica@bpp=0.3.png,hm17.0_intra@bpp=0.15.png,,0,A,1990
codecrookie@bpp=0.075.png,ED@bpp=0.3.png,,0,B,1990
codecrookie@bpp=0.3.png,TLIC@bpp=0.3.png,,0,B,1990
NJUeers@bpp=0.15.png,CoolChic@bpp=0.3.png,,0,B,1990
NJUeers@bpp=0.3.png,hm17.0_intra@bpp=0.15.png,,0,A,1990
reference.png,hm17.0_intra@bpp=0.075.png,,0,A,1990
codecrookie@bpp=0.15.png,hm17.0_intra@bpp=0.15.png,,0,A,1990
reference.png,NJUeers@bpp=0.3.png,,0,A,1990
CoolChic@bpp=0.3.png,reference.png,,0,B,1990
TLIC@bpp=0.075.png,NJUeers@bpp=0.15.png,,0,A,1990
ED@bpp=0.15.png,codecrookie@bpp=0.075.png,,0,A,1990
vtm22.2_intra@bpp=0.075.png,hm17.0_intra@bpp=0.3.png,,0,B,1990
TLIC@bpp=0.075.png,NJUeers@bpp=0.15.png,,0,B,1990
codecrookie@bpp=0.3.png,hm17.0_intra@bpp=0.075.png,,0,A,1990
HIT_AIIA@bpp=0.15.png,NJUeers@bpp=0.075.png,,0,A,1990
NJUeers@bpp=0.3.png,TLIC@bpp=0.15.png,,0,A,1990
CoolChic@bpp=0.075.png,NJUeers@bpp=0.15.png,,0,B,1990
NJUeers@bpp=0.3.png,CoolChic@bpp=0.075.png,,0,A,1990
ED@bpp=0.075.png,codecrookie@bpp=0.075.png,,0,A,1990
CoolChic@bpp=0.075.png,HIT_AIIA@bpp=0.15.png,,0,B,1990
TLIC@bpp=0.3.png,CoolChic@bpp=0.15.png,,0,A,1990
reference.png,codecrookie@bpp=0.15.png,,0,A,1990
NJUeers@bpp=0.15.png,ED@bpp=0.15.png,,0,B,1990
vtm22.2_intra@bpp=0.3.png,ED@bpp=0.3.png,,0,A,1990
hm17.0_intra@bpp=0.3.png,Arabica@bpp=0.15.png,,0,B,1990
TLIC@bpp=0.3.png,ED@bpp=0.075.png,,0,A,1990
Arabica@bpp=0.3.png,vtm22.2_intra@bpp=0.075.png,,0,A,1990
NJUeers@bpp=0.3.png,hm17.0_intra@bpp=0.075.png,,0,A,1990
vtm22.2_intra@bpp=0.075.png,codecrookie@bpp=0.075.png,,0,B,1733
HIT_AIIA@bpp=0.075.png,Arabica@bpp=0.3.png,,0,A,1733
NJUeers@bpp=0.15.png,ED@bpp=0.075.png,,0,B,1733
Arabica@bpp=0.3.png,ED@bpp=0.15.png,,0,A,1733
ED@bpp=0.15.png,HIT_AIIA@bpp=0.075.png,,0,B,1733
CoolChic@bpp=0.15.png,TLIC@bpp=0.3.png,,0,B,1733
HIT_AIIA@bpp=0.15.png,NJUeers@bpp=0.075.png,,0,A,1733
TLIC@bpp=0.075.png,CoolChic@bpp=0.075.png,,0,A,1733
vtm22.2_intra@bpp=0.075.png,NJUeers@bpp=0.15.png,,0,B,1733
codecrookie@bpp=0.075.png,HIT_AIIA@bpp=0.15.png,,0,B,1733
codecrookie@bpp=0.15.png,CoolChic@bpp=0.3.png,,0,A,1733
reference.png,codecrookie@bpp=0.3.png,,0,A,1733
Arabica@bpp=0.3.png,CoolChic@bpp=0.075.png,,0,A,1733
HIT_AIIA@bpp=0.075.png,Arabica@bpp=0.075.png,,0,A,1733
TLIC@bpp=0.075.png,vtm22.2_intra@bpp=0.15.png,,0,A,1733
Arabica@bpp=0.3.png,codecrookie@bpp=0.15.png,,0,B,1733
TLIC@bpp=0.3.png,CoolChic@bpp=0.15.png,,0,A,1733
vtm22.2_intra@bpp=0.3.png,TLIC@bpp=0.3.png,,0,A,1733
codecrookie@bpp=0.075.png,TLIC@bpp=0.3.png,,0,B,1733
hm17.0_intra@bpp=0.075.png,TLIC@bpp=0.075.png,,0,B,1733
Arabica@bpp=0.15.png,TLIC@bpp=0.3.png,,0,B,1733
CoolChic@bpp=0.075.png,NJUeers@bpp=0.3.png,,0,B,1733
reference.png,ED@bpp=0.15.png,,0,A,1733
CoolChic@bpp=0.15.png,TLIC@bpp=0.3.png,,0,B,1733
CoolChic@bpp=0.075.png,hm17.0_intra@bpp=0.3.png,,0,B,1733
reference.png,NJUeers@bpp=0.15.png,,0,A,1733
Arabica@bpp=0.3.png,hm17.0_intra@bpp=0.15.png,,0,A,1733
vtm22.2_intra@bpp=0.3.png,hm17.0_intra@bpp=0.3.png,,0,A,1733
hm17.0_intra@bpp=0.3.png,vtm22.2_intra@bpp=0.15.png,,0,A,1733
vtm22.2_intra@bpp=0.3.png,NJUeers@bpp=0.3.png,,0,A,1733
NJUeers@bpp=0.15.png,CoolChic@bpp=0.3.png,,0,B,1733
CoolChic@bpp=0.15.png,CoolChic@bpp=0.075.png,,0,A,1733
vtm22.2_intra@bpp=0.075.png,vtm22.2_intra@bpp=0.3.png,true,1,B,2384
reference.png,vtm22.2_intra@bpp=0.3.png,true,1,A,2384
codecrookie@bpp=0.075.png,HIT_AIIA@bpp=0.15.png,,0,B,2384
reference.png,Arabica@bpp=0.075.png,,0,A,2384
HIT_AIIA@bpp=0.3.png,reference.png,,0,B,2384
hm17.0_intra@bpp=0.075.png,CoolChic@bpp=0.15.png,,0,B,2384
vtm22.2_intra@bpp=0.075.png,CoolChic@bpp=0.3.png,,0,B,2384
hm17.0_intra@bpp=0.15.png,codecrookie@bpp=0.15.png,,0,B,2384
HIT_AIIA@bpp=0.3.png,vtm22.2_intra@bpp=0.15.png,,0,A,2384
codecrookie@bpp=0.075.png,NJUeers@bpp=0.15.png,,0,B,2384
CoolChic@bpp=0.15.png,Arabica@bpp=0.075.png,,0,A,2384
hm17.0_intra@bpp=0.15.png,NJUeers@bpp=0.15.png,,0,B,2384
NJUeers@bpp=0.075.png,TLIC@bpp=0.3.png,,0,B,2384
vtm22.2_intra@bpp=0.3.png,ED@bpp=0.075.png,,0,A,2384
Arabica@bpp=0.3.png,ED@bpp=0.075.png,,0,B,2384
NJUeers@bpp=0.075.png,CoolChic@bpp=0.3.png,,0,B,2384
vtm22.2_intra@bpp=0.075.png,codecrookie@bpp=0.15.png,,0,B,2384
Arabica@bpp=0.15.png,HIT_AIIA@bpp=0.075.png,,0,A,2384
hm17.0_intra@bpp=0.075.png,hm17.0_intra@bpp=0.15.png,,0,B,2384
CoolChic@bpp=0.075.png,hm17.0_intra@bpp=0.15.png,,0,B,2384
ED@bpp=0.3.png,Arabica@bpp=0.075.png,,0,A,2384
vtm22.2_intra@bpp=0.3.png,codecrookie@bpp=0.3.png,,0,B,2384
codecrookie@bpp=0.3.png,CoolChic@bpp=0.075.png,,0,A,2384
vtm22.2_intra@bpp=0.15.png,hm17.0_intra@bpp=0.3.png,,0,B,2384
codecrookie@bpp=0.075.png,NJUeers@bpp=0.075.png,,0,A,2384
HIT_AIIA@bpp=0.075.png,HIT_AIIA@bpp=0.15.png,,0,B,2384
HIT_AIIA@bpp=0.3.png,NJUeers@bpp=0.3.png,,0,A,2384
Arabica@bpp=0.075.png,ED@bpp=0.15.png,,0,A,2384
codecrookie@bpp=0.15.png,CoolChic@bpp=0.075.png,,0,A,2384
ED@bpp=0.15.png,vtm22.2_intra@bpp=0.075.png,,0,A,2384
CoolChic@bpp=0.3.png,Arabica@bpp=0.3.png,,0,B,2384
HIT_AIIA@bpp=0.3.png,Arabica@bpp=0.075.png,,0,A,2384
Arabica@bpp=0.3.png,hm17.0_intra@bpp=0.3.png,,0,A,2384
Arabica@bpp=0.075.png,HIT_AIIA@bpp=0.3.png,,0,B,2384
reference.png,vtm22.2_intra@bpp=0.3.png,true,1,A,1918
reference.png,vtm22.2_intra@bpp=0.3.png,true,1,A,1918
vtm22.2_intra@bpp=0.075.png,vtm22.2_intra@bpp=0.3.png,true,1,B,1714
vtm22.2_intra@bpp=0.075.png,vtm22.2_intra@bpp=0.3.png,true,1,B,1714
HIT_AIIA@bpp=0.075.png,CoolChic@bpp=0.3.png,,0,A,1714
codecrookie@bpp=0.15.png,NJUeers@bpp=0.15.png,,0,A,1714
CoolChic@bpp=0.15.png,reference.png,,0,B,1714
ED@bpp=0.15.png,HIT_AIIA@bpp=0.075.png,,0,A,1714
Arabica@bpp=0.15.png,NJUeers@bpp=0.15.png,,0,A,1714
codecrookie@bpp=0.075.png,HIT_AIIA@bpp=0.3.png,,0,B,1714
codecrookie@bpp=0.075.png,hm17.0_intra@bpp=0.3.png,,0,B,1714
NJUeers@bpp=0.075.png,HIT_AIIA@bpp=0.3.png,,0,B,1714
Arabica@bpp=0.15.png,CoolChic@bpp=0.15.png,,0,A,1714
Arabica@bpp=0.075.png,reference.png,,0,B,1714
TLIC@bpp=0.3.png,vtm22.2_intra@bpp=0.075.png,,0,A,1714
CoolChic@bpp=0.075.png,TLIC@bpp=0.3.png,,0,B,1714
hm17.0_intra@bpp=0.15.png,CoolChic@bpp=0.3.png,,0,B,1714
vtm22.2_intra@bpp=0.15.png,vtm22.2_intra@bpp=0.075.png,,0,A,1714
codecrookie@bpp=0.15.png,HIT_AIIA@bpp=0.075.png,,0,A,1714
ED@bpp=0.15.png,Arabica@bpp=0.075.png,,0,B,1714
ED@bpp=0.075.png,Arabica@bpp=0.3.png,,0,B,1714
NJUeers@bpp=0.15.png,ED@bpp=0.15.png,,0,A,1714
NJUeers@bpp=0.075.png,ED@bpp=0.15.png,,0,B,1714
vtm22.2_intra@bpp=0.15.png,Arabica@bpp=0.15.png,,0,B,1714
TLIC@bpp=0.3.png,reference.png,,0,B,1714
Arabica@bpp=0.15.png,vtm22.2_intra@bpp=0.15.png,,0,A,1714
NJUeers@bpp=0.15.png,codecrookie@bpp=0.15.png,,0,B,1714
HIT_AIIA@bpp=0.075.png,Arabica@bpp=0.075.png,,0,A,1714
codecrookie@bpp=0.3.png,Arabica@bpp=0.3.png,,0,B,1714
CoolChic@bpp=0.3.png,codecrookie@bpp=0.075.png,,0,B,1714
NJUeers@bpp=0.075.png,codecrookie@bpp=0.075.png,,0,B,1714
Arabica@bpp=0.3.png,HIT_AIIA@bpp=0.3.png,,0,B,1714
NJUeers@bpp=0.075.png,Arabica@bpp=0.15.png,,0,B,1714
ED@bpp=0.075.png,hm17.0_intra@bpp=0.15.png,,0,B,1714
CoolChic@bpp=0.3.png,hm17.0_intra@bpp=0.3.png,,0,B,1714
vtm22.2_intra@bpp=0.15.png,reference.png,,0,B,1714
vtm22.2_intra@bpp=0.3.png,reference.png,true,1,B,1199
vtm22.2_intra@bpp=0.075.png,reference.png,true,1,B,1199
codecrookie@bpp=0.15.png,CoolChic@bpp=0.3.png,,0,B,1199
ED@bpp=0.075.png,NJUeers@bpp=0.3.png,,0,B,1199
codecrookie@bpp=0.075.png,NJUeers@bpp=0.15.png,,0,A,1199
HIT_AIIA@bpp=0.075.png,vtm22.2_intra@bpp=0.3.png,,0,A,1199
HIT_AIIA@bpp=0.3.png,Arabica@bpp=0.075.png,,0,A,1199
Arabica@bpp=0.3.png,CoolChic@bpp=0.075.png,,0,A,1199
vtm22.2_intra@bpp=0.3.png,TLIC@bpp=0.3.png,,0,B,1199
vtm22.2_intra@bpp=0.3.png,reference.png,,0,B,1199
CoolChic@bpp=0.15.png,ED@bpp=0.075.png,,0,A,1199
vtm22.2_intra@bpp=0.3.png,HIT_AIIA@bpp=0.075.png,,0,A,1199
CoolChic@bpp=0.075.png,hm17.0_intra@bpp=0.3.png,,0,B,1199
vtm22.2_intra@bpp=0.075.png,HIT_AIIA@bpp=0.15.png,,0,B,1199
HIT_AIIA@bpp=0.15.png,ED@bpp=0.3.png,,0,A,1199
hm17.0_intra@bpp=0.3.png,NJUeers@bpp=0.075.png,,0,A,1199
HIT_AIIA@bpp=0.3.png,CoolChic@bpp=0.075.png,,0,A,1199
NJUeers@bpp=0.075.png,reference.png,,0,B,1199
ED@bpp=0.15.png,CoolChic@bpp=0.075.png,,0,A,1199
codecrookie@bpp=0.3.png,ED@bpp=0.15.png,,0,A,1199
ED@bpp=0.075.png,hm17.0_intra@bpp=0.3.png,,0,B,1199
codecrookie@bpp=0.075.png,TLIC@bpp=0.15.png,,0,B,1199
HIT_AIIA@bpp=0.075.png,codecrookie@bpp=0.15.png,,0,A,1199
HIT_AIIA@bpp=0.15.png,CoolChic@bpp=0.3.png,,0,A,1199
vtm22.2_intra@bpp=0.3.png,codecrookie@bpp=0.15.png,,0,A,1199
Arabica@bpp=0.3.png,hm17.0_intra@bpp=0.3.png,,0,A,1199
CoolChic@bpp=0.15.png,HIT_AIIA@bpp=0.075.png,,0,A,1199
ED@bpp=0.3.png,NJUeers@bpp=0.15.png,,0,A,1199
codecrookie@bpp=0.3.png,ED@bpp=0.15.png,,0,A,1199
hm17.0_intra@bpp=0.075.png,ED@bpp=0.3.png,,0,B,1199
codecrookie@bpp=0.075.png,hm17.0_intra@bpp=0.075.png,,0,B,1199
TLIC@bpp=0.15.png,reference.png,,0,B,1199
ED@bpp=0.3.png,Arabica@bpp=0.075.png,,0,A,1199
Arabica@bpp=0.15.png,Arabica@bpp=0.075.png,,0,A,1199
reference.png,vtm22.2_intra@bpp=0.075.png,true,1,A,2386
reference.png,vtm22.2_intra@bpp=0.075.png,true,1,A,2386
codecrookie@bpp=0.15.png,TLIC@bpp=0.075.png,,0,B,2386
CoolChic@bpp=0.075.png,hm17.0_intra@bpp=0.075.png,,0,B,2386
Arabica@bpp=0.15.png,reference.png,,0,B,2386
Arabica@bpp=0.15.png,NJUeers@bpp=0.3.png,,0,B,2386
hm17.0_intra@bpp=0.075.png,Arabica@bpp=0.075.png,,0,B,2386
ED@bpp=0.3.png,hm17.0_intra@bpp=0.3.png,,0,A,2386
Arabica@bpp=0.075.png,hm17.0_intra@bpp=0.075.png,,0,A,2386
TLIC@bpp=0.075.png,ED@bpp=0.075.png,,0,B,2386
NJUeers@bpp=0.075.png,NJUeers@bpp=0.15.png,,0,B,2386
Arabica@bpp=0.3.png,Arabica@bpp=0.075.png,,0,A,2386
NJUeers@bpp=0.075.png,TLIC@bpp=0.15.png,,0,B,2386
TLIC@bpp=0.075.png,codecrookie@bpp=0.075.png,,0,B,2386
TLIC@bpp=0.15.png,codecrookie@bpp=0.075.png,,0,A,2386
NJUeers@bpp=0.075.png,codecrookie@bpp=0.15.png,,0,B,2386
ED@bpp=0.15.png,NJUeers@bpp=0.075.png,,0,A,2386
HIT_AIIA@bpp=0.3.png,ED@bpp=0.15.png,,0,A,2386
reference.png,ED@bpp=0.3.png,,0,A,2386
ED@bpp=0.15.png,CoolChic@bpp=0.3.png,,0,B,2386
reference.png,TLIC@bpp=0.3.png,,0,A,2386
CoolChic@bpp=0.3.png,CoolChic@bpp=0.075.png,,0,A,2386
CoolChic@bpp=0.075.png,HIT_AIIA@bpp=0.15.png,,0,B,2386
ED@bpp=0.075.png,hm17.0_intra@bpp=0.3.png,,0,B,2386
hm17.0_intra@bpp=0.075.png,codecrookie@bpp=0.3.png,,0,B,2386
NJUeers@bpp=0.075.png,HIT_AIIA@bpp=0.3.png,,0,B,2386
Arabica@bpp=0.3.png,vtm22.2_intra@bpp=0.15.png,,0,A,2386
ED@bpp=0.075.png,vtm22.2_intra@bpp=0.075.png,,0,A,2386
hm17.0_intra@bpp=0.3.png,TLIC@bpp=0.15.png,,0,B,2386
HIT_AIIA@bpp=0.075.png,TLIC@bpp=0.075.png,,0,A,2386
CoolChic@bpp=0.075.png,Arabica@bpp=0.075.png,,0,B,2386
HIT_AIIA@bpp=0.3.png,HIT_AIIA@bpp=0.075.png,,0,A,2386
codecrookie@bpp=0.3.png,TLIC@bpp=0.3.png,,0,B,2386
hm17.0_intra@bpp=0.15.png,TLIC@bpp=0.075.png,,0,B,2386
reference.png,vtm22.2_intra@bpp=0.075.png,true,1,A,1720
vtm22.2_intra@bpp=0.075.png,vtm22.2_intra@bpp=0.3.png,true,1,B,1720
codecrookie@bpp=0.15.png,CoolChic@bpp=0.3.png,,0,A,1720
codecrookie@bpp=0.3.png,vtm22.2_intra@bpp=0.15.png,,0,A,1720
NJUeers@bpp=0.3.png,codecrookie@bpp=0.3.png,,0,B,1720
NJUeers@bpp=0.3.png,codecrookie@bpp=0.3.png,,0,B,1720
CoolChic@bpp=0.3.png,TLIC@bpp=0.3.png,,0,A,1720
Arabica@bpp=0.15.png,CoolChic@bpp=0.3.png,,0,B,1720
reference.png,HIT_AIIA@bpp=0.3.png,,0,A,1720
NJUeers@bpp=0.3.png,hm17.0_intra@bpp=0.3.png,,0,B,1720
vtm22.2_intra@bpp=0.075.png,vtm22.2_intra@bpp=0.3.png,,0,B,1720
CoolChic@bpp=0.15.png,codecrookie@bpp=0.15.png,,0,A,1720
codecrookie@bpp=0.075.png,hm17.0_intra@bpp=0.15.png,,0,B,1720
NJUeers@bpp=0.075.png,vtm22.2_intra@bpp=0.075.png,,0,B,1720
NJUeers@bpp=0.075.png,Arabica@bpp=0.15.png,,0,B,1720
hm17.0_intra@bpp=0.3.png,Arabica@bpp=0.075.png,,0,A,1720
hm17.0_intra@bpp=0.15.png,vtm22.2_intra@bpp=0.075.png,,0,A,1720
vtm22.2_intra@bpp=0.075.png,Arabica@bpp=0.075.png,,0,B,1720
Arabica@bpp=0.075.png,vtm22.2_intra@bpp=0.3.png,,0,B,1720
TLIC@bpp=0.15.png,Arabica@bpp=0.075.png,,0,A,1720
ED@bpp=0.075.png,codecrookie@bpp=0.15.png,,0,B,1720
CoolChic@bpp=0.15.png,TLIC@bpp=0.075.png,,0,B,1720
TLIC@bpp=0.15.png,Arabica@bpp=0.075.png,,0,A,1720
ED@bpp=0.3.png,TLIC@bpp=0.075.png,,0,A,1720
Arabica@bpp=0.3.png,ED@bpp=0.075.png,,0,A,1720
ED@bpp=0.15.png,TLIC@bpp=0.3.png,,0,B,1720
HIT_AIIA@bpp=0.075.png,HIT_AIIA@bpp=0.15.png,,0,A,1720
vtm22.2_intra@bpp=0.15.png,codecrookie@bpp=0.075.png,,0,B,1720
CoolChic@bpp=0.15.png,TLIC@bpp=0.15.png,,0,A,1720
CoolChic@bpp=0.075.png,CoolChic@bpp=0.3.png,,0,B,1720
ED@bpp=0.075.png,vtm22.2_intra@bpp=0.15.png,,0,A,1720
Arabica@bpp=0.3.png,HIT_AIIA@bpp=0.075.png,,0,A,1720
reference.png,NJUeers@bpp=0.075.png,,0,B,1720
ED@bpp=0.3.png,TLIC@bpp=0.15.png,,0,B,1720
vtm22.2_intra@bpp=0.3.png,vtm22.2_intra@bpp=0.075.png,true,1,A,1985
vtm22.2_intra@bpp=0.3.png,vtm22.2_intra@bpp=0.075.png,true,1,A,1985
Arabica@bpp=0.3.png,NJUeers@bpp=0.15.png,,0,A,1985
Arabica@bpp=0.15.png,CoolChic@bpp=0.15.png,,0,A,1985
TLIC@bpp=0.15.png,NJUeers@bpp=0.3.png,,0,B,1985
NJUeers@bpp=0.3.png,ED@bpp=0.075.png,,0,A,1985
Arabica@bpp=0.3.png,HIT_AIIA@bpp=0.3.png,,0,B,1985
codecrookie@bpp=0.075.png,ED@bpp=0.3.png,,0,B,1985
TLIC@bpp=0.3.png,Arabica@bpp=0.075.png,,0,A,1985
vtm22.2_intra@bpp=0.15.png,hm17.0_intra@bpp=0.15.png,,0,B,1985
HIT_AIIA@bpp=0.3.png,NJUeers@bpp=0.15.png,,0,A,1985
reference.png,Arabica@bpp=0.3.png,,0,A,1985
codecrookie@bpp=0.15.png,ED@bpp=0.3.png,,0,B,1985
codecrookie@bpp=0.3.png,vtm22.2_intra@bpp=0.3.png,,0,A,1985
HIT_AIIA@bpp=0.15.png,ED@bpp=0.075.png,,0,A,1985
NJUeers@bpp=0.15.png,CoolChic@bpp=0.15.png,,0,B,1985
codecrookie@bpp=0.15.png,CoolChic@bpp=0.15.png,,0,A,1985
ED@bpp=0.3.png,Arabica@bpp=0.3.png,,0,B,1985
vtm22.2_intra@bpp=0.075.png,codecrookie@bpp=0.075.png,,0,B,1985
CoolChic@bpp=0.3.png,HIT_AIIA@bpp=0.3.png,,0,B,1985
TLIC@bpp=0.3.png,NJUeers@bpp=0.3.png,,0,A,1985
NJUeers@bpp=0.3.png,HIT_AIIA@bpp=0.075.png,,0,A,1985
codecrookie@bpp=0.15.png,Arabica@bpp=0.15.png,,0,B,1985
hm17.0_intra@bpp=0.15.png,codecrookie@bpp=0.3.png,,0,B,1985
hm17.0_intra@bpp=0.15.png,NJUeers@bpp=0.15.png,,0,A,1985
hm17.0_intra@bpp=0.3.png,TLIC@bpp=0.3.png,,0,B,1985
Arabica@bpp=0.15.png,TLIC@bpp=0.15.png,,0,B,1985
HIT_AIIA@bpp=0.15.png,Arabica@bpp=0.075.png,,0,A,1985
ED@bpp=0.075.png,CoolChic@bpp=0.15.png,,0,B,1985
ED@bpp=0.3.png,hm17.0_intra@bpp=0.075.png,,0,A,1985
vtm22.2_intra@bpp=0.15.png,Arabica@bpp=0.075.png,,0,B,1985
vtm22.2_intra@bpp=0.075.png,NJUeers@bpp=0.15.png,,0,B,1985
reference.png,CoolChic@bpp=0.075.png,,0,A,1985
NJUeers@bpp=0.3.png,NJUeers@bpp=0.075.png,,0,A,1985
vtm22.2_intra@bpp=0.3.png,vtm22.2_intra@bpp=0.075.png,true,1,A,2052
vtm22.2_intra@bpp=0.3.png,reference.png,true,1,B,2052
ED@bpp=0.3.png,CoolChic@bpp=0.3.png,,0,A,2052
CoolChic@bpp=0.075.png,NJUeers@bpp=0.075.png,,0,A,2052
reference.png,Arabica@bpp=0.3.png,,0,A,2052
NJUeers@bpp=0.15.png,vtm22.2_intra@bpp=0.3.png,,0,B,2052
Arabica@bpp=0.15.png,vtm22.2_intra@bpp=0.3.png,,0,B,2052
codecrookie@bpp=0.3.png,NJUeers@bpp=0.3.png,,0,A,2052
ED@bpp=0.3.png,TLIC@bpp=0.075.png,,0,A,2052
vtm22.2_intra@bpp=0.075.png,TLIC@bpp=0.075.png,,0,B,2052
Arabica@bpp=0.3.png,NJUeers@bpp=0.3.png,,0,A,2052
HIT_AIIA@bpp=0.15.png,ED@bpp=0.15.png,,0,A,2052
NJUeers@bpp=0.075.png,CoolChic@bpp=0.075.png,,0,B,2052
HIT_AIIA@bpp=0.3.png,ED@bpp=0.075.png,,0,A,2052
HIT_AIIA@bpp=0.3.png,Arabica@bpp=0.075.png,,0,A,2052
NJUeers@bpp=0.3.png,codecrookie@bpp=0.075.png,,0,A,2052
CoolChic@bpp=0.075.png,hm17.0_intra@bpp=0.15.png,,0,B,2052
Arabica@bpp=0.3.png,Arabica@bpp=0.15.png,,0,A,2052
HIT_AIIA@bpp=0.15.png,TLIC@bpp=0.075.png,,0,A,2052
codecrookie@bpp=0.075.png,CoolChic@bpp=0.3.png,,0,B,2052
hm17.0_intra@bpp=0.3.png,codecrookie@bpp=0.3.png,,0,B,2052
TLIC@bpp=0.15.png,CoolChic@bpp=0.3.png,,0,B,2052
NJUeers@bpp=0.3.png,TLIC@bpp=0.3.png,,0,A,2052
vtm22.2_intra@bpp=0.3.png,hm17.0_intra@bpp=0.3.png,,0,A,2052
codecrookie@bpp=0.075.png,CoolChic@bpp=0.075.png,,0,B,2052
CoolChic@bpp=0.075.png,TLIC@bpp=0.075.png,,0,B,2052
vtm22.2_intra@bpp=0.075.png,ED@bpp=0.075.png,,0,B,2052
ED@bpp=0.15.png,TLIC@bpp=0.3.png,,0,B,2052
ED@bpp=0.15.png,vtm22.2_intra@bpp=0.3.png,,0,A,2052
Arabica@bpp=0.075.png,CoolChic@bpp=0.075.png,,0,A,2052
codecrookie@bpp=0.3.png,Arabica@bpp=0.075.png,,0,A,2052
hm17.0_intra@bpp=0.075.png,NJUeers@bpp=0.075.png,,0,B,2052
vtm22.2_intra@bpp=0.3.png,TLIC@bpp=0.15.png,,0,B,2052
HIT_AIIA@bpp=0.3.png,hm17.0_intra@bpp=0.075.png,,0,A,2052
vtm22.2_intra@bpp=0.075.png,reference.png,true,1,B,2022
reference.png,vtm22.2_intra@bpp=0.075.png,true,1,A,2022
CoolChic@bpp=0.075.png,hm17.0_intra@bpp=0.15.png,,0,A,2022
Arabica@bpp=0.3.png,Arabica@bpp=0.15.png,,0,A,2022
ED@bpp=0.15.png,reference.png,,0,B,2022
vtm22.2_intra@bpp=0.15.png,hm17.0_intra@bpp=0.15.png,,0,A,2022
codecrookie@bpp=0.15.png,TLIC@bpp=0.15.png,,0,B,2022
HIT_AIIA@bpp=0.3.png,Arabica@bpp=0.075.png,,0,A,2022
hm17.0_intra@bpp=0.075.png,codecrookie@bpp=0.075.png,,0,B,2022
NJUeers@bpp=0.3.png,reference.png,,0,B,2022
hm17.0_intra@bpp=0.15.png,vtm22.2_intra@bpp=0.3.png,,0,B,2022
TLIC@bpp=0.075.png,hm17.0_intra@bpp=0.075.png,,0,A,2022
Arabica@bpp=0.3.png,codecrookie@bpp=0.075.png,,0,A,2022
hm17.0_intra@bpp=0.15.png,TLIC@bpp=0.15.png,,0,A,2022
hm17.0_intra@bpp=0.3.png,codecrookie@bpp=0.3.png,,0,B,2022
CoolChic@bpp=0.15.png,hm17.0_intra@bpp=0.075.png,,0,A,2022
NJUeers@bpp=0.3.png,CoolChic@bpp=0.075.png,,0,A,2022
ED@bpp=0.075.png,vtm22.2_intra@bpp=0.15.png,,0,B,2022
vtm22.2_intra@bpp=0.075.png,reference.png,,0,B,2022
reference.png,codecrookie@bpp=0.15.png,,0,B,2022
CoolChic@bpp=0.15.png,Arabica@bpp=0.075.png,,0,B,2022
reference.png,CoolChic@bpp=0.075.png,,0,A,2022
HIT_AIIA@bpp=0.3.png,TLIC@bpp=0.3.png,,0,A,2022
hm17.0_intra@bpp=0.075.png,vtm22.2_intra@bpp=0.3.png,,0,B,2022
vtm22.2_intra@bpp=0.075.png,TLIC@bpp=0.15.png,,0,B,2022
CoolChic@bpp=0.3.png,codecrookie@bpp=0.3.png,,0,B,2022
TLIC@bpp=0.075.png,ED@bpp=0.3.png,,0,A,2022
hm17.0_intra@bpp=0.075.png,CoolChic@bpp=0.075.png,,0,B,2022
codecrookie@bpp=0.075.png,TLIC@bpp=0.15.png,,0,B,2022
CoolChic@bpp=0.15.png,Arabica@bpp=0.15.png,,0,B,2022
CoolChic@bpp=0.3.png,NJUeers@bpp=0.3.png,,0,A,2022
ED@bpp=0.15.png,CoolChic@bpp=0.3.png,,0,B,2022
hm17.0_intra@bpp=0.15.png,vtm22.2_intra@bpp=0.075.png,,0,A,2022
TLIC@bpp=0.075.png,vtm22.2_intra@bpp=0.15.png,,0,B,2022
vtm22.2_intra@bpp=0.3.png,vtm22.2_intra@bpp=0.075.png,true,1,A,1207
vtm22.2_intra@bpp=0.3.png,reference.png,true,1,B,1207
Arabica@bpp=0.075.png,TLIC@bpp=0.3.png,,0,B,1207
codecrookie@bpp=0.15.png,hm17.0_intra@bpp=0.3.png,,0,A,1207
CoolChic@bpp=0.15.png,CoolChic@bpp=0.075.png,,0,A,1207
ED@bpp=0.3.png,TLIC@bpp=0.3.png,,0,B,1207
codecrookie@bpp=0.075.png,HIT_AIIA@bpp=0.3.png,,0,B,1207
NJUeers@bpp=0.15.png,HIT_AIIA@bpp=0.15.png,,0,B,1207
CoolChic@bpp=0.075.png,ED@bpp=0.15.png,,0,B,1207
vtm22.2_intra@bpp=0.3.png,codecrookie@bpp=0.075.png,,0,A,1207
CoolChic@bpp=0.3.png,CoolChic@bpp=0.075.png,,0,A,1207
ED@bpp=0.3.png,vtm22.2_intra@bpp=0.075.png,,0,A,1207
hm17.0_intra@bpp=0.075.png,codecrookie@bpp=0.3.png,,0,B,1207
Arabica@bpp=0.15.png,Arabica@bpp=0.075.png,,0,A,1207
HIT_AIIA@bpp=0.3.png,vtm22.2_intra@bpp=0.15.png,,0,A,1207
codecrookie@bpp=0.3.png,HIT_AIIA@bpp=0.15.png,,0,A,1207
Arabica@bpp=0.15.png,HIT_AIIA@bpp=0.3.png,,0,B,1207
HIT_AIIA@bpp=0.075.png,CoolChic@bpp=0.075.png,,0,A,1207
NJUeers@bpp=0.075.png,hm17.0_intra@bpp=0.15.png,,0,B,1207
codecrookie@bpp=0.075.png,hm17.0_intra@bpp=0.3.png,,0,B,1207
CoolChic@bpp=0.15.png,CoolChic@bpp=0.075.png,,0,A,1207
ED@bpp=0.15.png,Arabica@bpp=0.3.png,,0,B,1207
HIT_AIIA@bpp=0.075.png,reference.png,,0,B,1207
vtm22.2_intra@bpp=0.3.png,NJUeers@bpp=0.075.png,,0,A,1207
Arabica@bpp=0.15.png,hm17.0_intra@bpp=0.075.png,,0,A,1207
reference.png,vtm22.2_intra@bpp=0.3.png,,0,A,1207
Arabica@bpp=0.15.png,codecrookie@bpp=0.15.png,,0,A,1207
HIT_AIIA@bpp=0.075.png,ED@bpp=0.15.png,,0,A,1207
codecrookie@bpp=0.075.png,hm17.0_intra@bpp=0.3.png,,0,B,1207
NJUeers@bpp=0.3.png,HIT_AIIA@bpp=0.3.png,,0,B,1207
TLIC@bpp=0.15.png,codecrookie@bpp=0.15.png,,0,A,1207
HIT_AIIA@bpp=0.075.png,codecrookie@bpp=0.075.png,,0,A,1207
TLIC@bpp=0.075.png,Arabica@bpp=0.15.png,,0,B,1207
CoolChic@bpp=0.075.png,vtm22.2_intra@bpp=0.15.png,,0,B,1207
vtm22.2_intra@bpp=0.3.png,vtm22.2_intra@bpp=0.075.png,true,1,A,1917
reference.png,vtm22.2_intra@bpp=0.075.png,true,1,B,1917
ED@bpp=0.15.png,HIT_AIIA@bpp=0.15.png,,0,B,1917
Arabica@bpp=0.3.png,ED@bpp=0.075.png,,0,A,1917
HIT_AIIA@bpp=0.075.png,vtm22.2_intra@bpp=0.3.png,,0,B,1917
hm17.0_intra@bpp=0.15.png,CoolChic@bpp=0.075.png,,0,A,1917
hm17.0_intra@bpp=0.15.png,NJUeers@bpp=0.3.png,,0,B,1917
codecrookie@bpp=0.075.png,HIT_AIIA@bpp=0.3.png,,0,B,1917
CoolChic@bpp=0.075.png,NJUeers@bpp=0.3.png,,0,B,1917
hm17.0_intra@bpp=0.15.png,HIT_AIIA@bpp=0.15.png,,0,B,1917
TLIC@bpp=0.075.png,codecrookie@bpp=0.15.png,,0,B,1917
HIT_AIIA@bpp=0.3.png,hm17.0_intra@bpp=0.3.png,,0,A,1917
reference.png,NJUeers@bpp=0.15.png,,0,A,1917
NJUeers@bpp=0.15.png,TLIC@bpp=0.3.png,,0,B,1917
Arabica@bpp=0.3.png,hm17.0_intra@bpp=0.3.png,,0,A,1917
ED@bpp=0.3.png,TLIC@bpp=0.075.png,,0,A,1917
vtm22.2_intra@bpp=0.3.png,HIT_AIIA@bpp=0.075.png,,0,A,1917
Arabica@bpp=0.075.png,codecrookie@bpp=0.075.png,,0,A,1917
CoolChic@bpp=0.075.png,Arabica@bpp=0.15.png,,0,B,1917
codecrookie@bpp=0.3.png,codecrookie@bpp=0.15.png,,0,A,1917
NJUeers@bpp=0.3.png,HIT_AIIA@bpp=0.075.png,,0,B,1917
hm17.0_intra@bpp=0.3.png,NJUeers@bpp=0.3.png,,0,A,1917
vtm22.2_intra@bpp=0.075.png,reference.png,,0,B,1917
vtm22.2_intra@bpp=0.075.png,vtm22.2_intra@bpp=0.15.png,,0,B,1917
ED@bpp=0.075.png,HIT_AIIA@bpp=0.15.png,,0,B,1917
HIT_AIIA@bpp=0.15.png,HIT_AIIA@bpp=0.3.png,,0,B,1917
ED@bpp=0.15.png,CoolChic@bpp=0.15.png,,0,A,1917
vtm22.2_intra@bpp=0.15.png,codecrookie@bpp=0.15.png,,0,B,1917
TLIC@bpp=0.3.png,CoolChic@bpp=0.3.png,,0,A,1917
HIT_AIIA@bpp=0.3.png,ED@bpp=0.15.png,,0,A,1917
HIT_AIIA@bpp=0.3.png,hm17.0_intra@bpp=0.15.png,,0,A,1917
HIT_AIIA@bpp=0.3.png,vtm22.2_intra@bpp=0.075.png,,0,B,1917
Arabica@bpp=0.15.png,CoolChic@bpp=0.3.png,,0,A,1917
reference.png,vtm22.2_intra@bpp=0.15.png,,0,A,1917
reference.png,vtm22.2_intra@bpp=0.3.png,true,1,A,2103
vtm22.2_intra@bpp=0.3.png,vtm22.2_intra@bpp=0.075.png,true,1,A,2103
vtm22.2_intra@bpp=0.075.png,CoolChic@bpp=0.15.png,,0,B,2103
hm17.0_intra@bpp=0.15.png,TLIC@bpp=0.15.png,,0,B,2103
hm17.0_intra@bpp=0.15.png,hm17.0_intra@bpp=0.075.png,,0,A,2103
TLIC@bpp=0.075.png,hm17.0_intra@bpp=0.075.png,,0,A,2103
HIT_AIIA@bpp=0.15.png,reference.png,,0,B,2103
TLIC@bpp=0.3.png,TLIC@bpp=0.075.png,,0,A,2103
codecrookie@bpp=0.075.png,vtm22.2_intra@bpp=0.3.png,,0,B,2103
vtm22.2_intra@bpp=0.075.png,NJUeers@bpp=0.15.png,,0,B,2103
codecrookie@bpp=0.15.png,ED@bpp=0.15.png,,0,A,2103
Arabica@bpp=0.3.png,hm17.0_intra@bpp=0.3.png,,0,A,2103
Arabica@bpp=0.075.png,HIT_AIIA@bpp=0.075.png,,0,A,2103
codecrookie@bpp=0.3.png,vtm22.2_intra@bpp=0.075.png,,0,A,2103
vtm22.2_intra@bpp=0.075.png,NJUeers@bpp=0.3.png,,0,B,2103
CoolChic@bpp=0.075.png,codecrookie@bpp=0.075.png,,0,A,2103
TLIC@bpp=0.3.png,Arabica@bpp=0.3.png,,0,B,2103
HIT_AIIA@bpp=0.075.png,TLIC@bpp=0.3.png,,0,B,2103
TLIC@bpp=0.075.png,codecrookie@bpp=0.15.png,,0,B,2103
CoolChic@bpp=0.15.png,TLIC@bpp=0.075.png,,0,B,2103
NJUeers@bpp=0.3.png,CoolChic@bpp=0.075.png,,0,A,2103
ED@bpp=0.15.png,vtm22.2_intra@bpp=0.075.png,,0,A,2103
hm17.0_intra@bpp=0.075.png,hm17.0_intra@bpp=0.15.png,,0,B,2103
HIT_AIIA@bpp=0.075.png,codecrookie@bpp=0.15.png,,0,B,2103
NJUeers@bpp=0.3.png,Arabica@bpp=0.3.png,,0,B,2103
HIT_AIIA@bpp=0.15.png,TLIC@bpp=0.15.png,,0,B,2103
Arabica@bpp=0.3.png,vtm22.2_intra@bpp=0.15.png,,0,A,2103
ED@bpp=0.3.png,CoolChic@bpp=0.15.png,,0,A,2103
TLIC@bpp=0.15.png,vtm22.2_intra@bpp=0.15.png,,0,A,2103
CoolChic@bpp=0.3.png,Arabica@bpp=0.3.png,,0,B,2103
ED@bpp=0.15.png,TLIC@bpp=0.075.png,,0,A,2103
reference.png,HIT_AIIA@bpp=0.075.png,,0,A,2103
Arabica@bpp=0.3.png,TLIC@bpp=0.15.png,,0,A,2103
ED@bpp=0.075.png,HIT_AIIA@bpp=0.3.png,,0,B,2103
reference.png,vtm22.2_intra@bpp=0.075.png,true,1,A,1813
vtm22.2_intra@bpp=0.075.png,vtm22.2_intra@bpp=0.3.png,true,1,B,1813
TLIC@bpp=0.3.png,hm17.0_intra@bpp=0.075.png,,0,A,1813
NJUeers@bpp=0.15.png,hm17.0_intra@bpp=0.15.png,,0,A,1813
TLIC@bpp=0.3.png,hm17.0_intra@bpp=0.075.png,,0,A,1813
ED@bpp=0.3.png,NJUeers@bpp=0.15.png,,0,A,1813
CoolChic@bpp=0.15.png,HIT_AIIA@bpp=0.3.png,,0,B,1813
ED@bpp=0.15.png,codecrookie@bpp=0.075.png,,0,A,1813
codecrookie@bpp=0.3.png,ED@bpp=0.15.png,,0,B,1813
CoolChic@bpp=0.15.png,ED@bpp=0.15.png,,0,B,1813
hm17.0_intra@bpp=0.3.png,ED@bpp=0.075.png,,0,A,1813
TLIC@bpp=0.075.png,codecrookie@bpp=0.3.png,,0,B,1813
HIT_AIIA@bpp=0.15.png,HIT_AIIA@bpp=0.3.png,,0,B,1813
CoolChic@bpp=0.075.png,HIT_AIIA@bpp=0.075.png,,0,B,1813
vtm22.2_intra@bpp=0.15.png,ED@bpp=0.3.png,,0,B,1813
CoolChic@bpp=0.075.png,Arabica@bpp=0.075.png,,0,B,1813
HIT_AIIA@bpp=0.15.png,ED@bpp=0.3.png,,0,B,1813
NJUeers@bpp=0.075.png,vtm22.2_intra@bpp=0.15.png,,0,B,1813
HIT_AIIA@bpp=0.3.png,TLIC@bpp=0.15.png,,0,B,1813
ED@bpp=0.075.png,TLIC@bpp=0.075.png,,0,B,1813
ED@bpp=0.075.png,vtm22.2_intra@bpp=0.075.png,,0,B,1813
CoolChic@bpp=0.3.png,ED@bpp=0.075.png,,0,A,1813
NJUeers@bpp=0.15.png,HIT_AIIA@bpp=0.15.png,,0,B,1813
HIT_AIIA@bpp=0.15.png,ED@bpp=0.075.png,,0,A,1813
Arabica@bpp=0.15.png,TLIC@bpp=0.075.png,,0,A,1813
Arabica@bpp=0.15.png,NJUeers@bpp=0.075.png,,0,A,1813
Arabica@bpp=0.075.png,TLIC@bpp=0.3.png,,0,B,1813
NJUeers@bpp=0.15.png,codecrookie@bpp=0.15.png,,0,B,1813
CoolChic@bpp=0.3.png,Arabica@bpp=0.15.png,,0,A,1813
vtm22.2_intra@bpp=0.15.png,Arabica@bpp=0.15.png,,0,B,1813
ED@bpp=0.3.png,hm17.0_intra@bpp=0.075.png,,0,A,1813
codecrookie@bpp=0.15.png,HIT_AIIA@bpp=0.075.png,,0,A,1813
vtm22.2_intra@bpp=0.3.png,TLIC@bpp=0.3.png,,0,B,1813
NJUeers@bpp=0.075.png,vtm22.2_intra@bpp=0.3.png,,0,B,1813
