methodA,methodB,isGolden,originalName,answerValue,answerer,wasDiscarded,modelProbability,answeredAt,crop
gan_med,gan_ratio_high,,100a02c269c5948392f283b2aa3bb4da.png,A,2024-05-04 11:30:54.977176,,0,Mon 2024 05 04 11:30:54 977176 GMT+0000 (UTC),"669,202"
gan_ratio_fixed_low,gan_med,,5e5ce43575fa67fdc0dd37146d7f479e.png,B,2024-05-04 11:30:54.977176,,0,Mon 2024 05 04 11:30:54 977176 GMT+0000 (UTC),"653,543"
gan_low,gan_high,,2a2420f929cd47122eae364a2bc27710.png,B,2024-05-04 11:30:54.977176,,0,Mon 2024 05 04 11:30:54 977176 GMT+0000 (UTC),"778,214"
gan_ratio_med,gan_ratio_high,,0c49a5cce349020bbba2f97ae41e90ba.png,B,2024-05-04 11:30:54.977176,,0,Mon 2024 05 04 11:30:54 977176 GMT+0000 (UTC),"561,255"
gan_low,gan_ratio_low,,2c1f84548ef99faec2b4f9bf12227c83.png,A,2024-05-04 11:30:54.977176,,0,Mon 2024 05 04 11:30:54 977176 GMT+0000 (UTC),"324,576"
mse_low,gan_high,,a10ae819a2d24873079c93346200cab3.png,B,2024-05-04 11:30:54.977176,,0,Mon 2024 05 04 11:30:54 977176 GMT+0000 (UTC),"569,688"
gan_ratio_low,gan_high,,100f17892cf7bb12beb12479641fcc4c.png,B,2024-05-04 11:30:54.977176,,0,Mon 2024 05 04 11:30:54 977176 GMT+0000 (UTC),"57,467"
gan_ratio_fixed_low,gan_high,,ef576c4ed599d75d72145a8f34b58ccb.png,B,2024-05-04 11:30:54.977176,,0,Mon 2024 05 04 11:30:54 977176 GMT+0000 (UTC),"521,111"
gan_ratio_fixed_low,gan_ratio_high,,8bb119b8ca17492392e1e3ea4b811b32.png,B,2024-05-04 11:30:54.977176,,0,Mon 2024 05 04 11:30:54 977176 GMT+0000 (UTC),"400,366"
mse_low,gan_high,,d79d465ac77c36518e0f0d626bf97ec4.png,B,2024-05-04 11:30:54.977176,,0,Mon 2024 05 04 11:30:54 977176 GMT+0000 (UTC),"480,409"
gan_med,gan_high,,a10ae819a2d24873079c93346200cab3.png,B,2024-05-04 11:30:54.977176,,0,Mon 2024 05 04 11:30:54 977176 GMT+0000 (UTC),"513,503"
gan_med,gan_high,,60430844748882ff66b9a5598ef06dd6.png,B,2024-05-04 11:30:54.977176,,0,Mon 2024 05 04 11:30:54 977176 GMT+0000 (UTC),"476,89"
mse_low,gan_ratio_low,,ef576c4ed599d75d72145a8f34b58ccb.png,B,2024-05-04 11:30:54.977176,,0,Mon 2024 05 04 11:30:54 977176 GMT+0000 (UTC),"1156,332"
gan_low,gan_ratio_low,,ef576c4ed599d75d72145a8f34b58ccb.png,B,2024-05-04 11:30:54.977176,,0,Mon 2024 05 04 11:30:54 977176 GMT+0000 (UTC),"608,71"
gan_low,gan_ratio_low,,4cd6910a0b7b39365fda5df87618d091.png,B,2024-05-04 11:30:54.977176,,0,Mon 2024 05 04 11:30:54 977176 GMT+0000 (UTC),"334,0"
mse_low,gan_ratio_fixed_low,,ef576c4ed599d75d72145a8f34b58ccb.png,B,2024-05-04 11:30:54.977176,,0,Mon 2024 05 04 11:30:54 977176 GMT+0000 (UTC),"1141,329"
mse_low,gan_low,,ef576c4ed599d75d72145a8f34b58ccb.png,B,2024-05-04 11:30:54.977176,,0,Mon 2024 05 04 11:30:54 977176 GMT+0000 (UTC),"1152,234"
gan_ratio_fixed_low,gan_ratio_high,,2a2420f929cd47122eae364a2bc27710.png,B,2024-05-04 11:30:54.977176,,0,Mon 2024 05 04 11:30:54 977176 GMT+0000 (UTC),"220,42"
mse_low,gan_ratio_fixed_low,,28d24b9c83de066597ff96a68769884f.png,B,2024-05-04 11:30:54.977176,,0,Mon 2024 05 04 11:30:54 977176 GMT+0000 (UTC),"895,78"
gan_ratio_fixed_low,gan_ratio_med,,2a2420f929cd47122eae364a2bc27710.png,B,2024-05-04 11:30:54.977176,,0,Mon 2024 05 04 11:30:54 977176 GMT+0000 (UTC),"899,29"
gan_ratio_fixed_low,gan_ratio_med,,b939ac34faa94b5d0e753d570edc7048.png,B,2024-05-04 11:30:54.977176,,0,Mon 2024 05 04 11:30:54 977176 GMT+0000 (UTC),"230,149"
gan_ratio_fixed_low,gan_med,,aed95e005df28e790519eefb6eb1e565.png,B,2024-05-04 11:30:54.977176,,0,Mon 2024 05 04 11:30:54 977176 GMT+0000 (UTC),"598,385"
gan_high,gan_ratio_high,,11f2b039b293758398b1a7a8afa64bb2.png,B,2024-05-04 11:30:54.977176,,0,Mon 2024 05 04 11:30:54 977176 GMT+0000 (UTC),"524,461"
gan_ratio_low,gan_med,,4a18abf66d65ad1a95ce455c8b6cd8de.png,B,2024-05-04 11:30:54.977176,,0,Mon 2024 05 04 11:30:54 977176 GMT+0000 (UTC),"585,670"
gan_low,gan_ratio_high,,11f2b039b293758398b1a7a8afa64bb2.png,B,2024-05-04 11:30:54.977176,,0,Mon 2024 05 04 11:30:54 977176 GMT+0000 (UTC),"247,318"
gan_ratio_low,gan_ratio_med,,11f2b039b293758398b1a7a8afa64bb2.png,B,2024-05-04 11:30:54.977176,,0,Mon 2024 05 04 11:30:54 977176 GMT+0000 (UTC),"300,297"
mse_low,gan_ratio_high,,d79d465ac77c36518e0f0d626bf97ec4.png,B,2024-05-04 11:30:54.977176,,0,Mon 2024 05 04 11:30:54 977176 GMT+0000 (UTC),"501,457"
gan_ratio_med,gan_ratio_high,,14ab4af28901fbeb1356b06d2d08ae06.png,B,2024-05-04 11:30:54.977176,,0,Mon 2024 05 04 11:30:54 977176 GMT+0000 (UTC),"186,237"
gan_ratio_low,gan_ratio_med,,ddcd24d99f48eaa369207882a6f37831.png,B,2024-05-04 11:30:54.977176,,0,Mon 2024 05 04 11:30:54 977176 GMT+0000 (UTC),"912,270"
gan_ratio_low,gan_ratio_med,,3140d643a1f57e80ff265507984d95a0.png,B,2024-05-04 11:30:54.977176,,0,Mon 2024 05 04 11:30:54 977176 GMT+0000 (UTC),"746,362"
gan_low,gan_ratio_high,,4a18abf66d65ad1a95ce455c8b6cd8de.png,B,2024-05-04 11:30:54.977176,,0,Mon 2024 05 04 11:30:54 977176 GMT+0000 (UTC),"54,694"
mse_low,gan_ratio_fixed_low,,d1a9be98d1936065967adac50a6fb750.png,A,2024-05-04 11:30:54.977176,,0,Mon 2024 05 04 11:30:54 977176 GMT+0000 (UTC),"382,23"
gan_ratio_low,gan_ratio_med,,d1a9be98d1936065967adac50a6fb750.png,B,2024-05-04 11:30:54.977176,,0,Mon 2024 05 04 11:30:54 977176 GMT+0000 (UTC),"233,24"
gan_low,gan_ratio_med,,100f17892cf7bb12beb12479641fcc4c.png,B,2024-05-04 11:30:54.977176,,0,Mon 2024 05 04 11:30:54 977176 GMT+0000 (UTC),"369,271"
mse_low,gan_med,,1e2f9d41529197f10d32bfa68a1e0bcc.png,B,2024-05-04 11:30:54.977176,,0,Mon 2024 05 04 11:30:54 977176 GMT+0000 (UTC),"704,414"
gan_ratio_fixed_low,gan_ratio_med,,4cd6910a0b7b39365fda5df87618d091.png,B,2024-05-04 11:30:54.977176,,0,Mon 2024 05 04 11:30:54 977176 GMT+0000 (UTC),"105,0"
mse_low,gan_high,,ef576c4ed599d75d72145a8f34b58ccb.png,B,2024-05-04 11:30:54.977176,,0,Mon 2024 05 04 11:30:54 977176 GMT+0000 (UTC),"1062,268"
gan_med,gan_ratio_med,,2a2420f929cd47122eae364a2bc27710.png,B,2024-05-04 11:30:54.977176,,0,Mon 2024 05 04 11:30:54 977176 GMT+0000 (UTC),"42,125"
mse_low,gan_ratio_med,,60430844748882ff66b9a5598ef06dd6.png,B,2024-05-04 11:30:54.977176,,0,Mon 2024 05 04 11:30:54 977176 GMT+0000 (UTC),"442,78"
gan_ratio_fixed_low,gan_ratio_high,,c80999cd5533e448167cd9b3ccfa2a37.png,B,2024-05-04 11:30:54.977176,,0,Mon 2024 05 04 11:30:54 977176 GMT+0000 (UTC),"72,88"
gan_med,gan_ratio_high,,b939ac34faa94b5d0e753d570edc7048.png,B,2024-05-04 11:30:54.977176,,0,Mon 2024 05 04 11:30:54 977176 GMT+0000 (UTC),"144,18"
gan_ratio_low,gan_med,,8bb119b8ca17492392e1e3ea4b811b32.png,B,2024-05-04 11:30:54.977176,,0,Mon 2024 05 04 11:30:54 977176 GMT+0000 (UTC),"201,275"
mse_low,gan_med,,4cd6910a0b7b39365fda5df87618d091.png,B,2024-05-04 11:30:54.977176,,0,Mon 2024 05 04 11:30:54 977176 GMT+0000 (UTC),"71,0"
gan_ratio_low,gan_high,,2c1f84548ef99faec2b4f9bf12227c83.png,B,2024-05-04 11:30:54.977176,,0,Mon 2024 05 04 11:30:54 977176 GMT+0000 (UTC),"257,601"
mse_low,gan_ratio_med,,4cd6910a0b7b39365fda5df87618d091.png,B,2024-05-04 11:30:54.977176,,0,Mon 2024 05 04 11:30:54 977176 GMT+0000 (UTC),"542,0"
gan_low,gan_high,,b51d5fb537246482ef7a7ab63f093cab.png,B,2024-05-04 11:30:54.977176,,0,Mon 2024 05 04 11:30:54 977176 GMT+0000 (UTC),"457,9"
gan_low,gan_ratio_med,,2c1f84548ef99faec2b4f9bf12227c83.png,B,2024-05-04 11:30:54.977176,,0,Mon 2024 05 04 11:30:54 977176 GMT+0000 (UTC),"369,557"
gan_med,gan_ratio_med,,afe3676bbfcf7183d697ff7b5d5bd45b.png,B,2024-05-04 11:30:54.977176,,0,Mon 2024 05 04 11:30:54 977176 GMT+0000 (UTC),"979,453"
mse_low,gan_high,,7e499613c3e376ea93afb3649719abeb.png,B,2024-05-04 11:30:54.977176,,0,Mon 2024 05 04 11:30:54 977176 GMT+0000 (UTC),"393,479"
gan_med,gan_ratio_med,,8bb119b8ca17492392e1e3ea4b811b32.png,A,2024-05-04 11:30:54.977176,,0,Mon 2024 05 04 11:30:54 977176 GMT+0000 (UTC),"345,349"
gan_ratio_low,gan_high,,d1a9be98d1936065967adac50a6fb750.png,B,2024-05-04 12:11:58.756441,,0,Mon 2024 05 04 12:11:58 756441 GMT+0000 (UTC),"1140,502"
gan_med,gan_high,,0c49a5cce349020bbba2f97ae41e90ba.png,B,2024-05-04 12:11:58.756441,,0,Mon 2024 05 04 12:11:58 756441 GMT+0000 (UTC),"195,494"
mse_low,gan_ratio_high,,28d24b9c83de066597ff96a68769884f.png,B,2024-05-04 12:11:58.756441,,0,Mon 2024 05 04 12:11:58 756441 GMT+0000 (UTC),"181,564"
gan_ratio_fixed_low,gan_low,,100f17892cf7bb12beb12479641fcc4c.png,A,2024-05-04 12:11:58.756441,,0,Mon 2024 05 04 12:11:58 756441 GMT+0000 (UTC),"515,1183"
mse_low,gan_ratio_med,,28d24b9c83de066597ff96a68769884f.png,B,2024-05-04 12:11:58.756441,,0,Mon 2024 05 04 12:11:58 756441 GMT+0000 (UTC),"787,95"
gan_ratio_fixed_low,gan_low,,0c49a5cce349020bbba2f97ae41e90ba.png,B,2024-05-04 12:11:58.756441,,0,Mon 2024 05 04 12:11:58 756441 GMT+0000 (UTC),"1155,490"
gan_ratio_fixed_low,gan_high,,b51d5fb537246482ef7a7ab63f093cab.png,B,2024-05-04 12:11:58.756441,,0,Mon 2024 05 04 12:11:58 756441 GMT+0000 (UTC),"1045,181"
gan_med,gan_ratio_med,,4cd6910a0b7b39365fda5df87618d091.png,B,2024-05-04 12:11:58.756441,,0,Mon 2024 05 04 12:11:58 756441 GMT+0000 (UTC),"763,107"
gan_ratio_med,gan_ratio_high,,4cd6910a0b7b39365fda5df87618d091.png,A,2024-05-04 12:11:58.756441,,0,Mon 2024 05 04 12:11:58 756441 GMT+0000 (UTC),"1259,139"
mse_low,gan_low,,a36713f1943dac6bc74dea50cadaee6f.png,B,2024-05-04 12:11:58.756441,,0,Mon 2024 05 04 12:11:58 756441 GMT+0000 (UTC),"62,797"
gan_ratio_low,gan_ratio_med,,100a02c269c5948392f283b2aa3bb4da.png,B,2024-05-04 12:11:58.756441,,0,Mon 2024 05 04 12:11:58 756441 GMT+0000 (UTC),"1252,38"
gan_ratio_med,gan_ratio_high,,14ab4af28901fbeb1356b06d2d08ae06.png,A,2024-05-04 12:11:58.756441,,0,Mon 2024 05 04 12:11:58 756441 GMT+0000 (UTC),"251,387"
gan_med,gan_high,,2a2420f929cd47122eae364a2bc27710.png,A,2024-05-04 12:11:58.756441,,0,Mon 2024 05 04 12:11:58 756441 GMT+0000 (UTC),"1211,222"
gan_low,gan_med,,ef576c4ed599d75d72145a8f34b58ccb.png,B,2024-05-04 12:11:58.756441,,0,Mon 2024 05 04 12:11:58 756441 GMT+0000 (UTC),"795,98"
gan_low,gan_ratio_med,,22ea12c903e41583b7c469cb86040157.png,B,2024-05-04 12:11:58.756441,,0,Mon 2024 05 04 12:11:58 756441 GMT+0000 (UTC),"273,510"
gan_ratio_fixed_low,gan_low,,8bb119b8ca17492392e1e3ea4b811b32.png,A,2024-05-04 12:11:58.756441,,0,Mon 2024 05 04 12:11:58 756441 GMT+0000 (UTC),"338,476"
mse_low,gan_low,,d79d465ac77c36518e0f0d626bf97ec4.png,B,2024-05-04 12:11:58.756441,,0,Mon 2024 05 04 12:11:58 756441 GMT+0000 (UTC),"772,349"
gan_ratio_fixed_low,gan_ratio_high,,b51d5fb537246482ef7a7ab63f093cab.png,B,2024-05-04 12:11:58.756441,,0,Mon 2024 05 04 12:11:58 756441 GMT+0000 (UTC),"1250,160"
gan_low,gan_ratio_med,,60430844748882ff66b9a5598ef06dd6.png,B,2024-05-04 12:11:58.756441,,0,Mon 2024 05 04 12:11:58 756441 GMT+0000 (UTC),"233,1191"
gan_high,gan_ratio_high,,aed95e005df28e790519eefb6eb1e565.png,A,2024-05-04 12:11:58.756441,,0,Mon 2024 05 04 12:11:58 756441 GMT+0000 (UTC),"249,555"
gan_ratio_fixed_low,gan_ratio_med,,9466a908d088d32ee73f04116c40e48c.png,B,2024-05-04 12:11:58.756441,,0,Mon 2024 05 04 12:11:58 756441 GMT+0000 (UTC),"488,357"
gan_ratio_fixed_low,gan_low,,870516c65d81fb9267de6865964083a9.png,B,2024-05-04 12:11:58.756441,,0,Mon 2024 05 04 12:11:58 756441 GMT+0000 (UTC),"202,90"
gan_med,gan_ratio_high,,100a02c269c5948392f283b2aa3bb4da.png,B,2024-05-04 12:11:58.756441,,0,Mon 2024 05 04 12:11:58 756441 GMT+0000 (UTC),"779,50"
gan_ratio_low,gan_ratio_high,,7e499613c3e376ea93afb3649719abeb.png,B,2024-05-04 12:11:58.756441,,0,Mon 2024 05 04 12:11:58 756441 GMT+0000 (UTC),"58,815"
gan_ratio_fixed_low,gan_low,,2a2420f929cd47122eae364a2bc27710.png,B,2024-05-04 12:11:58.756441,,0,Mon 2024 05 04 12:11:58 756441 GMT+0000 (UTC),"514,232"
gan_med,gan_high,,b51d5fb537246482ef7a7ab63f093cab.png,B,2024-05-04 12:11:58.756441,,0,Mon 2024 05 04 12:11:58 756441 GMT+0000 (UTC),"114,112"
mse_low,gan_ratio_med,,5dbdb989cf026f7ab3dd7167d7fc0fe2.png,B,2024-05-04 12:11:58.756441,,0,Mon 2024 05 04 12:11:58 756441 GMT+0000 (UTC),"503,520"
gan_ratio_low,gan_high,,60430844748882ff66b9a5598ef06dd6.png,B,2024-05-04 12:11:58.756441,,0,Mon 2024 05 04 12:11:58 756441 GMT+0000 (UTC),"11,73"
gan_med,gan_high,,28d24b9c83de066597ff96a68769884f.png,B,2024-05-04 12:11:58.756441,,0,Mon 2024 05 04 12:11:58 756441 GMT+0000 (UTC),"87,500"
mse_low,gan_low,,4cd6910a0b7b39365fda5df87618d091.png,A,2024-05-04 12:11:58.756441,,0,Mon 2024 05 04 12:11:58 756441 GMT+0000 (UTC),"391,30"
gan_low,gan_ratio_low,,11f2b039b293758398b1a7a8afa64bb2.png,A,2024-05-04 12:11:58.756441,,0,Mon 2024 05 04 12:11:58 756441 GMT+0000 (UTC),"106,1060"
gan_ratio_med,gan_ratio_high,,8bb119b8ca17492392e1e3ea4b811b32.png,B,2024-05-04 12:11:58.756441,,0,Mon 2024 05 04 12:11:58 756441 GMT+0000 (UTC),"502,406"
gan_ratio_fixed_low,gan_ratio_low,,870516c65d81fb9267de6865964083a9.png,A,2024-05-04 12:11:58.756441,,0,Mon 2024 05 04 12:11:58 756441 GMT+0000 (UTC),"1198,556"
mse_low,gan_ratio_low,,4a18abf66d65ad1a95ce455c8b6cd8de.png,A,2024-05-04 12:11:58.756441,,0,Mon 2024 05 04 12:11:58 756441 GMT+0000 (UTC),"620,999"
gan_ratio_med,gan_high,,8bb119b8ca17492392e1e3ea4b811b32.png,B,2024-05-04 12:11:58.756441,,0,Mon 2024 05 04 12:11:58 756441 GMT+0000 (UTC),"207,372"
gan_low,gan_high,,b939ac34faa94b5d0e753d570edc7048.png,B,2024-05-04 12:11:58.756441,,0,Mon 2024 05 04 12:11:58 756441 GMT+0000 (UTC),"278,40"
gan_med,gan_high,,11f2b039b293758398b1a7a8afa64bb2.png,B,2024-05-04 12:11:58.756441,,0,Mon 2024 05 04 12:11:58 756441 GMT+0000 (UTC),"12,452"
mse_low,gan_med,,9466a908d088d32ee73f04116c40e48c.png,B,2024-05-04 12:11:58.756441,,0,Mon 2024 05 04 12:11:58 756441 GMT+0000 (UTC),"269,61"
gan_ratio_med,gan_ratio_high,,4a18abf66d65ad1a95ce455c8b6cd8de.png,A,2024-05-04 12:11:58.756441,,0,Mon 2024 05 04 12:11:58 756441 GMT+0000 (UTC),"539,255"
mse_low,gan_high,,a10ae819a2d24873079c93346200cab3.png,B,2024-05-04 12:11:58.756441,,0,Mon 2024 05 04 12:11:58 756441 GMT+0000 (UTC),"497,799"
gan_ratio_fixed_low,gan_ratio_med,,2a2420f929cd47122eae364a2bc27710.png,B,2024-05-04 12:11:58.756441,,0,Mon 2024 05 04 12:11:58 756441 GMT+0000 (UTC),"339,3"
gan_high,gan_ratio_high,,1e2f9d41529197f10d32bfa68a1e0bcc.png,A,2024-05-04 12:11:58.756441,,0,Mon 2024 05 04 12:11:58 756441 GMT+0000 (UTC),"665,79"
gan_med,gan_ratio_med,,870516c65d81fb9267de6865964083a9.png,B,2024-05-04 12:11:58.756441,,0,Mon 2024 05 04 12:11:58 756441 GMT+0000 (UTC),"983,73"
gan_low,gan_med,,7e499613c3e376ea93afb3649719abeb.png,B,2024-05-04 12:11:58.756441,,0,Mon 2024 05 04 12:11:58 756441 GMT+0000 (UTC),"277,565"
mse_low,gan_low,,22ea12c903e41583b7c469cb86040157.png,B,2024-05-04 12:11:58.756441,,0,Mon 2024 05 04 12:11:58 756441 GMT+0000 (UTC),"133,1090"
mse_low,gan_ratio_med,,4cd6910a0b7b39365fda5df87618d091.png,B,2024-05-04 12:11:58.756441,,0,Mon 2024 05 04 12:11:58 756441 GMT+0000 (UTC),"993,89"
gan_med,gan_ratio_high,,14ab4af28901fbeb1356b06d2d08ae06.png,B,2024-05-04 12:11:58.756441,,0,Mon 2024 05 04 12:11:58 756441 GMT+0000 (UTC),"421,953"
mse_low,gan_ratio_med,,c80999cd5533e448167cd9b3ccfa2a37.png,B,2024-05-04 12:11:58.756441,,0,Mon 2024 05 04 12:11:58 756441 GMT+0000 (UTC),"299,8"
mse_low,gan_ratio_med,,60430844748882ff66b9a5598ef06dd6.png,B,2024-05-04 12:11:58.756441,,0,Mon 2024 05 04 12:11:58 756441 GMT+0000 (UTC),"229,1189"
gan_ratio_med,gan_high,,d79d465ac77c36518e0f0d626bf97ec4.png,A,2024-05-04 12:11:58.756441,,0,Mon 2024 05 04 12:11:58 756441 GMT+0000 (UTC),"198,573"
gan_ratio_fixed_low,gan_high,,7e499613c3e376ea93afb3649719abeb.png,B,2024-05-04 14:49:02.955174,,0,Mon 2024 05 04 14:49:02 955174 GMT+0000 (UTC),"256,626"
mse_low,gan_ratio_low,,3140d643a1f57e80ff265507984d95a0.png,B,2024-05-04 14:49:02.955174,,0,Mon 2024 05 04 14:49:02 955174 GMT+0000 (UTC),"594,344"
gan_ratio_fixed_low,gan_high,,9466a908d088d32ee73f04116c40e48c.png,B,2024-05-04 14:49:02.955174,,0,Mon 2024 05 04 14:49:02 955174 GMT+0000 (UTC),"354,672"
gan_ratio_med,gan_ratio_high,,2a2420f929cd47122eae364a2bc27710.png,B,2024-05-04 14:51:29.364520,,0,Mon 2024 05 04 14:51:29 364520 GMT+0000 (UTC),"605,115"
mse_low,gan_med,,ddcd24d99f48eaa369207882a6f37831.png,B,2024-05-04 14:51:29.364520,,0,Mon 2024 05 04 14:51:29 364520 GMT+0000 (UTC),"664,153"
gan_ratio_fixed_low,gan_ratio_high,,0c49a5cce349020bbba2f97ae41e90ba.png,B,2024-05-04 14:51:29.364520,,0,Mon 2024 05 04 14:51:29 364520 GMT+0000 (UTC),"481,407"
gan_low,gan_med,,c80999cd5533e448167cd9b3ccfa2a37.png,B,2024-05-04 14:51:29.364520,,0,Mon 2024 05 04 14:51:29 364520 GMT+0000 (UTC),"986,0"
gan_med,gan_ratio_high,,d1a9be98d1936065967adac50a6fb750.png,A,2024-05-04 14:51:29.364520,,0,Mon 2024 05 04 14:51:29 364520 GMT+0000 (UTC),"379,182"
gan_high,gan_ratio_high,,100a02c269c5948392f283b2aa3bb4da.png,B,2024-05-04 14:51:29.364520,,0,Mon 2024 05 04 14:51:29 364520 GMT+0000 (UTC),"714,129"
mse_low,gan_ratio_low,,8bb119b8ca17492392e1e3ea4b811b32.png,B,2024-05-04 14:51:29.364520,,0,Mon 2024 05 04 14:51:29 364520 GMT+0000 (UTC),"284,612"
mse_low,gan_high,,11f2b039b293758398b1a7a8afa64bb2.png,B,2024-05-04 14:51:29.364520,,0,Mon 2024 05 04 14:51:29 364520 GMT+0000 (UTC),"434,345"
gan_ratio_med,gan_ratio_high,,8bb119b8ca17492392e1e3ea4b811b32.png,B,2024-05-04 14:51:29.364520,,0,Mon 2024 05 04 14:51:29 364520 GMT+0000 (UTC),"234,580"
gan_ratio_low,gan_ratio_med,,afe3676bbfcf7183d697ff7b5d5bd45b.png,B,2024-05-04 14:51:29.364520,,0,Mon 2024 05 04 14:51:29 364520 GMT+0000 (UTC),"623,214"
gan_ratio_low,gan_high,,14ab4af28901fbeb1356b06d2d08ae06.png,B,2024-05-04 14:51:29.364520,,0,Mon 2024 05 04 14:51:29 364520 GMT+0000 (UTC),"296,280"
gan_ratio_fixed_low,gan_ratio_med,,097cb426910ba8ce2525dd8bb7fb1777.png,B,2024-05-04 14:51:29.364520,,0,Mon 2024 05 04 14:51:29 364520 GMT+0000 (UTC),"269,109"
mse_low,gan_high,,100a02c269c5948392f283b2aa3bb4da.png,B,2024-05-04 14:51:29.364520,,0,Mon 2024 05 04 14:51:29 364520 GMT+0000 (UTC),"992,216"
gan_ratio_med,gan_high,,870516c65d81fb9267de6865964083a9.png,B,2024-05-04 14:51:29.364520,,0,Mon 2024 05 04 14:51:29 364520 GMT+0000 (UTC),"1240,423"
mse_low,gan_low,,5e5ce43575fa67fdc0dd37146d7f479e.png,B,2024-05-04 14:51:29.364520,,0,Mon 2024 05 04 14:51:29 364520 GMT+0000 (UTC),"381,808"
mse_low,gan_ratio_high,,9466a908d088d32ee73f04116c40e48c.png,B,2024-05-04 14:51:29.364520,,0,Mon 2024 05 04 14:51:29 364520 GMT+0000 (UTC),"319,567"
gan_med,gan_ratio_high,,11f2b039b293758398b1a7a8afa64bb2.png,B,2024-05-04 14:51:29.364520,,0,Mon 2024 05 04 14:51:29 364520 GMT+0000 (UTC),"391,341"
mse_low,gan_med,,100a02c269c5948392f283b2aa3bb4da.png,B,2024-05-04 14:51:29.364520,,0,Mon 2024 05 04 14:51:29 364520 GMT+0000 (UTC),"277,206"
gan_high,gan_ratio_high,,870516c65d81fb9267de6865964083a9.png,B,2024-05-04 14:51:29.364520,,0,Mon 2024 05 04 14:51:29 364520 GMT+0000 (UTC),"1044,406"
gan_low,gan_ratio_med,,11f2b039b293758398b1a7a8afa64bb2.png,B,2024-05-04 14:51:29.364520,,0,Mon 2024 05 04 14:51:29 364520 GMT+0000 (UTC),"370,366"
gan_ratio_med,gan_ratio_high,,c80999cd5533e448167cd9b3ccfa2a37.png,B,2024-05-04 14:51:29.364520,,0,Mon 2024 05 04 14:51:29 364520 GMT+0000 (UTC),"634,32"
gan_ratio_med,gan_ratio_high,,3140d643a1f57e80ff265507984d95a0.png,A,2024-05-04 14:51:29.364520,,0,Mon 2024 05 04 14:51:29 364520 GMT+0000 (UTC),"422,94"
gan_ratio_fixed_low,gan_ratio_med,,2c1f84548ef99faec2b4f9bf12227c83.png,B,2024-05-04 14:51:29.364520,,0,Mon 2024 05 04 14:51:29 364520 GMT+0000 (UTC),"352,589"
gan_ratio_fixed_low,gan_med,,9466a908d088d32ee73f04116c40e48c.png,B,2024-05-04 14:51:29.364520,,0,Mon 2024 05 04 14:51:29 364520 GMT+0000 (UTC),"259,161"
gan_ratio_fixed_low,gan_ratio_high,,ef576c4ed599d75d72145a8f34b58ccb.png,B,2024-05-04 14:51:29.364520,,0,Mon 2024 05 04 14:51:29 364520 GMT+0000 (UTC),"1255,367"
gan_low,gan_med,,14ab4af28901fbeb1356b06d2d08ae06.png,B,2024-05-04 14:51:29.364520,,0,Mon 2024 05 04 14:51:29 364520 GMT+0000 (UTC),"196,411"
gan_ratio_low,gan_med,,60430844748882ff66b9a5598ef06dd6.png,B,2024-05-04 14:51:29.364520,,0,Mon 2024 05 04 14:51:29 364520 GMT+0000 (UTC),"232,165"
gan_med,gan_ratio_med,,22ea12c903e41583b7c469cb86040157.png,A,2024-05-04 14:51:29.364520,,0,Mon 2024 05 04 14:51:29 364520 GMT+0000 (UTC),"108,500"
gan_ratio_low,gan_ratio_high,,22ea12c903e41583b7c469cb86040157.png,A,2024-05-04 14:51:29.364520,,0,Mon 2024 05 04 14:51:29 364520 GMT+0000 (UTC),"377,569"
gan_med,gan_high,,7e499613c3e376ea93afb3649719abeb.png,A,2024-05-04 14:51:29.364520,,0,Mon 2024 05 04 14:51:29 364520 GMT+0000 (UTC),"440,703"
gan_ratio_fixed_low,gan_low,,ddcd24d99f48eaa369207882a6f37831.png,B,2024-05-04 14:51:29.364520,,0,Mon 2024 05 04 14:51:29 364520 GMT+0000 (UTC),"621,156"
gan_med,gan_ratio_high,,1e2f9d41529197f10d32bfa68a1e0bcc.png,B,2024-05-04 14:51:29.364520,,0,Mon 2024 05 04 14:51:29 364520 GMT+0000 (UTC),"1219,339"
gan_low,gan_ratio_high,,100a02c269c5948392f283b2aa3bb4da.png,B,2024-05-04 14:51:29.364520,,0,Mon 2024 05 04 14:51:29 364520 GMT+0000 (UTC),"515,213"
gan_low,gan_med,,5dbdb989cf026f7ab3dd7167d7fc0fe2.png,B,2024-05-04 14:51:29.364520,,0,Mon 2024 05 04 14:51:29 364520 GMT+0000 (UTC),"94,0"
mse_low,gan_ratio_high,,0c49a5cce349020bbba2f97ae41e90ba.png,B,2024-05-04 14:51:29.364520,,0,Mon 2024 05 04 14:51:29 364520 GMT+0000 (UTC),"454,283"
gan_ratio_med,gan_ratio_high,,a36713f1943dac6bc74dea50cadaee6f.png,B,2024-05-04 14:51:29.364520,,0,Mon 2024 05 04 14:51:29 364520 GMT+0000 (UTC),"478,1054"
gan_ratio_fixed_low,gan_med,,3140d643a1f57e80ff265507984d95a0.png,B,2024-05-04 14:51:29.364520,,0,Mon 2024 05 04 14:51:29 364520 GMT+0000 (UTC),"1062,0"
gan_ratio_fixed_low,gan_ratio_med,,ef576c4ed599d75d72145a8f34b58ccb.png,B,2024-05-04 14:51:29.364520,,0,Mon 2024 05 04 14:51:29 364520 GMT+0000 (UTC),"1010,339"
gan_ratio_fixed_low,gan_ratio_high,,22ea12c903e41583b7c469cb86040157.png,B,2024-05-04 14:51:29.364520,,0,Mon 2024 05 04 14:51:29 364520 GMT+0000 (UTC),"282,535"
mse_low,gan_low,,ef576c4ed599d75d72145a8f34b58ccb.png,B,2024-05-04 14:51:29.364520,,0,Mon 2024 05 04 14:51:29 364520 GMT+0000 (UTC),"1034,260"
gan_ratio_low,gan_high,,9466a908d088d32ee73f04116c40e48c.png,B,2024-05-04 14:51:29.364520,,0,Mon 2024 05 04 14:51:29 364520 GMT+0000 (UTC),"461,382"
gan_ratio_low,gan_ratio_high,,11f2b039b293758398b1a7a8afa64bb2.png,B,2024-05-04 14:51:29.364520,,0,Mon 2024 05 04 14:51:29 364520 GMT+0000 (UTC),"459,333"
gan_low,gan_med,,3140d643a1f57e80ff265507984d95a0.png,B,2024-05-04 14:51:29.364520,,0,Mon 2024 05 04 14:51:29 364520 GMT+0000 (UTC),"1087,340"
gan_low,gan_high,,0c49a5cce349020bbba2f97ae41e90ba.png,B,2024-05-04 14:51:29.364520,,0,Mon 2024 05 04 14:51:29 364520 GMT+0000 (UTC),"461,217"
mse_low,gan_ratio_med,,100a02c269c5948392f283b2aa3bb4da.png,B,2024-05-04 14:51:29.364520,,0,Mon 2024 05 04 14:51:29 364520 GMT+0000 (UTC),"520,160"
mse_low,gan_med,,a36713f1943dac6bc74dea50cadaee6f.png,B,2024-05-04 14:51:29.364520,,0,Mon 2024 05 04 14:51:29 364520 GMT+0000 (UTC),"161,537"
mse_low,gan_low,,9466a908d088d32ee73f04116c40e48c.png,B,2024-05-04 14:51:29.364520,,0,Mon 2024 05 04 14:51:29 364520 GMT+0000 (UTC),"355,395"
gan_med,gan_ratio_med,,4a18abf66d65ad1a95ce455c8b6cd8de.png,B,2024-05-04 14:51:29.364520,,0,Mon 2024 05 04 14:51:29 364520 GMT+0000 (UTC),"0,647"
gan_low,gan_high,,b51d5fb537246482ef7a7ab63f093cab.png,B,2024-05-04 14:51:29.364520,,0,Mon 2024 05 04 14:51:29 364520 GMT+0000 (UTC),"587,171"
gan_ratio_low,gan_med,,d1a9be98d1936065967adac50a6fb750.png,B,2024-05-04 14:51:29.364520,,0,Mon 2024 05 04 14:51:29 364520 GMT+0000 (UTC),"431,132"
gan_ratio_low,gan_ratio_med,,14ab4af28901fbeb1356b06d2d08ae06.png,B,2024-05-04 15:45:59.279417,,0,Mon 2024 05 04 15:45:59 279417 GMT+0000 (UTC),"0,0"
gan_ratio_fixed_low,gan_high,,c80999cd5533e448167cd9b3ccfa2a37.png,B,2024-05-04 15:45:59.279417,,0,Mon 2024 05 04 15:45:59 279417 GMT+0000 (UTC),"113,35"
gan_med,gan_high,,4cd6910a0b7b39365fda5df87618d091.png,B,2024-05-04 15:45:59.279417,,0,Mon 2024 05 04 15:45:59 279417 GMT+0000 (UTC),"967,164"
gan_ratio_fixed_low,gan_low,,b939ac34faa94b5d0e753d570edc7048.png,A,2024-05-04 15:45:59.279417,,0,Mon 2024 05 04 15:45:59 279417 GMT+0000 (UTC),"1008,147"
gan_med,gan_ratio_high,,aed95e005df28e790519eefb6eb1e565.png,B,2024-05-04 15:45:59.279417,,0,Mon 2024 05 04 15:45:59 279417 GMT+0000 (UTC),"670,410"
gan_ratio_low,gan_med,,5dbdb989cf026f7ab3dd7167d7fc0fe2.png,B,2024-05-04 15:45:59.279417,,0,Mon 2024 05 04 15:45:59 279417 GMT+0000 (UTC),"204,1037"
gan_med,gan_ratio_high,,100f17892cf7bb12beb12479641fcc4c.png,B,2024-05-04 15:45:59.279417,,0,Mon 2024 05 04 15:45:59 279417 GMT+0000 (UTC),"218,912"
gan_ratio_fixed_low,gan_ratio_med,,5e5ce43575fa67fdc0dd37146d7f479e.png,B,2024-05-04 15:45:59.279417,,0,Mon 2024 05 04 15:45:59 279417 GMT+0000 (UTC),"597,337"
mse_low,gan_high,,a36713f1943dac6bc74dea50cadaee6f.png,B,2024-05-04 15:45:59.279417,,0,Mon 2024 05 04 15:45:59 279417 GMT+0000 (UTC),"34,213"
gan_ratio_fixed_low,gan_high,,0c49a5cce349020bbba2f97ae41e90ba.png,B,2024-05-04 15:45:59.279417,,0,Mon 2024 05 04 15:45:59 279417 GMT+0000 (UTC),"256,407"
gan_ratio_low,gan_med,,14ab4af28901fbeb1356b06d2d08ae06.png,B,2024-05-04 15:45:59.279417,,0,Mon 2024 05 04 15:45:59 279417 GMT+0000 (UTC),"539,184"
gan_ratio_low,gan_ratio_high,,afe3676bbfcf7183d697ff7b5d5bd45b.png,B,2024-05-04 15:45:59.279417,,0,Mon 2024 05 04 15:45:59 279417 GMT+0000 (UTC),"28,340"
gan_high,gan_ratio_high,,4a18abf66d65ad1a95ce455c8b6cd8de.png,B,2024-05-04 15:45:59.279417,,0,Mon 2024 05 04 15:45:59 279417 GMT+0000 (UTC),"84,130"
gan_low,gan_ratio_high,,c80999cd5533e448167cd9b3ccfa2a37.png,B,2024-05-04 15:45:59.279417,,0,Mon 2024 05 04 15:45:59 279417 GMT+0000 (UTC),"534,7"
gan_low,gan_med,,8bb119b8ca17492392e1e3ea4b811b32.png,B,2024-05-04 15:45:59.279417,,0,Mon 2024 05 04 15:45:59 279417 GMT+0000 (UTC),"516,747"
gan_ratio_fixed_low,gan_high,,11f2b039b293758398b1a7a8afa64bb2.png,B,2024-05-04 15:45:59.279417,,0,Mon 2024 05 04 15:45:59 279417 GMT+0000 (UTC),"583,1057"
gan_ratio_med,gan_ratio_high,,2c1f84548ef99faec2b4f9bf12227c83.png,B,2024-05-04 15:45:59.279417,,0,Mon 2024 05 04 15:45:59 279417 GMT+0000 (UTC),"229,447"
gan_med,gan_ratio_med,,1e2f9d41529197f10d32bfa68a1e0bcc.png,B,2024-05-04 15:45:59.279417,,0,Mon 2024 05 04 15:45:59 279417 GMT+0000 (UTC),"519,269"
gan_ratio_fixed_low,gan_ratio_low,,14ab4af28901fbeb1356b06d2d08ae06.png,B,2024-05-04 15:45:59.279417,,0,Mon 2024 05 04 15:45:59 279417 GMT+0000 (UTC),"397,148"
mse_low,gan_ratio_fixed_low,,a36713f1943dac6bc74dea50cadaee6f.png,B,2024-05-04 15:45:59.279417,,0,Mon 2024 05 04 15:45:59 279417 GMT+0000 (UTC),"269,253"
mse_low,gan_low,,b939ac34faa94b5d0e753d570edc7048.png,B,2024-05-04 15:45:59.279417,,0,Mon 2024 05 04 15:45:59 279417 GMT+0000 (UTC),"928,98"
gan_ratio_fixed_low,gan_ratio_med,,c80999cd5533e448167cd9b3ccfa2a37.png,B,2024-05-04 15:45:59.279417,,0,Mon 2024 05 04 15:45:59 279417 GMT+0000 (UTC),"820,37"
gan_ratio_low,gan_ratio_high,,9466a908d088d32ee73f04116c40e48c.png,B,2024-05-04 15:45:59.279417,,0,Mon 2024 05 04 15:45:59 279417 GMT+0000 (UTC),"85,847"
gan_low,gan_med,,ef576c4ed599d75d72145a8f34b58ccb.png,B,2024-05-04 15:45:59.279417,,0,Mon 2024 05 04 15:45:59 279417 GMT+0000 (UTC),"943,250"
gan_ratio_fixed_low,gan_ratio_high,,2c1f84548ef99faec2b4f9bf12227c83.png,B,2024-05-04 15:45:59.279417,,0,Mon 2024 05 04 15:45:59 279417 GMT+0000 (UTC),"27,608"
mse_low,gan_ratio_med,,4cd6910a0b7b39365fda5df87618d091.png,B,2024-05-04 15:45:59.279417,,0,Mon 2024 05 04 15:45:59 279417 GMT+0000 (UTC),"902,144"
gan_ratio_fixed_low,gan_ratio_low,,5dbdb989cf026f7ab3dd7167d7fc0fe2.png,A,2024-05-04 15:45:59.279417,,0,Mon 2024 05 04 15:45:59 279417 GMT+0000 (UTC),"226,60"
gan_ratio_fixed_low,gan_med,,14ab4af28901fbeb1356b06d2d08ae06.png,B,2024-05-04 15:45:59.279417,,0,Mon 2024 05 04 15:45:59 279417 GMT+0000 (UTC),"64,584"
mse_low,gan_med,,7e499613c3e376ea93afb3649719abeb.png,B,2024-05-04 15:45:59.279417,,0,Mon 2024 05 04 15:45:59 279417 GMT+0000 (UTC),"665,809"
gan_med,gan_high,,100f17892cf7bb12beb12479641fcc4c.png,B,2024-05-04 15:45:59.279417,,0,Mon 2024 05 04 15:45:59 279417 GMT+0000 (UTC),"363,142"
gan_med,gan_ratio_med,,aed95e005df28e790519eefb6eb1e565.png,B,2024-05-04 15:45:59.279417,,0,Mon 2024 05 04 15:45:59 279417 GMT+0000 (UTC),"610,472"
gan_low,gan_ratio_med,,22ea12c903e41583b7c469cb86040157.png,B,2024-05-04 15:45:59.279417,,0,Mon 2024 05 04 15:45:59 279417 GMT+0000 (UTC),"101,954"
mse_low,gan_ratio_fixed_low,,60430844748882ff66b9a5598ef06dd6.png,B,2024-05-04 15:45:59.279417,,0,Mon 2024 05 04 15:45:59 279417 GMT+0000 (UTC),"191,566"
mse_low,gan_low,,28d24b9c83de066597ff96a68769884f.png,B,2024-05-04 15:45:59.279417,,0,Mon 2024 05 04 15:45:59 279417 GMT+0000 (UTC),"923,169"
gan_med,gan_ratio_high,,60430844748882ff66b9a5598ef06dd6.png,B,2024-05-04 15:45:59.279417,,0,Mon 2024 05 04 15:45:59 279417 GMT+0000 (UTC),"325,552"
gan_med,gan_ratio_high,,870516c65d81fb9267de6865964083a9.png,B,2024-05-04 15:45:59.279417,,0,Mon 2024 05 04 15:45:59 279417 GMT+0000 (UTC),"530,199"
gan_ratio_low,gan_ratio_high,,4cd6910a0b7b39365fda5df87618d091.png,B,2024-05-04 15:45:59.279417,,0,Mon 2024 05 04 15:45:59 279417 GMT+0000 (UTC),"898,93"
gan_ratio_fixed_low,gan_high,,8bb119b8ca17492392e1e3ea4b811b32.png,B,2024-05-04 15:45:59.279417,,0,Mon 2024 05 04 15:45:59 279417 GMT+0000 (UTC),"128,364"
gan_ratio_low,gan_med,,5e5ce43575fa67fdc0dd37146d7f479e.png,B,2024-05-04 15:45:59.279417,,0,Mon 2024 05 04 15:45:59 279417 GMT+0000 (UTC),"47,582"
gan_ratio_low,gan_ratio_med,,2c1f84548ef99faec2b4f9bf12227c83.png,A,2024-05-04 15:45:59.279417,,0,Mon 2024 05 04 15:45:59 279417 GMT+0000 (UTC),"302,595"
mse_low,gan_med,,1e2f9d41529197f10d32bfa68a1e0bcc.png,B,2024-05-04 15:45:59.279417,,0,Mon 2024 05 04 15:45:59 279417 GMT+0000 (UTC),"333,501"
gan_ratio_fixed_low,gan_high,,a10ae819a2d24873079c93346200cab3.png,B,2024-05-04 15:45:59.279417,,0,Mon 2024 05 04 15:45:59 279417 GMT+0000 (UTC),"164,362"
gan_ratio_fixed_low,gan_ratio_high,,4a18abf66d65ad1a95ce455c8b6cd8de.png,B,2024-05-04 15:45:59.279417,,0,Mon 2024 05 04 15:45:59 279417 GMT+0000 (UTC),"568,806"
gan_ratio_fixed_low,gan_high,,870516c65d81fb9267de6865964083a9.png,B,2024-05-04 15:45:59.279417,,0,Mon 2024 05 04 15:45:59 279417 GMT+0000 (UTC),"382,374"
gan_ratio_med,gan_ratio_high,,100a02c269c5948392f283b2aa3bb4da.png,B,2024-05-04 15:45:59.279417,,0,Mon 2024 05 04 15:45:59 279417 GMT+0000 (UTC),"115,117"
gan_ratio_low,gan_high,,9466a908d088d32ee73f04116c40e48c.png,B,2024-05-04 15:45:59.279417,,0,Mon 2024 05 04 15:45:59 279417 GMT+0000 (UTC),"364,375"
gan_med,gan_ratio_med,,2c1f84548ef99faec2b4f9bf12227c83.png,A,2024-05-04 15:45:59.279417,,0,Mon 2024 05 04 15:45:59 279417 GMT+0000 (UTC),"322,483"
gan_ratio_fixed_low,gan_ratio_low,,b51d5fb537246482ef7a7ab63f093cab.png,B,2024-05-04 15:45:59.279417,,0,Mon 2024 05 04 15:45:59 279417 GMT+0000 (UTC),"537,128"
gan_low,gan_med,,c80999cd5533e448167cd9b3ccfa2a37.png,B,2024-05-04 15:45:59.279417,,0,Mon 2024 05 04 15:45:59 279417 GMT+0000 (UTC),"376,0"
gan_high,gan_ratio_high,,afe3676bbfcf7183d697ff7b5d5bd45b.png,B,2024-05-04 15:45:59.279417,,0,Mon 2024 05 04 15:45:59 279417 GMT+0000 (UTC),"652,389"
mse_low,gan_ratio_fixed_low,,8bb119b8ca17492392e1e3ea4b811b32.png,B,2024-05-04 17:04:16.671469,,0,Mon 2024 05 04 17:04:16 671469 GMT+0000 (UTC),"550,625"
gan_ratio_low,gan_high,,3140d643a1f57e80ff265507984d95a0.png,B,2024-05-04 17:04:16.671469,,0,Mon 2024 05 04 17:04:16 671469 GMT+0000 (UTC),"765,384"
gan_ratio_fixed_low,gan_ratio_high,,afe3676bbfcf7183d697ff7b5d5bd45b.png,B,2024-05-04 17:04:16.671469,,0,Mon 2024 05 04 17:04:16 671469 GMT+0000 (UTC),"1134,215"
gan_ratio_low,gan_ratio_med,,4cd6910a0b7b39365fda5df87618d091.png,B,2024-05-04 17:04:16.671469,,0,Mon 2024 05 04 17:04:16 671469 GMT+0000 (UTC),"813,130"
gan_ratio_low,gan_ratio_med,,60430844748882ff66b9a5598ef06dd6.png,B,2024-05-04 17:04:16.671469,,0,Mon 2024 05 04 17:04:16 671469 GMT+0000 (UTC),"20,377"
gan_med,gan_ratio_med,,9466a908d088d32ee73f04116c40e48c.png,A,2024-05-04 17:04:16.671469,,0,Mon 2024 05 04 17:04:16 671469 GMT+0000 (UTC),"284,490"
mse_low,gan_ratio_med,,0c49a5cce349020bbba2f97ae41e90ba.png,B,2024-05-04 17:04:16.671469,,0,Mon 2024 05 04 17:04:16 671469 GMT+0000 (UTC),"1029,408"
gan_ratio_fixed_low,gan_med,,afe3676bbfcf7183d697ff7b5d5bd45b.png,B,2024-05-04 17:04:16.671469,,0,Mon 2024 05 04 17:04:16 671469 GMT+0000 (UTC),"522,342"
gan_low,gan_ratio_low,,5dbdb989cf026f7ab3dd7167d7fc0fe2.png,A,2024-05-04 17:04:16.671469,,0,Mon 2024 05 04 17:04:16 671469 GMT+0000 (UTC),"268,725"
gan_ratio_med,gan_ratio_high,,7e499613c3e376ea93afb3649719abeb.png,B,2024-05-04 17:04:16.671469,,0,Mon 2024 05 04 17:04:16 671469 GMT+0000 (UTC),"279,958"
mse_low,gan_ratio_high,,c80999cd5533e448167cd9b3ccfa2a37.png,B,2024-05-04 17:04:16.671469,,0,Mon 2024 05 04 17:04:16 671469 GMT+0000 (UTC),"168,22"
gan_ratio_fixed_low,gan_high,,5e5ce43575fa67fdc0dd37146d7f479e.png,B,2024-05-04 17:04:16.671469,,0,Mon 2024 05 04 17:04:16 671469 GMT+0000 (UTC),"125,153"
gan_low,gan_ratio_med,,c80999cd5533e448167cd9b3ccfa2a37.png,B,2024-05-04 17:04:16.671469,,0,Mon 2024 05 04 17:04:16 671469 GMT+0000 (UTC),"883,81"
mse_low,gan_ratio_low,,097cb426910ba8ce2525dd8bb7fb1777.png,B,2024-05-04 17:04:16.671469,,0,Mon 2024 05 04 17:04:16 671469 GMT+0000 (UTC),"170,119"
gan_ratio_low,gan_high,,8bb119b8ca17492392e1e3ea4b811b32.png,B,2024-05-04 17:04:16.671469,,0,Mon 2024 05 04 17:04:16 671469 GMT+0000 (UTC),"60,658"
gan_ratio_med,gan_ratio_high,,28d24b9c83de066597ff96a68769884f.png,A,2024-05-04 17:04:16.671469,,0,Mon 2024 05 04 17:04:16 671469 GMT+0000 (UTC),"1093,167"
gan_ratio_fixed_low,gan_low,,b939ac34faa94b5d0e753d570edc7048.png,B,2024-05-04 17:04:16.671469,,0,Mon 2024 05 04 17:04:16 671469 GMT+0000 (UTC),"938,51"
gan_ratio_low,gan_high,,100f17892cf7bb12beb12479641fcc4c.png,B,2024-05-04 17:04:16.671469,,0,Mon 2024 05 04 17:04:16 671469 GMT+0000 (UTC),"484,151"
gan_ratio_low,gan_ratio_med,,097cb426910ba8ce2525dd8bb7fb1777.png,B,2024-05-04 17:04:16.671469,,0,Mon 2024 05 04 17:04:16 671469 GMT+0000 (UTC),"523,653"
mse_low,gan_ratio_med,,5e5ce43575fa67fdc0dd37146d7f479e.png,B,2024-05-04 17:04:16.671469,,0,Mon 2024 05 04 17:04:16 671469 GMT+0000 (UTC),"108,485"
gan_ratio_fixed_low,gan_ratio_high,,097cb426910ba8ce2525dd8bb7fb1777.png,B,2024-05-04 17:04:16.671469,,0,Mon 2024 05 04 17:04:16 671469 GMT+0000 (UTC),"4,371"
mse_low,gan_ratio_high,,2a2420f929cd47122eae364a2bc27710.png,B,2024-05-04 17:04:16.671469,,0,Mon 2024 05 04 17:04:16 671469 GMT+0000 (UTC),"409,437"
gan_ratio_fixed_low,gan_high,,11f2b039b293758398b1a7a8afa64bb2.png,B,2024-05-04 17:04:16.671469,,0,Mon 2024 05 04 17:04:16 671469 GMT+0000 (UTC),"71,461"
mse_low,gan_ratio_fixed_low,,4a18abf66d65ad1a95ce455c8b6cd8de.png,B,2024-05-04 17:04:16.671469,,0,Mon 2024 05 04 17:04:16 671469 GMT+0000 (UTC),"324,7"
gan_med,gan_high,,5e5ce43575fa67fdc0dd37146d7f479e.png,B,2024-05-04 17:04:16.671469,,0,Mon 2024 05 04 17:04:16 671469 GMT+0000 (UTC),"460,865"
gan_med,gan_high,,2c1f84548ef99faec2b4f9bf12227c83.png,B,2024-05-04 17:04:16.671469,,0,Mon 2024 05 04 17:04:16 671469 GMT+0000 (UTC),"23,233"
gan_low,gan_ratio_high,,d1a9be98d1936065967adac50a6fb750.png,B,2024-05-04 17:04:16.671469,,0,Mon 2024 05 04 17:04:16 671469 GMT+0000 (UTC),"796,44"
gan_ratio_low,gan_med,,5e5ce43575fa67fdc0dd37146d7f479e.png,B,2024-05-04 17:04:16.671469,,0,Mon 2024 05 04 17:04:16 671469 GMT+0000 (UTC),"371,105"
mse_low,gan_ratio_fixed_low,,ef576c4ed599d75d72145a8f34b58ccb.png,B,2024-05-04 17:04:16.671469,,0,Mon 2024 05 04 17:04:16 671469 GMT+0000 (UTC),"945,146"
gan_ratio_fixed_low,gan_med,,c80999cd5533e448167cd9b3ccfa2a37.png,B,2024-05-04 17:04:16.671469,,0,Mon 2024 05 04 17:04:16 671469 GMT+0000 (UTC),"549,89"
gan_low,gan_ratio_high,,a36713f1943dac6bc74dea50cadaee6f.png,B,2024-05-04 17:04:16.671469,,0,Mon 2024 05 04 17:04:16 671469 GMT+0000 (UTC),"241,1256"
gan_ratio_fixed_low,gan_high,,4a18abf66d65ad1a95ce455c8b6cd8de.png,B,2024-05-04 17:04:16.671469,,0,Mon 2024 05 04 17:04:16 671469 GMT+0000 (UTC),"514,487"
gan_ratio_low,gan_high,,ef576c4ed599d75d72145a8f34b58ccb.png,B,2024-05-04 17:04:16.671469,,0,Mon 2024 05 04 17:04:16 671469 GMT+0000 (UTC),"1189,324"
mse_low,gan_med,,7e499613c3e376ea93afb3649719abeb.png,B,2024-05-04 17:04:16.671469,,0,Mon 2024 05 04 17:04:16 671469 GMT+0000 (UTC),"535,968"
mse_low,gan_ratio_low,,a36713f1943dac6bc74dea50cadaee6f.png,A,2024-05-04 17:04:16.671469,,0,Mon 2024 05 04 17:04:16 671469 GMT+0000 (UTC),"127,1122"
gan_high,gan_ratio_high,,4a18abf66d65ad1a95ce455c8b6cd8de.png,A,2024-05-04 17:04:16.671469,,0,Mon 2024 05 04 17:04:16 671469 GMT+0000 (UTC),"693,534"
gan_ratio_fixed_low,gan_high,,b51d5fb537246482ef7a7ab63f093cab.png,A,2024-05-04 17:04:16.671469,,0,Mon 2024 05 04 17:04:16 671469 GMT+0000 (UTC),"342,97"
mse_low,gan_high,,b939ac34faa94b5d0e753d570edc7048.png,B,2024-05-04 17:04:16.671469,,0,Mon 2024 05 04 17:04:16 671469 GMT+0000 (UTC),"239,91"
gan_ratio_fixed_low,gan_ratio_low,,60430844748882ff66b9a5598ef06dd6.png,B,2024-05-04 17:04:16.671469,,0,Mon 2024 05 04 17:04:16 671469 GMT+0000 (UTC),"388,1239"
gan_ratio_fixed_low,gan_ratio_med,,3140d643a1f57e80ff265507984d95a0.png,B,2024-05-04 17:04:16.671469,,0,Mon 2024 05 04 17:04:16 671469 GMT+0000 (UTC),"1023,45"
gan_ratio_low,gan_ratio_med,,afe3676bbfcf7183d697ff7b5d5bd45b.png,B,2024-05-04 17:04:16.671469,,0,Mon 2024 05 04 17:04:16 671469 GMT+0000 (UTC),"359,597"
gan_low,gan_ratio_low,,2c1f84548ef99faec2b4f9bf12227c83.png,A,2024-05-04 17:04:16.671469,,0,Mon 2024 05 04 17:04:16 671469 GMT+0000 (UTC),"148,564"
mse_low,gan_low,,a10ae819a2d24873079c93346200cab3.png,A,2024-05-04 17:04:16.671469,,0,Mon 2024 05 04 17:04:16 671469 GMT+0000 (UTC),"520,212"
mse_low,gan_ratio_low,,22ea12c903e41583b7c469cb86040157.png,A,2024-05-04 17:04:16.671469,,0,Mon 2024 05 04 17:04:16 671469 GMT+0000 (UTC),"408,371"
gan_low,gan_high,,870516c65d81fb9267de6865964083a9.png,B,2024-05-04 17:04:16.671469,,0,Mon 2024 05 04 17:04:16 671469 GMT+0000 (UTC),"97,30"
gan_low,gan_high,,11f2b039b293758398b1a7a8afa64bb2.png,B,2024-05-04 17:04:16.671469,,0,Mon 2024 05 04 17:04:16 671469 GMT+0000 (UTC),"522,301"
gan_low,gan_high,,2c1f84548ef99faec2b4f9bf12227c83.png,B,2024-05-04 17:04:16.671469,,0,Mon 2024 05 04 17:04:16 671469 GMT+0000 (UTC),"218,624"
gan_med,gan_ratio_high,,ef576c4ed599d75d72145a8f34b58ccb.png,B,2024-05-04 17:04:16.671469,,0,Mon 2024 05 04 17:04:16 671469 GMT+0000 (UTC),"204,361"
gan_ratio_low,gan_ratio_high,,9466a908d088d32ee73f04116c40e48c.png,B,2024-05-04 17:04:16.671469,,0,Mon 2024 05 04 17:04:16 671469 GMT+0000 (UTC),"248,439"
mse_low,gan_ratio_fixed_low,,7e499613c3e376ea93afb3649719abeb.png,B,2024-05-04 17:04:16.671469,,0,Mon 2024 05 04 17:04:16 671469 GMT+0000 (UTC),"331,467"
gan_ratio_med,gan_ratio_high,,100a02c269c5948392f283b2aa3bb4da.png,A,2024-05-04 19:08:14.617794,,0,Mon 2024 05 04 19:08:14 617794 GMT+0000 (UTC),"128,320"
gan_med,gan_ratio_med,,5dbdb989cf026f7ab3dd7167d7fc0fe2.png,B,2024-05-04 19:08:14.617794,,0,Mon 2024 05 04 19:08:14 617794 GMT+0000 (UTC),"177,1131"
mse_low,gan_med,,4a18abf66d65ad1a95ce455c8b6cd8de.png,B,2024-05-04 19:08:14.617794,,0,Mon 2024 05 04 19:08:14 617794 GMT+0000 (UTC),"248,786"
mse_low,gan_ratio_fixed_low,,a10ae819a2d24873079c93346200cab3.png,B,2024-05-04 19:08:14.617794,,0,Mon 2024 05 04 19:08:14 617794 GMT+0000 (UTC),"476,1092"
gan_low,gan_high,,2a2420f929cd47122eae364a2bc27710.png,B,2024-05-04 19:08:14.617794,,0,Mon 2024 05 04 19:08:14 617794 GMT+0000 (UTC),"1104,150"
gan_low,gan_ratio_low,,ddcd24d99f48eaa369207882a6f37831.png,B,2024-05-04 19:08:14.617794,,0,Mon 2024 05 04 19:08:14 617794 GMT+0000 (UTC),"954,252"
gan_low,gan_ratio_med,,a10ae819a2d24873079c93346200cab3.png,B,2024-05-04 19:08:14.617794,,0,Mon 2024 05 04 19:08:14 617794 GMT+0000 (UTC),"56,981"
gan_low,gan_ratio_med,,097cb426910ba8ce2525dd8bb7fb1777.png,B,2024-05-04 19:08:14.617794,,0,Mon 2024 05 04 19:08:14 617794 GMT+0000 (UTC),"46,608"
gan_ratio_fixed_low,gan_med,,ef576c4ed599d75d72145a8f34b58ccb.png,B,2024-05-04 19:08:14.617794,,0,Mon 2024 05 04 19:08:14 617794 GMT+0000 (UTC),"468,318"
mse_low,gan_ratio_low,,b51d5fb537246482ef7a7ab63f093cab.png,B,2024-05-04 19:08:14.617794,,0,Mon 2024 05 04 19:08:14 617794 GMT+0000 (UTC),"116,75"
gan_low,gan_ratio_high,,a10ae819a2d24873079c93346200cab3.png,B,2024-05-04 19:08:14.617794,,0,Mon 2024 05 04 19:08:14 617794 GMT+0000 (UTC),"28,759"
mse_low,gan_ratio_med,,afe3676bbfcf7183d697ff7b5d5bd45b.png,B,2024-05-04 19:08:14.617794,,0,Mon 2024 05 04 19:08:14 617794 GMT+0000 (UTC),"1041,54"
gan_low,gan_ratio_low,,c80999cd5533e448167cd9b3ccfa2a37.png,A,2024-05-04 19:08:14.617794,,0,Mon 2024 05 04 19:08:14 617794 GMT+0000 (UTC),"897,12"
gan_low,gan_ratio_med,,28d24b9c83de066597ff96a68769884f.png,B,2024-05-04 19:08:14.617794,,0,Mon 2024 05 04 19:08:14 617794 GMT+0000 (UTC),"177,484"
mse_low,gan_med,,7e499613c3e376ea93afb3649719abeb.png,B,2024-05-04 19:08:14.617794,,0,Mon 2024 05 04 19:08:14 617794 GMT+0000 (UTC),"339,539"
gan_ratio_med,gan_ratio_high,,4cd6910a0b7b39365fda5df87618d091.png,B,2024-05-04 19:08:14.617794,,0,Mon 2024 05 04 19:08:14 617794 GMT+0000 (UTC),"502,64"
gan_ratio_low,gan_ratio_high,,7e499613c3e376ea93afb3649719abeb.png,B,2024-05-04 19:08:14.617794,,0,Mon 2024 05 04 19:08:14 617794 GMT+0000 (UTC),"711,933"
gan_ratio_low,gan_high,,5e5ce43575fa67fdc0dd37146d7f479e.png,B,2024-05-04 19:08:14.617794,,0,Mon 2024 05 04 19:08:14 617794 GMT+0000 (UTC),"503,589"
gan_ratio_fixed_low,gan_ratio_low,,a36713f1943dac6bc74dea50cadaee6f.png,A,2024-05-04 19:08:14.617794,,0,Mon 2024 05 04 19:08:14 617794 GMT+0000 (UTC),"17,945"
gan_low,gan_ratio_low,,60430844748882ff66b9a5598ef06dd6.png,B,2024-05-04 19:08:14.617794,,0,Mon 2024 05 04 19:08:14 617794 GMT+0000 (UTC),"530,680"
gan_ratio_fixed_low,gan_low,,b939ac34faa94b5d0e753d570edc7048.png,B,2024-05-04 19:08:14.617794,,0,Mon 2024 05 04 19:08:14 617794 GMT+0000 (UTC),"914,186"
gan_ratio_low,gan_high,,9466a908d088d32ee73f04116c40e48c.png,B,2024-05-04 19:08:14.617794,,0,Mon 2024 05 04 19:08:14 617794 GMT+0000 (UTC),"332,581"
gan_med,gan_ratio_med,,8bb119b8ca17492392e1e3ea4b811b32.png,A,2024-05-04 19:08:14.617794,,0,Mon 2024 05 04 19:08:14 617794 GMT+0000 (UTC),"309,880"
gan_low,gan_high,,9466a908d088d32ee73f04116c40e48c.png,B,2024-05-04 19:08:14.617794,,0,Mon 2024 05 04 19:08:14 617794 GMT+0000 (UTC),"109,699"
gan_ratio_low,gan_med,,d79d465ac77c36518e0f0d626bf97ec4.png,B,2024-05-04 19:08:14.617794,,0,Mon 2024 05 04 19:08:14 617794 GMT+0000 (UTC),"292,968"
gan_low,gan_ratio_low,,100f17892cf7bb12beb12479641fcc4c.png,A,2024-05-04 19:08:14.617794,,0,Mon 2024 05 04 19:08:14 617794 GMT+0000 (UTC),"544,596"
gan_low,gan_med,,7e499613c3e376ea93afb3649719abeb.png,B,2024-05-04 19:08:14.617794,,0,Mon 2024 05 04 19:08:14 617794 GMT+0000 (UTC),"380,913"
gan_ratio_low,gan_ratio_med,,d79d465ac77c36518e0f0d626bf97ec4.png,B,2024-05-04 19:08:14.617794,,0,Mon 2024 05 04 19:08:14 617794 GMT+0000 (UTC),"89,899"
mse_low,gan_high,,5e5ce43575fa67fdc0dd37146d7f479e.png,B,2024-05-04 19:08:14.617794,,0,Mon 2024 05 04 19:08:14 617794 GMT+0000 (UTC),"144,536"
mse_low,gan_ratio_med,,28d24b9c83de066597ff96a68769884f.png,B,2024-05-04 19:08:14.617794,,0,Mon 2024 05 04 19:08:14 617794 GMT+0000 (UTC),"1058,314"
gan_ratio_fixed_low,gan_low,,8bb119b8ca17492392e1e3ea4b811b32.png,A,2024-05-04 19:08:14.617794,,0,Mon 2024 05 04 19:08:14 617794 GMT+0000 (UTC),"48,243"
gan_ratio_fixed_low,gan_ratio_high,,1e2f9d41529197f10d32bfa68a1e0bcc.png,B,2024-05-04 19:08:14.617794,,0,Mon 2024 05 04 19:08:14 617794 GMT+0000 (UTC),"263,26"
mse_low,gan_ratio_high,,100f17892cf7bb12beb12479641fcc4c.png,B,2024-05-04 19:08:14.617794,,0,Mon 2024 05 04 19:08:14 617794 GMT+0000 (UTC),"15,830"
gan_med,gan_ratio_high,,870516c65d81fb9267de6865964083a9.png,B,2024-05-04 19:08:14.617794,,0,Mon 2024 05 04 19:08:14 617794 GMT+0000 (UTC),"795,182"
mse_low,gan_low,,11f2b039b293758398b1a7a8afa64bb2.png,B,2024-05-04 19:08:14.617794,,0,Mon 2024 05 04 19:08:14 617794 GMT+0000 (UTC),"42,7"
gan_ratio_low,gan_ratio_med,,0c49a5cce349020bbba2f97ae41e90ba.png,B,2024-05-04 19:08:14.617794,,0,Mon 2024 05 04 19:08:14 617794 GMT+0000 (UTC),"1020,186"
gan_med,gan_ratio_high,,b939ac34faa94b5d0e753d570edc7048.png,B,2024-05-04 19:08:14.617794,,0,Mon 2024 05 04 19:08:14 617794 GMT+0000 (UTC),"870,30"
gan_ratio_low,gan_med,,2a2420f929cd47122eae364a2bc27710.png,B,2024-05-04 19:08:14.617794,,0,Mon 2024 05 04 19:08:14 617794 GMT+0000 (UTC),"713,353"
gan_low,gan_ratio_med,,5dbdb989cf026f7ab3dd7167d7fc0fe2.png,B,2024-05-04 19:08:14.617794,,0,Mon 2024 05 04 19:08:14 617794 GMT+0000 (UTC),"422,940"
gan_ratio_fixed_low,gan_high,,3140d643a1f57e80ff265507984d95a0.png,B,2024-05-04 19:08:14.617794,,0,Mon 2024 05 04 19:08:14 617794 GMT+0000 (UTC),"288,238"
gan_low,gan_ratio_low,,d1a9be98d1936065967adac50a6fb750.png,B,2024-05-04 19:08:14.617794,,0,Mon 2024 05 04 19:08:14 617794 GMT+0000 (UTC),"314,394"
gan_ratio_low,gan_med,,a10ae819a2d24873079c93346200cab3.png,B,2024-05-04 19:08:14.617794,,0,Mon 2024 05 04 19:08:14 617794 GMT+0000 (UTC),"479,576"
gan_ratio_low,gan_high,,a10ae819a2d24873079c93346200cab3.png,B,2024-05-04 19:08:14.617794,,0,Mon 2024 05 04 19:08:14 617794 GMT+0000 (UTC),"280,977"
gan_ratio_low,gan_ratio_high,,c80999cd5533e448167cd9b3ccfa2a37.png,B,2024-05-04 19:08:14.617794,,0,Mon 2024 05 04 19:08:14 617794 GMT+0000 (UTC),"1086,40"
gan_ratio_med,gan_ratio_high,,100f17892cf7bb12beb12479641fcc4c.png,B,2024-05-04 19:08:14.617794,,0,Mon 2024 05 04 19:08:14 617794 GMT+0000 (UTC),"242,52"
gan_ratio_low,gan_ratio_med,,d1a9be98d1936065967adac50a6fb750.png,B,2024-05-04 19:08:14.617794,,0,Mon 2024 05 04 19:08:14 617794 GMT+0000 (UTC),"833,259"
gan_ratio_fixed_low,gan_med,,ddcd24d99f48eaa369207882a6f37831.png,B,2024-05-04 19:08:14.617794,,0,Mon 2024 05 04 19:08:14 617794 GMT+0000 (UTC),"1109,98"
mse_low,gan_ratio_med,,60430844748882ff66b9a5598ef06dd6.png,B,2024-05-04 19:08:14.617794,,0,Mon 2024 05 04 19:08:14 617794 GMT+0000 (UTC),"120,384"
gan_low,gan_ratio_low,,8bb119b8ca17492392e1e3ea4b811b32.png,B,2024-05-04 19:08:14.617794,,0,Mon 2024 05 04 19:08:14 617794 GMT+0000 (UTC),"280,372"
mse_low,gan_ratio_med,,1e2f9d41529197f10d32bfa68a1e0bcc.png,B,2024-05-04 19:08:14.617794,,0,Mon 2024 05 04 19:08:14 617794 GMT+0000 (UTC),"1275,592"
mse_low,gan_ratio_low,,870516c65d81fb9267de6865964083a9.png,B,2024-05-04 20:30:14.604475,,0,Mon 2024 05 04 20:30:14 604475 GMT+0000 (UTC),"-768,-768"
mse_low,gan_med,,b51d5fb537246482ef7a7ab63f093cab.png,A,2024-05-04 20:33:53.333292,,0,Mon 2024 05 04 20:33:53 333292 GMT+0000 (UTC),"0,-768"
mse_low,gan_ratio_high,,ef576c4ed599d75d72145a8f34b58ccb.png,B,2024-05-04 20:48:36.601418,,0,Mon 2024 05 04 20:48:36 601418 GMT+0000 (UTC),"1248,384"
gan_low,gan_ratio_low,,2a2420f929cd47122eae364a2bc27710.png,B,2024-05-04 20:48:36.601418,,0,Mon 2024 05 04 20:48:36 601418 GMT+0000 (UTC),"355,64"
gan_low,gan_ratio_low,,0c49a5cce349020bbba2f97ae41e90ba.png,A,2024-05-04 20:48:36.601418,,0,Mon 2024 05 04 20:48:36 601418 GMT+0000 (UTC),"228,458"
gan_med,gan_high,,4cd6910a0b7b39365fda5df87618d091.png,B,2024-05-04 20:48:36.601418,,0,Mon 2024 05 04 20:48:36 601418 GMT+0000 (UTC),"352,254"
gan_low,gan_ratio_high,,100f17892cf7bb12beb12479641fcc4c.png,B,2024-05-04 20:48:36.601418,,0,Mon 2024 05 04 20:48:36 601418 GMT+0000 (UTC),"320,512"
mse_low,gan_low,,c80999cd5533e448167cd9b3ccfa2a37.png,B,2024-05-04 20:48:36.601418,,0,Mon 2024 05 04 20:48:36 601418 GMT+0000 (UTC),"736,78"
gan_low,gan_med,,60430844748882ff66b9a5598ef06dd6.png,B,2024-05-04 20:48:36.601418,,0,Mon 2024 05 04 20:48:36 601418 GMT+0000 (UTC),"322,214"
gan_ratio_low,gan_ratio_high,,14ab4af28901fbeb1356b06d2d08ae06.png,B,2024-05-04 20:48:36.601418,,0,Mon 2024 05 04 20:48:36 601418 GMT+0000 (UTC),"241,557"
gan_low,gan_med,,c80999cd5533e448167cd9b3ccfa2a37.png,B,2024-05-04 20:48:36.601418,,0,Mon 2024 05 04 20:48:36 601418 GMT+0000 (UTC),"1280,0"
gan_ratio_fixed_low,gan_high,,11f2b039b293758398b1a7a8afa64bb2.png,B,2024-05-04 20:48:36.601418,,0,Mon 2024 05 04 20:48:36 601418 GMT+0000 (UTC),"382,384"
gan_low,gan_med,,b51d5fb537246482ef7a7ab63f093cab.png,B,2024-05-04 20:48:36.601418,,0,Mon 2024 05 04 20:48:36 601418 GMT+0000 (UTC),"568,192"
gan_med,gan_ratio_med,,a36713f1943dac6bc74dea50cadaee6f.png,A,2024-05-04 20:48:36.601418,,0,Mon 2024 05 04 20:48:36 601418 GMT+0000 (UTC),"258,864"
gan_ratio_med,gan_ratio_high,,b939ac34faa94b5d0e753d570edc7048.png,A,2024-05-04 20:48:36.601418,,0,Mon 2024 05 04 20:48:36 601418 GMT+0000 (UTC),"1184,114"
gan_ratio_fixed_low,gan_ratio_med,,0c49a5cce349020bbba2f97ae41e90ba.png,B,2024-05-04 20:48:36.601418,,0,Mon 2024 05 04 20:48:36 601418 GMT+0000 (UTC),"0,192"
gan_ratio_low,gan_med,,4cd6910a0b7b39365fda5df87618d091.png,B,2024-05-04 20:48:36.601418,,0,Mon 2024 05 04 20:48:36 601418 GMT+0000 (UTC),"1120,114"
mse_low,gan_ratio_fixed_low,,3140d643a1f57e80ff265507984d95a0.png,B,2024-05-04 20:48:36.601418,,0,Mon 2024 05 04 20:48:36 601418 GMT+0000 (UTC),"640,0"
gan_low,gan_ratio_low,,60430844748882ff66b9a5598ef06dd6.png,B,2024-05-04 20:48:36.601418,,0,Mon 2024 05 04 20:48:36 601418 GMT+0000 (UTC),"357,192"
gan_ratio_low,gan_ratio_med,,870516c65d81fb9267de6865964083a9.png,B,2024-05-04 20:48:36.601418,,0,Mon 2024 05 04 20:48:36 601418 GMT+0000 (UTC),"968,237"
mse_low,gan_ratio_med,,11f2b039b293758398b1a7a8afa64bb2.png,B,2024-05-04 20:48:36.601418,,0,Mon 2024 05 04 20:48:36 601418 GMT+0000 (UTC),"459,252"
mse_low,gan_ratio_high,,22ea12c903e41583b7c469cb86040157.png,B,2024-05-04 20:48:36.601418,,0,Mon 2024 05 04 20:48:36 601418 GMT+0000 (UTC),"224,556"
mse_low,gan_ratio_fixed_low,,14ab4af28901fbeb1356b06d2d08ae06.png,B,2024-05-04 20:48:36.601418,,0,Mon 2024 05 04 20:48:36 601418 GMT+0000 (UTC),"345,453"
mse_low,gan_ratio_low,,9466a908d088d32ee73f04116c40e48c.png,B,2024-05-04 20:48:36.601418,,0,Mon 2024 05 04 20:48:36 601418 GMT+0000 (UTC),"311,258"
gan_ratio_fixed_low,gan_ratio_med,,5e5ce43575fa67fdc0dd37146d7f479e.png,B,2024-05-04 20:48:36.601418,,0,Mon 2024 05 04 20:48:36 601418 GMT+0000 (UTC),"722,560"
mse_low,gan_ratio_low,,2a2420f929cd47122eae364a2bc27710.png,B,2024-05-04 20:48:36.601418,,0,Mon 2024 05 04 20:48:36 601418 GMT+0000 (UTC),"567,120"
mse_low,gan_ratio_med,,b51d5fb537246482ef7a7ab63f093cab.png,B,2024-05-04 20:48:36.601418,,0,Mon 2024 05 04 20:48:36 601418 GMT+0000 (UTC),"589,83"
gan_ratio_low,gan_ratio_med,,4a18abf66d65ad1a95ce455c8b6cd8de.png,B,2024-05-04 20:48:36.601418,,0,Mon 2024 05 04 20:48:36 601418 GMT+0000 (UTC),"32,689"
gan_med,gan_ratio_high,,5dbdb989cf026f7ab3dd7167d7fc0fe2.png,B,2024-05-04 20:48:36.601418,,0,Mon 2024 05 04 20:48:36 601418 GMT+0000 (UTC),"314,624"
mse_low,gan_high,,3140d643a1f57e80ff265507984d95a0.png,B,2024-05-04 20:48:36.601418,,0,Mon 2024 05 04 20:48:36 601418 GMT+0000 (UTC),"892,230"
gan_ratio_fixed_low,gan_ratio_high,,afe3676bbfcf7183d697ff7b5d5bd45b.png,B,2024-05-04 20:48:36.601418,,0,Mon 2024 05 04 20:48:36 601418 GMT+0000 (UTC),"1201,98"
mse_low,gan_ratio_low,,b939ac34faa94b5d0e753d570edc7048.png,A,2024-05-04 20:48:36.601418,,0,Mon 2024 05 04 20:48:36 601418 GMT+0000 (UTC),"1073,62"
gan_ratio_low,gan_ratio_med,,22ea12c903e41583b7c469cb86040157.png,B,2024-05-04 20:48:36.601418,,0,Mon 2024 05 04 20:48:36 601418 GMT+0000 (UTC),"247,639"
gan_ratio_low,gan_ratio_high,,5dbdb989cf026f7ab3dd7167d7fc0fe2.png,B,2024-05-04 20:48:36.601418,,0,Mon 2024 05 04 20:48:36 601418 GMT+0000 (UTC),"383,181"
gan_low,gan_ratio_low,,7e499613c3e376ea93afb3649719abeb.png,A,2024-05-04 20:48:36.601418,,0,Mon 2024 05 04 20:48:36 601418 GMT+0000 (UTC),"262,500"
mse_low,gan_low,,5dbdb989cf026f7ab3dd7167d7fc0fe2.png,A,2024-05-04 20:48:36.601418,,0,Mon 2024 05 04 20:48:36 601418 GMT+0000 (UTC),"360,735"
gan_low,gan_ratio_med,,60430844748882ff66b9a5598ef06dd6.png,B,2024-05-04 20:48:36.601418,,0,Mon 2024 05 04 20:48:36 601418 GMT+0000 (UTC),"258,145"
gan_ratio_low,gan_ratio_high,,11f2b039b293758398b1a7a8afa64bb2.png,B,2024-05-04 20:48:36.601418,,0,Mon 2024 05 04 20:48:36 601418 GMT+0000 (UTC),"323,371"
gan_low,gan_ratio_med,,2c1f84548ef99faec2b4f9bf12227c83.png,B,2024-05-04 20:48:36.601418,,0,Mon 2024 05 04 20:48:36 601418 GMT+0000 (UTC),"314,541"
mse_low,gan_ratio_low,,22ea12c903e41583b7c469cb86040157.png,A,2024-05-04 20:48:36.601418,,0,Mon 2024 05 04 20:48:36 601418 GMT+0000 (UTC),"154,566"
gan_ratio_low,gan_high,,9466a908d088d32ee73f04116c40e48c.png,B,2024-05-04 20:48:36.601418,,0,Mon 2024 05 04 20:48:36 601418 GMT+0000 (UTC),"317,463"
mse_low,gan_ratio_med,,22ea12c903e41583b7c469cb86040157.png,B,2024-05-04 20:48:36.601418,,0,Mon 2024 05 04 20:48:36 601418 GMT+0000 (UTC),"146,1104"
gan_med,gan_high,,2a2420f929cd47122eae364a2bc27710.png,B,2024-05-04 20:48:36.601418,,0,Mon 2024 05 04 20:48:36 601418 GMT+0000 (UTC),"523,38"
gan_ratio_low,gan_ratio_high,,a10ae819a2d24873079c93346200cab3.png,B,2024-05-04 20:48:36.601418,,0,Mon 2024 05 04 20:48:36 601418 GMT+0000 (UTC),"224,663"
gan_low,gan_high,,a36713f1943dac6bc74dea50cadaee6f.png,B,2024-05-04 20:48:36.601418,,0,Mon 2024 05 04 20:48:36 601418 GMT+0000 (UTC),"19,1090"
gan_low,gan_med,,ddcd24d99f48eaa369207882a6f37831.png,B,2024-05-04 20:48:36.601418,,0,Mon 2024 05 04 20:48:36 601418 GMT+0000 (UTC),"647,273"
gan_ratio_fixed_low,gan_med,,100a02c269c5948392f283b2aa3bb4da.png,B,2024-05-04 20:48:36.601418,,0,Mon 2024 05 04 20:48:36 601418 GMT+0000 (UTC),"494,216"
gan_ratio_fixed_low,gan_high,,60430844748882ff66b9a5598ef06dd6.png,B,2024-05-04 20:48:36.601418,,0,Mon 2024 05 04 20:48:36 601418 GMT+0000 (UTC),"324,68"
gan_med,gan_ratio_med,,ddcd24d99f48eaa369207882a6f37831.png,B,2024-05-04 20:48:36.601418,,0,Mon 2024 05 04 20:48:36 601418 GMT+0000 (UTC),"470,578"
gan_low,gan_ratio_med,,14ab4af28901fbeb1356b06d2d08ae06.png,B,2024-05-04 20:48:36.601418,,0,Mon 2024 05 04 20:48:36 601418 GMT+0000 (UTC),"0,532"
gan_low,gan_med,,14ab4af28901fbeb1356b06d2d08ae06.png,B,2024-05-04 20:48:36.601418,,0,Mon 2024 05 04 20:48:36 601418 GMT+0000 (UTC),"221,473"
gan_med,gan_ratio_med,,100a02c269c5948392f283b2aa3bb4da.png,A,2024-05-04 20:48:36.601418,,0,Mon 2024 05 04 20:48:36 601418 GMT+0000 (UTC),"192,583"
mse_low,gan_low,,28d24b9c83de066597ff96a68769884f.png,A,2024-05-04 22:20:21.721141,,0,Mon 2024 05 04 22:20:21 721141 GMT+0000 (UTC),"0,-768"
gan_med,gan_high,,c80999cd5533e448167cd9b3ccfa2a37.png,B,2024-05-04 22:20:21.721141,,0,Mon 2024 05 04 22:20:21 721141 GMT+0000 (UTC),"558,90"
gan_ratio_low,gan_high,,c80999cd5533e448167cd9b3ccfa2a37.png,B,2024-05-04 22:20:21.721141,,0,Mon 2024 05 04 22:20:21 721141 GMT+0000 (UTC),"1280,0"
gan_low,gan_ratio_high,,5e5ce43575fa67fdc0dd37146d7f479e.png,B,2024-05-04 22:20:21.721141,,0,Mon 2024 05 04 22:20:21 721141 GMT+0000 (UTC),"950,581"
gan_low,gan_high,,14ab4af28901fbeb1356b06d2d08ae06.png,B,2024-05-04 22:20:21.721141,,0,Mon 2024 05 04 22:20:21 721141 GMT+0000 (UTC),"288,507"
gan_ratio_fixed_low,gan_low,,11f2b039b293758398b1a7a8afa64bb2.png,B,2024-05-04 22:20:21.721141,,0,Mon 2024 05 04 22:20:21 721141 GMT+0000 (UTC),"269,736"
gan_ratio_low,gan_ratio_med,,c80999cd5533e448167cd9b3ccfa2a37.png,B,2024-05-04 22:20:21.721141,,0,Mon 2024 05 04 22:20:21 721141 GMT+0000 (UTC),"965,63"
gan_ratio_low,gan_ratio_high,,870516c65d81fb9267de6865964083a9.png,B,2024-05-04 22:20:21.721141,,0,Mon 2024 05 04 22:20:21 721141 GMT+0000 (UTC),"856,397"
gan_low,gan_ratio_med,,a10ae819a2d24873079c93346200cab3.png,B,2024-05-04 22:20:21.721141,,0,Mon 2024 05 04 22:20:21 721141 GMT+0000 (UTC),"252,84"
gan_med,gan_high,,22ea12c903e41583b7c469cb86040157.png,B,2024-05-04 22:20:21.721141,,0,Mon 2024 05 04 22:20:21 721141 GMT+0000 (UTC),"358,385"
gan_ratio_fixed_low,gan_ratio_low,,2a2420f929cd47122eae364a2bc27710.png,A,2024-05-04 22:20:21.721141,,0,Mon 2024 05 04 22:20:21 721141 GMT+0000 (UTC),"423,222"
gan_low,gan_high,,aed95e005df28e790519eefb6eb1e565.png,B,2024-05-04 22:20:21.721141,,0,Mon 2024 05 04 22:20:21 721141 GMT+0000 (UTC),"1152,578"
gan_ratio_low,gan_high,,d79d465ac77c36518e0f0d626bf97ec4.png,B,2024-05-04 22:20:21.721141,,0,Mon 2024 05 04 22:20:21 721141 GMT+0000 (UTC),"813,1170"
gan_low,gan_ratio_high,,14ab4af28901fbeb1356b06d2d08ae06.png,B,2024-05-04 22:20:21.721141,,0,Mon 2024 05 04 22:20:21 721141 GMT+0000 (UTC),"555,615"
mse_low,gan_ratio_high,,60430844748882ff66b9a5598ef06dd6.png,B,2024-05-04 22:20:21.721141,,0,Mon 2024 05 04 22:20:21 721141 GMT+0000 (UTC),"336,257"
gan_ratio_fixed_low,gan_ratio_high,,0c49a5cce349020bbba2f97ae41e90ba.png,B,2024-05-04 22:20:21.721141,,0,Mon 2024 05 04 22:20:21 721141 GMT+0000 (UTC),"777,179"
gan_ratio_low,gan_med,,870516c65d81fb9267de6865964083a9.png,B,2024-05-04 22:20:21.721141,,0,Mon 2024 05 04 22:20:21 721141 GMT+0000 (UTC),"711,127"
gan_low,gan_ratio_low,,11f2b039b293758398b1a7a8afa64bb2.png,B,2024-05-04 22:20:21.721141,,0,Mon 2024 05 04 22:20:21 721141 GMT+0000 (UTC),"77,440"
gan_low,gan_ratio_high,,8bb119b8ca17492392e1e3ea4b811b32.png,B,2024-05-04 22:20:21.721141,,0,Mon 2024 05 04 22:20:21 721141 GMT+0000 (UTC),"553,467"
gan_ratio_fixed_low,gan_med,,a36713f1943dac6bc74dea50cadaee6f.png,B,2024-05-04 22:20:21.721141,,0,Mon 2024 05 04 22:20:21 721141 GMT+0000 (UTC),"133,1160"
gan_ratio_med,gan_ratio_high,,8bb119b8ca17492392e1e3ea4b811b32.png,B,2024-05-04 22:20:21.721141,,0,Mon 2024 05 04 22:20:21 721141 GMT+0000 (UTC),"16,675"
gan_ratio_fixed_low,gan_ratio_med,,60430844748882ff66b9a5598ef06dd6.png,B,2024-05-04 22:20:21.721141,,0,Mon 2024 05 04 22:20:21 721141 GMT+0000 (UTC),"151,706"
gan_med,gan_ratio_high,,d1a9be98d1936065967adac50a6fb750.png,A,2024-05-04 22:20:21.721141,,0,Mon 2024 05 04 22:20:21 721141 GMT+0000 (UTC),"204,23"
gan_low,gan_med,,0c49a5cce349020bbba2f97ae41e90ba.png,B,2024-05-04 22:20:21.721141,,0,Mon 2024 05 04 22:20:21 721141 GMT+0000 (UTC),"436,462"
mse_low,gan_med,,b939ac34faa94b5d0e753d570edc7048.png,B,2024-05-04 22:20:21.721141,,0,Mon 2024 05 04 22:20:21 721141 GMT+0000 (UTC),"735,58"
gan_ratio_fixed_low,gan_med,,1e2f9d41529197f10d32bfa68a1e0bcc.png,B,2024-05-04 22:20:21.721141,,0,Mon 2024 05 04 22:20:21 721141 GMT+0000 (UTC),"1074,382"
mse_low,gan_ratio_high,,2a2420f929cd47122eae364a2bc27710.png,B,2024-05-04 22:20:21.721141,,0,Mon 2024 05 04 22:20:21 721141 GMT+0000 (UTC),"1011,275"
gan_ratio_fixed_low,gan_med,,5dbdb989cf026f7ab3dd7167d7fc0fe2.png,B,2024-05-04 22:20:21.721141,,0,Mon 2024 05 04 22:20:21 721141 GMT+0000 (UTC),"119,1200"
mse_low,gan_ratio_low,,11f2b039b293758398b1a7a8afa64bb2.png,B,2024-05-04 22:20:21.721141,,0,Mon 2024 05 04 22:20:21 721141 GMT+0000 (UTC),"767,646"
mse_low,gan_high,,2a2420f929cd47122eae364a2bc27710.png,B,2024-05-04 22:20:21.721141,,0,Mon 2024 05 04 22:20:21 721141 GMT+0000 (UTC),"1199,370"
mse_low,gan_ratio_high,,100f17892cf7bb12beb12479641fcc4c.png,B,2024-05-04 22:20:21.721141,,0,Mon 2024 05 04 22:20:21 721141 GMT+0000 (UTC),"419,510"
gan_ratio_fixed_low,gan_low,,aed95e005df28e790519eefb6eb1e565.png,A,2024-05-04 22:20:21.721141,,0,Mon 2024 05 04 22:20:21 721141 GMT+0000 (UTC),"56,502"
gan_ratio_fixed_low,gan_ratio_low,,11f2b039b293758398b1a7a8afa64bb2.png,B,2024-05-04 22:20:21.721141,,0,Mon 2024 05 04 22:20:21 721141 GMT+0000 (UTC),"570,721"
gan_low,gan_ratio_high,,2a2420f929cd47122eae364a2bc27710.png,B,2024-05-04 22:20:21.721141,,0,Mon 2024 05 04 22:20:21 721141 GMT+0000 (UTC),"446,446"
gan_low,gan_med,,5e5ce43575fa67fdc0dd37146d7f479e.png,B,2024-05-04 22:20:21.721141,,0,Mon 2024 05 04 22:20:21 721141 GMT+0000 (UTC),"1023,532"
mse_low,gan_low,,8bb119b8ca17492392e1e3ea4b811b32.png,B,2024-05-04 22:20:21.721141,,0,Mon 2024 05 04 22:20:21 721141 GMT+0000 (UTC),"70,515"
gan_ratio_low,gan_ratio_high,,b939ac34faa94b5d0e753d570edc7048.png,B,2024-05-04 22:20:21.721141,,0,Mon 2024 05 04 22:20:21 721141 GMT+0000 (UTC),"108,86"
gan_ratio_low,gan_ratio_high,,a10ae819a2d24873079c93346200cab3.png,B,2024-05-04 22:20:21.721141,,0,Mon 2024 05 04 22:20:21 721141 GMT+0000 (UTC),"50,236"
gan_med,gan_ratio_high,,b939ac34faa94b5d0e753d570edc7048.png,B,2024-05-04 22:20:21.721141,,0,Mon 2024 05 04 22:20:21 721141 GMT+0000 (UTC),"810,173"
gan_low,gan_ratio_low,,5dbdb989cf026f7ab3dd7167d7fc0fe2.png,B,2024-05-04 22:20:21.721141,,0,Mon 2024 05 04 22:20:21 721141 GMT+0000 (UTC),"597,1220"
gan_ratio_fixed_low,gan_ratio_low,,60430844748882ff66b9a5598ef06dd6.png,B,2024-05-04 22:20:21.721141,,0,Mon 2024 05 04 22:20:21 721141 GMT+0000 (UTC),"330,64"
gan_high,gan_ratio_high,,b939ac34faa94b5d0e753d570edc7048.png,B,2024-05-04 22:20:21.721141,,0,Mon 2024 05 04 22:20:21 721141 GMT+0000 (UTC),"586,0"
mse_low,gan_ratio_fixed_low,,a36713f1943dac6bc74dea50cadaee6f.png,B,2024-05-04 22:20:21.721141,,0,Mon 2024 05 04 22:20:21 721141 GMT+0000 (UTC),"124,334"
gan_med,gan_ratio_high,,ef576c4ed599d75d72145a8f34b58ccb.png,B,2024-05-04 22:20:21.721141,,0,Mon 2024 05 04 22:20:21 721141 GMT+0000 (UTC),"1041,376"
gan_med,gan_ratio_med,,5e5ce43575fa67fdc0dd37146d7f479e.png,A,2024-05-04 22:20:21.721141,,0,Mon 2024 05 04 22:20:21 721141 GMT+0000 (UTC),"866,573"
gan_low,gan_med,,28d24b9c83de066597ff96a68769884f.png,B,2024-05-04 22:20:21.721141,,0,Mon 2024 05 04 22:20:21 721141 GMT+0000 (UTC),"630,168"
gan_med,gan_high,,3140d643a1f57e80ff265507984d95a0.png,A,2024-05-04 22:20:21.721141,,0,Mon 2024 05 04 22:20:21 721141 GMT+0000 (UTC),"715,384"
gan_low,gan_high,,a10ae819a2d24873079c93346200cab3.png,B,2024-05-04 22:20:21.721141,,0,Mon 2024 05 04 22:20:21 721141 GMT+0000 (UTC),"309,302"
mse_low,gan_ratio_med,,100a02c269c5948392f283b2aa3bb4da.png,B,2024-05-04 22:20:21.721141,,0,Mon 2024 05 04 22:20:21 721141 GMT+0000 (UTC),"604,365"
mse_low,gan_med,,100a02c269c5948392f283b2aa3bb4da.png,B,2024-05-04 22:20:21.721141,,0,Mon 2024 05 04 22:20:21 721141 GMT+0000 (UTC),"943,566"
mse_low,gan_med,,a10ae819a2d24873079c93346200cab3.png,B,2024-05-04 23:41:53.836791,,0,Mon 2024 05 04 23:41:53 836791 GMT+0000 (UTC),"-768,0"
gan_low,gan_ratio_high,,b51d5fb537246482ef7a7ab63f093cab.png,B,2024-05-04 23:41:53.836791,,0,Mon 2024 05 04 23:41:53 836791 GMT+0000 (UTC),"652,0"
gan_low,gan_med,,14ab4af28901fbeb1356b06d2d08ae06.png,B,2024-05-04 23:41:53.836791,,0,Mon 2024 05 04 23:41:53 836791 GMT+0000 (UTC),"47,152"
gan_ratio_low,gan_ratio_med,,a36713f1943dac6bc74dea50cadaee6f.png,B,2024-05-04 23:41:53.836791,,0,Mon 2024 05 04 23:41:53 836791 GMT+0000 (UTC),"528,175"
gan_ratio_fixed_low,gan_low,,ddcd24d99f48eaa369207882a6f37831.png,A,2024-05-04 23:41:53.836791,,0,Mon 2024 05 04 23:41:53 836791 GMT+0000 (UTC),"17,210"
gan_ratio_med,gan_ratio_high,,7e499613c3e376ea93afb3649719abeb.png,B,2024-05-04 23:41:53.836791,,0,Mon 2024 05 04 23:41:53 836791 GMT+0000 (UTC),"408,980"
gan_ratio_fixed_low,gan_ratio_med,,097cb426910ba8ce2525dd8bb7fb1777.png,B,2024-05-04 23:41:53.836791,,0,Mon 2024 05 04 23:41:53 836791 GMT+0000 (UTC),"618,76"
gan_ratio_fixed_low,gan_med,,a10ae819a2d24873079c93346200cab3.png,B,2024-05-04 23:41:53.836791,,0,Mon 2024 05 04 23:41:53 836791 GMT+0000 (UTC),"420,233"
gan_med,gan_ratio_med,,100a02c269c5948392f283b2aa3bb4da.png,A,2024-05-04 23:41:53.836791,,0,Mon 2024 05 04 23:41:53 836791 GMT+0000 (UTC),"517,448"
gan_low,gan_high,,aed95e005df28e790519eefb6eb1e565.png,B,2024-05-04 23:41:53.836791,,0,Mon 2024 05 04 23:41:53 836791 GMT+0000 (UTC),"1016,593"
gan_low,gan_med,,22ea12c903e41583b7c469cb86040157.png,B,2024-05-04 23:41:53.836791,,0,Mon 2024 05 04 23:41:53 836791 GMT+0000 (UTC),"616,383"
gan_ratio_med,gan_ratio_high,,100f17892cf7bb12beb12479641fcc4c.png,B,2024-05-04 23:41:53.836791,,0,Mon 2024 05 04 23:41:53 836791 GMT+0000 (UTC),"351,650"
mse_low,gan_high,,2a2420f929cd47122eae364a2bc27710.png,B,2024-05-04 23:41:53.836791,,0,Mon 2024 05 04 23:41:53 836791 GMT+0000 (UTC),"68,596"
gan_ratio_fixed_low,gan_ratio_high,,870516c65d81fb9267de6865964083a9.png,B,2024-05-04 23:41:53.836791,,0,Mon 2024 05 04 23:41:53 836791 GMT+0000 (UTC),"310,285"
mse_low,gan_low,,2c1f84548ef99faec2b4f9bf12227c83.png,B,2024-05-04 23:41:53.836791,,0,Mon 2024 05 04 23:41:53 836791 GMT+0000 (UTC),"224,1188"
gan_ratio_fixed_low,gan_ratio_high,,a36713f1943dac6bc74dea50cadaee6f.png,B,2024-05-04 23:41:53.836791,,0,Mon 2024 05 04 23:41:53 836791 GMT+0000 (UTC),"223,672"
gan_ratio_fixed_low,gan_high,,870516c65d81fb9267de6865964083a9.png,B,2024-05-04 23:41:53.836791,,0,Mon 2024 05 04 23:41:53 836791 GMT+0000 (UTC),"552,439"
gan_low,gan_med,,7e499613c3e376ea93afb3649719abeb.png,B,2024-05-04 23:41:53.836791,,0,Mon 2024 05 04 23:41:53 836791 GMT+0000 (UTC),"393,585"
mse_low,gan_ratio_high,,7e499613c3e376ea93afb3649719abeb.png,B,2024-05-04 23:41:53.836791,,0,Mon 2024 05 04 23:41:53 836791 GMT+0000 (UTC),"351,388"
gan_ratio_med,gan_high,,ddcd24d99f48eaa369207882a6f37831.png,B,2024-05-04 23:41:53.836791,,0,Mon 2024 05 04 23:41:53 836791 GMT+0000 (UTC),"632,66"
gan_ratio_low,gan_high,,097cb426910ba8ce2525dd8bb7fb1777.png,B,2024-05-04 23:41:53.836791,,0,Mon 2024 05 04 23:41:53 836791 GMT+0000 (UTC),"319,1172"
gan_ratio_fixed_low,gan_ratio_low,,11f2b039b293758398b1a7a8afa64bb2.png,B,2024-05-04 23:41:53.836791,,0,Mon 2024 05 04 23:41:53 836791 GMT+0000 (UTC),"212,333"
gan_low,gan_ratio_med,,2a2420f929cd47122eae364a2bc27710.png,B,2024-05-04 23:41:53.836791,,0,Mon 2024 05 04 23:41:53 836791 GMT+0000 (UTC),"609,303"
gan_ratio_low,gan_high,,5e5ce43575fa67fdc0dd37146d7f479e.png,B,2024-05-04 23:41:53.836791,,0,Mon 2024 05 04 23:41:53 836791 GMT+0000 (UTC),"257,818"
gan_ratio_fixed_low,gan_low,,5e5ce43575fa67fdc0dd37146d7f479e.png,A,2024-05-04 23:41:53.836791,,0,Mon 2024 05 04 23:41:53 836791 GMT+0000 (UTC),"263,19"
gan_med,gan_ratio_high,,0c49a5cce349020bbba2f97ae41e90ba.png,A,2024-05-04 23:41:53.836791,,0,Mon 2024 05 04 23:41:53 836791 GMT+0000 (UTC),"357,40"
mse_low,gan_ratio_med,,097cb426910ba8ce2525dd8bb7fb1777.png,B,2024-05-04 23:41:53.836791,,0,Mon 2024 05 04 23:41:53 836791 GMT+0000 (UTC),"454,83"
gan_ratio_fixed_low,gan_low,,100f17892cf7bb12beb12479641fcc4c.png,B,2024-05-04 23:41:53.836791,,0,Mon 2024 05 04 23:41:53 836791 GMT+0000 (UTC),"389,46"
gan_med,gan_ratio_med,,60430844748882ff66b9a5598ef06dd6.png,B,2024-05-04 23:41:53.836791,,0,Mon 2024 05 04 23:41:53 836791 GMT+0000 (UTC),"653,1099"
gan_ratio_low,gan_med,,afe3676bbfcf7183d697ff7b5d5bd45b.png,B,2024-05-04 23:41:53.836791,,0,Mon 2024 05 04 23:41:53 836791 GMT+0000 (UTC),"38,273"
gan_ratio_fixed_low,gan_med,,9466a908d088d32ee73f04116c40e48c.png,B,2024-05-04 23:41:53.836791,,0,Mon 2024 05 04 23:41:53 836791 GMT+0000 (UTC),"217,550"
gan_low,gan_med,,aed95e005df28e790519eefb6eb1e565.png,B,2024-05-04 23:41:53.836791,,0,Mon 2024 05 04 23:41:53 836791 GMT+0000 (UTC),"1085,506"
gan_ratio_low,gan_ratio_high,,100a02c269c5948392f283b2aa3bb4da.png,B,2024-05-04 23:41:53.836791,,0,Mon 2024 05 04 23:41:53 836791 GMT+0000 (UTC),"313,150"
gan_ratio_fixed_low,gan_ratio_high,,097cb426910ba8ce2525dd8bb7fb1777.png,B,2024-05-04 23:41:53.836791,,0,Mon 2024 05 04 23:41:53 836791 GMT+0000 (UTC),"479,1203"
gan_med,gan_high,,100f17892cf7bb12beb12479641fcc4c.png,B,2024-05-04 23:41:53.836791,,0,Mon 2024 05 04 23:41:53 836791 GMT+0000 (UTC),"543,459"
gan_ratio_low,gan_ratio_med,,22ea12c903e41583b7c469cb86040157.png,B,2024-05-04 23:41:53.836791,,0,Mon 2024 05 04 23:41:53 836791 GMT+0000 (UTC),"714,127"
gan_low,gan_ratio_high,,ddcd24d99f48eaa369207882a6f37831.png,B,2024-05-04 23:41:53.836791,,0,Mon 2024 05 04 23:41:53 836791 GMT+0000 (UTC),"63,321"
gan_high,gan_ratio_high,,2a2420f929cd47122eae364a2bc27710.png,A,2024-05-04 23:41:53.836791,,0,Mon 2024 05 04 23:41:53 836791 GMT+0000 (UTC),"520,2"
mse_low,gan_ratio_low,,100a02c269c5948392f283b2aa3bb4da.png,B,2024-05-04 23:41:53.836791,,0,Mon 2024 05 04 23:41:53 836791 GMT+0000 (UTC),"1016,295"
mse_low,gan_med,,1e2f9d41529197f10d32bfa68a1e0bcc.png,B,2024-05-04 23:41:53.836791,,0,Mon 2024 05 04 23:41:53 836791 GMT+0000 (UTC),"847,337"
gan_med,gan_ratio_high,,4a18abf66d65ad1a95ce455c8b6cd8de.png,B,2024-05-04 23:41:53.836791,,0,Mon 2024 05 04 23:41:53 836791 GMT+0000 (UTC),"22,1036"
gan_high,gan_ratio_high,,c80999cd5533e448167cd9b3ccfa2a37.png,A,2024-05-04 23:41:53.836791,,0,Mon 2024 05 04 23:41:53 836791 GMT+0000 (UTC),"919,26"
gan_ratio_fixed_low,gan_high,,4a18abf66d65ad1a95ce455c8b6cd8de.png,B,2024-05-04 23:41:53.836791,,0,Mon 2024 05 04 23:41:53 836791 GMT+0000 (UTC),"393,909"
mse_low,gan_med,,c80999cd5533e448167cd9b3ccfa2a37.png,B,2024-05-04 23:41:53.836791,,0,Mon 2024 05 04 23:41:53 836791 GMT+0000 (UTC),"423,105"
mse_low,gan_ratio_med,,4a18abf66d65ad1a95ce455c8b6cd8de.png,B,2024-05-04 23:41:53.836791,,0,Mon 2024 05 04 23:41:53 836791 GMT+0000 (UTC),"602,157"
gan_med,gan_ratio_high,,b939ac34faa94b5d0e753d570edc7048.png,B,2024-05-04 23:41:53.836791,,0,Mon 2024 05 04 23:41:53 836791 GMT+0000 (UTC),"736,103"
gan_ratio_fixed_low,gan_med,,4a18abf66d65ad1a95ce455c8b6cd8de.png,B,2024-05-04 23:41:53.836791,,0,Mon 2024 05 04 23:41:53 836791 GMT+0000 (UTC),"506,1029"
gan_low,gan_ratio_med,,100a02c269c5948392f283b2aa3bb4da.png,B,2024-05-04 23:41:53.836791,,0,Mon 2024 05 04 23:41:53 836791 GMT+0000 (UTC),"1080,199"
gan_ratio_low,gan_ratio_high,,c80999cd5533e448167cd9b3ccfa2a37.png,B,2024-05-04 23:41:53.836791,,0,Mon 2024 05 04 23:41:53 836791 GMT+0000 (UTC),"991,99"
gan_ratio_fixed_low,gan_low,,14ab4af28901fbeb1356b06d2d08ae06.png,B,2024-05-04 23:41:53.836791,,0,Mon 2024 05 04 23:41:53 836791 GMT+0000 (UTC),"541,885"
gan_ratio_low,gan_ratio_med,,8bb119b8ca17492392e1e3ea4b811b32.png,A,2024-05-05 09:46:13.149183,,0,Mon 2024 05 05 09:46:13 149183 GMT+0000 (UTC),"308,576"
mse_low,gan_ratio_fixed_low,,aed95e005df28e790519eefb6eb1e565.png,A,2024-05-05 09:46:13.149183,,0,Mon 2024 05 05 09:46:13 149183 GMT+0000 (UTC),"736,510"
gan_ratio_fixed_low,gan_med,,097cb426910ba8ce2525dd8bb7fb1777.png,B,2024-05-05 09:46:13.149183,,0,Mon 2024 05 05 09:46:13 149183 GMT+0000 (UTC),"181,304"
mse_low,gan_ratio_low,,a10ae819a2d24873079c93346200cab3.png,A,2024-05-05 09:46:13.149183,,0,Mon 2024 05 05 09:46:13 149183 GMT+0000 (UTC),"517,668"
gan_ratio_low,gan_ratio_med,,b51d5fb537246482ef7a7ab63f093cab.png,A,2024-05-05 09:46:13.149183,,0,Mon 2024 05 05 09:46:13 149183 GMT+0000 (UTC),"546,117"
gan_low,gan_ratio_high,,afe3676bbfcf7183d697ff7b5d5bd45b.png,A,2024-05-05 09:46:13.149183,,0,Mon 2024 05 05 09:46:13 149183 GMT+0000 (UTC),"783,352"
gan_ratio_med,gan_high,,60430844748882ff66b9a5598ef06dd6.png,B,2024-05-05 09:46:13.149183,,0,Mon 2024 05 05 09:46:13 149183 GMT+0000 (UTC),"358,239"
mse_low,gan_ratio_high,,22ea12c903e41583b7c469cb86040157.png,A,2024-05-05 09:46:13.149183,,0,Mon 2024 05 05 09:46:13 149183 GMT+0000 (UTC),"0,640"
gan_low,gan_ratio_high,,b51d5fb537246482ef7a7ab63f093cab.png,A,2024-05-05 09:46:13.149183,,0,Mon 2024 05 05 09:46:13 149183 GMT+0000 (UTC),"578,203"
gan_ratio_fixed_low,gan_ratio_med,,5e5ce43575fa67fdc0dd37146d7f479e.png,B,2024-05-05 09:46:13.149183,,0,Mon 2024 05 05 09:46:13 149183 GMT+0000 (UTC),"668,590"
mse_low,gan_low,,22ea12c903e41583b7c469cb86040157.png,A,2024-05-05 09:46:13.149183,,0,Mon 2024 05 05 09:46:13 149183 GMT+0000 (UTC),"0,679"
gan_ratio_fixed_low,gan_ratio_high,,0c49a5cce349020bbba2f97ae41e90ba.png,A,2024-05-05 09:46:13.149183,,0,Mon 2024 05 05 09:46:13 149183 GMT+0000 (UTC),"0,288"
mse_low,gan_ratio_high,,5e5ce43575fa67fdc0dd37146d7f479e.png,B,2024-05-05 09:46:13.149183,,0,Mon 2024 05 05 09:46:13 149183 GMT+0000 (UTC),"671,588"
mse_low,gan_med,,097cb426910ba8ce2525dd8bb7fb1777.png,B,2024-05-05 09:46:13.149183,,0,Mon 2024 05 05 09:46:13 149183 GMT+0000 (UTC),"242,283"
mse_low,gan_ratio_high,,11f2b039b293758398b1a7a8afa64bb2.png,B,2024-05-05 09:46:13.149183,,0,Mon 2024 05 05 09:46:13 149183 GMT+0000 (UTC),"411,437"
mse_low,gan_med,,a36713f1943dac6bc74dea50cadaee6f.png,B,2024-05-05 09:46:13.149183,,0,Mon 2024 05 05 09:46:13 149183 GMT+0000 (UTC),"39,1228"
mse_low,gan_ratio_med,,1e2f9d41529197f10d32bfa68a1e0bcc.png,A,2024-05-05 09:46:13.149183,,0,Mon 2024 05 05 09:46:13 149183 GMT+0000 (UTC),"1277,565"
gan_ratio_fixed_low,gan_high,,a10ae819a2d24873079c93346200cab3.png,A,2024-05-05 09:46:13.149183,,0,Mon 2024 05 05 09:46:13 149183 GMT+0000 (UTC),"412,64"
gan_low,gan_ratio_med,,100a02c269c5948392f283b2aa3bb4da.png,B,2024-05-05 09:46:13.149183,,0,Mon 2024 05 05 09:46:13 149183 GMT+0000 (UTC),"512,416"
gan_ratio_fixed_low,gan_low,,b939ac34faa94b5d0e753d570edc7048.png,B,2024-05-05 09:46:13.149183,,0,Mon 2024 05 05 09:46:13 149183 GMT+0000 (UTC),"338,48"
mse_low,gan_ratio_fixed_low,,3140d643a1f57e80ff265507984d95a0.png,A,2024-05-05 09:46:13.149183,,0,Mon 2024 05 05 09:46:13 149183 GMT+0000 (UTC),"672,384"
gan_low,gan_high,,60430844748882ff66b9a5598ef06dd6.png,A,2024-05-05 09:46:13.149183,,0,Mon 2024 05 05 09:46:13 149183 GMT+0000 (UTC),"219,233"
gan_ratio_low,gan_ratio_high,,1e2f9d41529197f10d32bfa68a1e0bcc.png,B,2024-05-05 09:46:13.149183,,0,Mon 2024 05 05 09:46:13 149183 GMT+0000 (UTC),"887,46"
gan_high,gan_ratio_high,,870516c65d81fb9267de6865964083a9.png,B,2024-05-05 09:46:13.149183,,0,Mon 2024 05 05 09:46:13 149183 GMT+0000 (UTC),"1117,295"
gan_low,gan_med,,11f2b039b293758398b1a7a8afa64bb2.png,A,2024-05-05 09:46:13.149183,,0,Mon 2024 05 05 09:46:13 149183 GMT+0000 (UTC),"377,443"
gan_high,gan_ratio_high,,d1a9be98d1936065967adac50a6fb750.png,B,2024-05-05 09:46:13.149183,,0,Mon 2024 05 05 09:46:13 149183 GMT+0000 (UTC),"251,75"
gan_ratio_med,gan_ratio_high,,2a2420f929cd47122eae364a2bc27710.png,A,2024-05-05 09:46:13.149183,,0,Mon 2024 05 05 09:46:13 149183 GMT+0000 (UTC),"551,274"
mse_low,gan_ratio_high,,0c49a5cce349020bbba2f97ae41e90ba.png,B,2024-05-05 09:46:13.149183,,0,Mon 2024 05 05 09:46:13 149183 GMT+0000 (UTC),"400,270"
gan_ratio_low,gan_high,,5dbdb989cf026f7ab3dd7167d7fc0fe2.png,B,2024-05-05 09:46:13.149183,,0,Mon 2024 05 05 09:46:13 149183 GMT+0000 (UTC),"120,768"
gan_ratio_fixed_low,gan_ratio_high,,ef576c4ed599d75d72145a8f34b58ccb.png,A,2024-05-05 09:46:13.149183,,0,Mon 2024 05 05 09:46:13 149183 GMT+0000 (UTC),"641,320"
mse_low,gan_ratio_fixed_low,,60430844748882ff66b9a5598ef06dd6.png,A,2024-05-05 09:46:13.149183,,0,Mon 2024 05 05 09:46:13 149183 GMT+0000 (UTC),"205,170"
gan_low,gan_med,,b51d5fb537246482ef7a7ab63f093cab.png,B,2024-05-05 09:46:13.149183,,0,Mon 2024 05 05 09:46:13 149183 GMT+0000 (UTC),"572,108"
gan_low,gan_ratio_med,,2a2420f929cd47122eae364a2bc27710.png,A,2024-05-05 09:46:13.149183,,0,Mon 2024 05 05 09:46:13 149183 GMT+0000 (UTC),"515,277"
mse_low,gan_low,,ef576c4ed599d75d72145a8f34b58ccb.png,B,2024-05-05 09:46:13.149183,,0,Mon 2024 05 05 09:46:13 149183 GMT+0000 (UTC),"667,367"
gan_low,gan_ratio_low,,b51d5fb537246482ef7a7ab63f093cab.png,A,2024-05-05 09:46:13.149183,,0,Mon 2024 05 05 09:46:13 149183 GMT+0000 (UTC),"584,189"
gan_ratio_med,gan_ratio_high,,097cb426910ba8ce2525dd8bb7fb1777.png,B,2024-05-05 09:46:13.149183,,0,Mon 2024 05 05 09:46:13 149183 GMT+0000 (UTC),"153,247"
gan_ratio_fixed_low,gan_low,,100f17892cf7bb12beb12479641fcc4c.png,B,2024-05-05 09:46:13.149183,,0,Mon 2024 05 05 09:46:13 149183 GMT+0000 (UTC),"321,582"
mse_low,gan_med,,100a02c269c5948392f283b2aa3bb4da.png,B,2024-05-05 09:46:13.149183,,0,Mon 2024 05 05 09:46:13 149183 GMT+0000 (UTC),"521,190"
gan_ratio_low,gan_ratio_med,,afe3676bbfcf7183d697ff7b5d5bd45b.png,B,2024-05-05 09:46:13.149183,,0,Mon 2024 05 05 09:46:13 149183 GMT+0000 (UTC),"593,169"
gan_ratio_low,gan_ratio_high,,0c49a5cce349020bbba2f97ae41e90ba.png,B,2024-05-05 09:46:13.149183,,0,Mon 2024 05 05 09:46:13 149183 GMT+0000 (UTC),"711,351"
gan_med,gan_ratio_high,,9466a908d088d32ee73f04116c40e48c.png,A,2024-05-05 09:46:13.149183,,0,Mon 2024 05 05 09:46:13 149183 GMT+0000 (UTC),"535,382"
gan_ratio_fixed_low,gan_med,,5dbdb989cf026f7ab3dd7167d7fc0fe2.png,B,2024-05-05 09:46:13.149183,,0,Mon 2024 05 05 09:46:13 149183 GMT+0000 (UTC),"441,1267"
mse_low,gan_ratio_high,,d79d465ac77c36518e0f0d626bf97ec4.png,B,2024-05-05 09:46:13.149183,,0,Mon 2024 05 05 09:46:13 149183 GMT+0000 (UTC),"303,670"
gan_ratio_fixed_low,gan_high,,097cb426910ba8ce2525dd8bb7fb1777.png,A,2024-05-05 09:46:13.149183,,0,Mon 2024 05 05 09:46:13 149183 GMT+0000 (UTC),"129,272"
gan_ratio_low,gan_ratio_med,,b939ac34faa94b5d0e753d570edc7048.png,B,2024-05-05 09:46:13.149183,,0,Mon 2024 05 05 09:46:13 149183 GMT+0000 (UTC),"1179,145"
gan_low,gan_ratio_low,,b939ac34faa94b5d0e753d570edc7048.png,A,2024-05-05 09:46:13.149183,,0,Mon 2024 05 05 09:46:13 149183 GMT+0000 (UTC),"1194,126"
gan_high,gan_ratio_high,,5e5ce43575fa67fdc0dd37146d7f479e.png,B,2024-05-05 09:46:13.149183,,0,Mon 2024 05 05 09:46:13 149183 GMT+0000 (UTC),"632,420"
gan_low,gan_ratio_low,,aed95e005df28e790519eefb6eb1e565.png,B,2024-05-05 09:46:13.149183,,0,Mon 2024 05 05 09:46:13 149183 GMT+0000 (UTC),"630,391"
gan_ratio_low,gan_ratio_high,,5dbdb989cf026f7ab3dd7167d7fc0fe2.png,A,2024-05-05 09:46:13.149183,,0,Mon 2024 05 05 09:46:13 149183 GMT+0000 (UTC),"552,84"
gan_ratio_low,gan_ratio_high,,b51d5fb537246482ef7a7ab63f093cab.png,B,2024-05-05 09:46:13.149183,,0,Mon 2024 05 05 09:46:13 149183 GMT+0000 (UTC),"870,247"
gan_ratio_low,gan_ratio_med,,a10ae819a2d24873079c93346200cab3.png,B,2024-05-05 10:48:05.204350,,0,Mon 2024 05 05 10:48:05 204350 GMT+0000 (UTC),"384,753"
gan_high,gan_ratio_high,,afe3676bbfcf7183d697ff7b5d5bd45b.png,A,2024-05-05 10:48:05.204350,,0,Mon 2024 05 05 10:48:05 204350 GMT+0000 (UTC),"858,539"
gan_ratio_low,gan_high,,a10ae819a2d24873079c93346200cab3.png,B,2024-05-05 10:48:05.204350,,0,Mon 2024 05 05 10:48:05 204350 GMT+0000 (UTC),"32,297"
gan_ratio_fixed_low,gan_ratio_med,,0c49a5cce349020bbba2f97ae41e90ba.png,B,2024-05-05 10:48:05.204350,,0,Mon 2024 05 05 10:48:05 204350 GMT+0000 (UTC),"676,75"
gan_ratio_med,gan_ratio_high,,c80999cd5533e448167cd9b3ccfa2a37.png,B,2024-05-05 10:48:05.204350,,0,Mon 2024 05 05 10:48:05 204350 GMT+0000 (UTC),"1177,70"
gan_ratio_low,gan_med,,7e499613c3e376ea93afb3649719abeb.png,B,2024-05-05 10:48:05.204350,,0,Mon 2024 05 05 10:48:05 204350 GMT+0000 (UTC),"757,718"
gan_ratio_fixed_low,gan_ratio_low,,1e2f9d41529197f10d32bfa68a1e0bcc.png,B,2024-05-05 10:48:05.204350,,0,Mon 2024 05 05 10:48:05 204350 GMT+0000 (UTC),"606,315"
gan_ratio_fixed_low,gan_high,,100f17892cf7bb12beb12479641fcc4c.png,B,2024-05-05 10:48:05.204350,,0,Mon 2024 05 05 10:48:05 204350 GMT+0000 (UTC),"486,606"
gan_ratio_fixed_low,gan_high,,28d24b9c83de066597ff96a68769884f.png,B,2024-05-05 10:48:05.204350,,0,Mon 2024 05 05 10:48:05 204350 GMT+0000 (UTC),"605,402"
gan_ratio_low,gan_ratio_high,,8bb119b8ca17492392e1e3ea4b811b32.png,B,2024-05-05 10:48:05.204350,,0,Mon 2024 05 05 10:48:05 204350 GMT+0000 (UTC),"291,55"
gan_ratio_low,gan_ratio_med,,4cd6910a0b7b39365fda5df87618d091.png,B,2024-05-05 10:48:05.204350,,0,Mon 2024 05 05 10:48:05 204350 GMT+0000 (UTC),"699,137"
gan_ratio_fixed_low,gan_ratio_med,,11f2b039b293758398b1a7a8afa64bb2.png,B,2024-05-05 10:48:05.204350,,0,Mon 2024 05 05 10:48:05 204350 GMT+0000 (UTC),"579,967"
gan_low,gan_high,,3140d643a1f57e80ff265507984d95a0.png,B,2024-05-05 10:48:05.204350,,0,Mon 2024 05 05 10:48:05 204350 GMT+0000 (UTC),"1236,329"
mse_low,gan_ratio_med,,aed95e005df28e790519eefb6eb1e565.png,B,2024-05-05 10:48:05.204350,,0,Mon 2024 05 05 10:48:05 204350 GMT+0000 (UTC),"984,567"
gan_med,gan_high,,0c49a5cce349020bbba2f97ae41e90ba.png,B,2024-05-05 10:48:05.204350,,0,Mon 2024 05 05 10:48:05 204350 GMT+0000 (UTC),"1171,431"
gan_ratio_fixed_low,gan_ratio_high,,100f17892cf7bb12beb12479641fcc4c.png,B,2024-05-05 10:48:05.204350,,0,Mon 2024 05 05 10:48:05 204350 GMT+0000 (UTC),"173,274"
mse_low,gan_high,,22ea12c903e41583b7c469cb86040157.png,B,2024-05-05 10:48:05.204350,,0,Mon 2024 05 05 10:48:05 204350 GMT+0000 (UTC),"852,850"
gan_ratio_low,gan_ratio_med,,0c49a5cce349020bbba2f97ae41e90ba.png,B,2024-05-05 10:48:05.204350,,0,Mon 2024 05 05 10:48:05 204350 GMT+0000 (UTC),"931,211"
gan_low,gan_med,,c80999cd5533e448167cd9b3ccfa2a37.png,B,2024-05-05 10:48:05.204350,,0,Mon 2024 05 05 10:48:05 204350 GMT+0000 (UTC),"46,99"
mse_low,gan_med,,2a2420f929cd47122eae364a2bc27710.png,B,2024-05-05 10:48:05.204350,,0,Mon 2024 05 05 10:48:05 204350 GMT+0000 (UTC),"468,225"
gan_ratio_med,gan_ratio_high,,5dbdb989cf026f7ab3dd7167d7fc0fe2.png,B,2024-05-05 10:48:05.204350,,0,Mon 2024 05 05 10:48:05 204350 GMT+0000 (UTC),"239,673"
gan_ratio_fixed_low,gan_low,,14ab4af28901fbeb1356b06d2d08ae06.png,A,2024-05-05 10:48:05.204350,,0,Mon 2024 05 05 10:48:05 204350 GMT+0000 (UTC),"232,168"
gan_med,gan_ratio_med,,0c49a5cce349020bbba2f97ae41e90ba.png,B,2024-05-05 10:48:05.204350,,0,Mon 2024 05 05 10:48:05 204350 GMT+0000 (UTC),"1090,190"
mse_low,gan_low,,3140d643a1f57e80ff265507984d95a0.png,B,2024-05-05 10:48:05.204350,,0,Mon 2024 05 05 10:48:05 204350 GMT+0000 (UTC),"1228,280"
gan_low,gan_ratio_med,,8bb119b8ca17492392e1e3ea4b811b32.png,B,2024-05-05 10:48:05.204350,,0,Mon 2024 05 05 10:48:05 204350 GMT+0000 (UTC),"235,451"
mse_low,gan_ratio_high,,a10ae819a2d24873079c93346200cab3.png,B,2024-05-05 10:48:05.204350,,0,Mon 2024 05 05 10:48:05 204350 GMT+0000 (UTC),"572,896"
gan_med,gan_high,,4a18abf66d65ad1a95ce455c8b6cd8de.png,A,2024-05-05 10:48:05.204350,,0,Mon 2024 05 05 10:48:05 204350 GMT+0000 (UTC),"458,145"
gan_med,gan_ratio_med,,5dbdb989cf026f7ab3dd7167d7fc0fe2.png,B,2024-05-05 10:48:05.204350,,0,Mon 2024 05 05 10:48:05 204350 GMT+0000 (UTC),"121,1198"
mse_low,gan_ratio_fixed_low,,28d24b9c83de066597ff96a68769884f.png,B,2024-05-05 10:48:05.204350,,0,Mon 2024 05 05 10:48:05 204350 GMT+0000 (UTC),"159,291"
gan_ratio_fixed_low,gan_ratio_high,,b939ac34faa94b5d0e753d570edc7048.png,B,2024-05-05 10:48:05.204350,,0,Mon 2024 05 05 10:48:05 204350 GMT+0000 (UTC),"73,85"
gan_low,gan_ratio_high,,ef576c4ed599d75d72145a8f34b58ccb.png,B,2024-05-05 10:48:05.204350,,0,Mon 2024 05 05 10:48:05 204350 GMT+0000 (UTC),"794,328"
gan_med,gan_ratio_med,,c80999cd5533e448167cd9b3ccfa2a37.png,B,2024-05-05 10:48:05.204350,,0,Mon 2024 05 05 10:48:05 204350 GMT+0000 (UTC),"312,28"
gan_med,gan_high,,60430844748882ff66b9a5598ef06dd6.png,A,2024-05-05 10:48:05.204350,,0,Mon 2024 05 05 10:48:05 204350 GMT+0000 (UTC),"607,1167"
gan_med,gan_ratio_med,,8bb119b8ca17492392e1e3ea4b811b32.png,A,2024-05-05 10:48:05.204350,,0,Mon 2024 05 05 10:48:05 204350 GMT+0000 (UTC),"243,1095"
gan_ratio_fixed_low,gan_ratio_low,,14ab4af28901fbeb1356b06d2d08ae06.png,B,2024-05-05 10:48:05.204350,,0,Mon 2024 05 05 10:48:05 204350 GMT+0000 (UTC),"87,519"
mse_low,gan_ratio_med,,ddcd24d99f48eaa369207882a6f37831.png,B,2024-05-05 10:48:05.204350,,0,Mon 2024 05 05 10:48:05 204350 GMT+0000 (UTC),"478,445"
gan_ratio_fixed_low,gan_med,,0c49a5cce349020bbba2f97ae41e90ba.png,B,2024-05-05 10:48:05.204350,,0,Mon 2024 05 05 10:48:05 204350 GMT+0000 (UTC),"179,427"
gan_ratio_fixed_low,gan_ratio_med,,ddcd24d99f48eaa369207882a6f37831.png,B,2024-05-05 10:48:05.204350,,0,Mon 2024 05 05 10:48:05 204350 GMT+0000 (UTC),"476,154"
gan_med,gan_ratio_med,,9466a908d088d32ee73f04116c40e48c.png,B,2024-05-05 10:48:05.204350,,0,Mon 2024 05 05 10:48:05 204350 GMT+0000 (UTC),"198,1145"
gan_low,gan_med,,4cd6910a0b7b39365fda5df87618d091.png,B,2024-05-05 10:48:05.204350,,0,Mon 2024 05 05 10:48:05 204350 GMT+0000 (UTC),"139,153"
gan_ratio_med,gan_high,,ddcd24d99f48eaa369207882a6f37831.png,B,2024-05-05 10:48:05.204350,,0,Mon 2024 05 05 10:48:05 204350 GMT+0000 (UTC),"409,282"
mse_low,gan_ratio_fixed_low,,2c1f84548ef99faec2b4f9bf12227c83.png,B,2024-05-05 10:48:05.204350,,0,Mon 2024 05 05 10:48:05 204350 GMT+0000 (UTC),"429,41"
gan_ratio_low,gan_ratio_med,,1e2f9d41529197f10d32bfa68a1e0bcc.png,B,2024-05-05 10:48:05.204350,,0,Mon 2024 05 05 10:48:05 204350 GMT+0000 (UTC),"996,416"
gan_ratio_low,gan_high,,14ab4af28901fbeb1356b06d2d08ae06.png,B,2024-05-05 10:48:05.204350,,0,Mon 2024 05 05 10:48:05 204350 GMT+0000 (UTC),"230,780"
mse_low,gan_ratio_fixed_low,,1e2f9d41529197f10d32bfa68a1e0bcc.png,B,2024-05-05 10:48:05.204350,,0,Mon 2024 05 05 10:48:05 204350 GMT+0000 (UTC),"185,544"
gan_low,gan_ratio_low,,afe3676bbfcf7183d697ff7b5d5bd45b.png,A,2024-05-05 10:48:05.204350,,0,Mon 2024 05 05 10:48:05 204350 GMT+0000 (UTC),"1040,167"
mse_low,gan_med,,a36713f1943dac6bc74dea50cadaee6f.png,B,2024-05-05 10:48:05.204350,,0,Mon 2024 05 05 10:48:05 204350 GMT+0000 (UTC),"342,388"
gan_ratio_fixed_low,gan_med,,b51d5fb537246482ef7a7ab63f093cab.png,B,2024-05-05 10:48:05.204350,,0,Mon 2024 05 05 10:48:05 204350 GMT+0000 (UTC),"341,107"
gan_ratio_med,gan_high,,4cd6910a0b7b39365fda5df87618d091.png,A,2024-05-05 10:48:05.204350,,0,Mon 2024 05 05 10:48:05 204350 GMT+0000 (UTC),"41,127"
gan_low,gan_ratio_med,,ef576c4ed599d75d72145a8f34b58ccb.png,B,2024-05-05 10:48:05.204350,,0,Mon 2024 05 05 10:48:05 204350 GMT+0000 (UTC),"857,125"
gan_ratio_low,gan_ratio_high,,100f17892cf7bb12beb12479641fcc4c.png,B,2024-05-05 12:53:06.221729,,0,Mon 2024 05 05 12:53:06 221729 GMT+0000 (UTC),"-768,-768"
mse_low,gan_high,,0c49a5cce349020bbba2f97ae41e90ba.png,B,2024-05-05 12:53:06.221729,,0,Mon 2024 05 05 12:53:06 221729 GMT+0000 (UTC),"305,103"
gan_low,gan_med,,3140d643a1f57e80ff265507984d95a0.png,B,2024-05-05 12:53:06.221729,,0,Mon 2024 05 05 12:53:06 221729 GMT+0000 (UTC),"696,212"
gan_ratio_low,gan_high,,28d24b9c83de066597ff96a68769884f.png,B,2024-05-05 12:53:06.221729,,0,Mon 2024 05 05 12:53:06 221729 GMT+0000 (UTC),"864,521"
gan_ratio_fixed_low,gan_ratio_low,,a10ae819a2d24873079c93346200cab3.png,B,2024-05-05 12:53:06.221729,,0,Mon 2024 05 05 12:53:06 221729 GMT+0000 (UTC),"223,33"
gan_ratio_low,gan_ratio_med,,9466a908d088d32ee73f04116c40e48c.png,B,2024-05-05 12:53:06.221729,,0,Mon 2024 05 05 12:53:06 221729 GMT+0000 (UTC),"36,1116"
gan_ratio_low,gan_ratio_med,,28d24b9c83de066597ff96a68769884f.png,B,2024-05-05 12:53:06.221729,,0,Mon 2024 05 05 12:53:06 221729 GMT+0000 (UTC),"1258,329"
gan_low,gan_high,,5e5ce43575fa67fdc0dd37146d7f479e.png,B,2024-05-05 12:53:06.221729,,0,Mon 2024 05 05 12:53:06 221729 GMT+0000 (UTC),"985,623"
mse_low,gan_high,,ef576c4ed599d75d72145a8f34b58ccb.png,B,2024-05-05 12:53:06.221729,,0,Mon 2024 05 05 12:53:06 221729 GMT+0000 (UTC),"994,76"
mse_low,gan_ratio_med,,0c49a5cce349020bbba2f97ae41e90ba.png,B,2024-05-05 12:53:06.221729,,0,Mon 2024 05 05 12:53:06 221729 GMT+0000 (UTC),"719,173"
mse_low,gan_low,,7e499613c3e376ea93afb3649719abeb.png,B,2024-05-05 12:53:06.221729,,0,Mon 2024 05 05 12:53:06 221729 GMT+0000 (UTC),"747,667"
gan_ratio_med,gan_ratio_high,,aed95e005df28e790519eefb6eb1e565.png,A,2024-05-05 12:53:06.221729,,0,Mon 2024 05 05 12:53:06 221729 GMT+0000 (UTC),"33,525"
gan_ratio_med,gan_ratio_high,,d1a9be98d1936065967adac50a6fb750.png,A,2024-05-05 12:53:06.221729,,0,Mon 2024 05 05 12:53:06 221729 GMT+0000 (UTC),"161,480"
mse_low,gan_low,,22ea12c903e41583b7c469cb86040157.png,A,2024-05-05 12:53:06.221729,,0,Mon 2024 05 05 12:53:06 221729 GMT+0000 (UTC),"582,103"
gan_low,gan_ratio_med,,870516c65d81fb9267de6865964083a9.png,B,2024-05-05 12:53:06.221729,,0,Mon 2024 05 05 12:53:06 221729 GMT+0000 (UTC),"1115,418"
gan_ratio_fixed_low,gan_ratio_high,,8bb119b8ca17492392e1e3ea4b811b32.png,B,2024-05-05 12:53:06.221729,,0,Mon 2024 05 05 12:53:06 221729 GMT+0000 (UTC),"51,773"
mse_low,gan_ratio_med,,c80999cd5533e448167cd9b3ccfa2a37.png,B,2024-05-05 12:53:06.221729,,0,Mon 2024 05 05 12:53:06 221729 GMT+0000 (UTC),"1007,57"
mse_low,gan_ratio_low,,7e499613c3e376ea93afb3649719abeb.png,B,2024-05-05 12:53:06.221729,,0,Mon 2024 05 05 12:53:06 221729 GMT+0000 (UTC),"553,581"
gan_ratio_low,gan_med,,60430844748882ff66b9a5598ef06dd6.png,B,2024-05-05 12:53:06.221729,,0,Mon 2024 05 05 12:53:06 221729 GMT+0000 (UTC),"324,252"
gan_ratio_fixed_low,gan_ratio_high,,a36713f1943dac6bc74dea50cadaee6f.png,B,2024-05-05 12:53:06.221729,,0,Mon 2024 05 05 12:53:06 221729 GMT+0000 (UTC),"322,1149"
mse_low,gan_ratio_high,,0c49a5cce349020bbba2f97ae41e90ba.png,B,2024-05-05 12:53:06.221729,,0,Mon 2024 05 05 12:53:06 221729 GMT+0000 (UTC),"1007,182"
gan_ratio_fixed_low,gan_ratio_high,,2a2420f929cd47122eae364a2bc27710.png,B,2024-05-05 12:53:06.221729,,0,Mon 2024 05 05 12:53:06 221729 GMT+0000 (UTC),"1245,375"
gan_ratio_fixed_low,gan_med,,7e499613c3e376ea93afb3649719abeb.png,B,2024-05-05 12:53:06.221729,,0,Mon 2024 05 05 12:53:06 221729 GMT+0000 (UTC),"313,1256"
gan_low,gan_ratio_low,,22ea12c903e41583b7c469cb86040157.png,A,2024-05-05 12:53:06.221729,,0,Mon 2024 05 05 12:53:06 221729 GMT+0000 (UTC),"592,676"
gan_ratio_fixed_low,gan_ratio_high,,0c49a5cce349020bbba2f97ae41e90ba.png,A,2024-05-05 12:53:06.221729,,0,Mon 2024 05 05 12:53:06 221729 GMT+0000 (UTC),"771,437"
gan_ratio_med,gan_ratio_high,,0c49a5cce349020bbba2f97ae41e90ba.png,A,2024-05-05 12:53:06.221729,,0,Mon 2024 05 05 12:53:06 221729 GMT+0000 (UTC),"954,231"
gan_low,gan_ratio_high,,a10ae819a2d24873079c93346200cab3.png,B,2024-05-05 12:53:06.221729,,0,Mon 2024 05 05 12:53:06 221729 GMT+0000 (UTC),"524,1163"
gan_low,gan_ratio_high,,3140d643a1f57e80ff265507984d95a0.png,B,2024-05-05 12:53:06.221729,,0,Mon 2024 05 05 12:53:06 221729 GMT+0000 (UTC),"85,151"
gan_ratio_med,gan_high,,1e2f9d41529197f10d32bfa68a1e0bcc.png,B,2024-05-05 12:53:06.221729,,0,Mon 2024 05 05 12:53:06 221729 GMT+0000 (UTC),"379,360"
mse_low,gan_high,,100f17892cf7bb12beb12479641fcc4c.png,A,2024-05-05 12:53:06.221729,,0,Mon 2024 05 05 12:53:06 221729 GMT+0000 (UTC),"133,120"
mse_low,gan_high,,9466a908d088d32ee73f04116c40e48c.png,B,2024-05-05 12:53:06.221729,,0,Mon 2024 05 05 12:53:06 221729 GMT+0000 (UTC),"75,1023"
gan_ratio_fixed_low,gan_low,,9466a908d088d32ee73f04116c40e48c.png,A,2024-05-05 12:53:06.221729,,0,Mon 2024 05 05 12:53:06 221729 GMT+0000 (UTC),"554,437"
gan_med,gan_ratio_high,,aed95e005df28e790519eefb6eb1e565.png,A,2024-05-05 12:53:06.221729,,0,Mon 2024 05 05 12:53:06 221729 GMT+0000 (UTC),"558,181"
gan_low,gan_high,,7e499613c3e376ea93afb3649719abeb.png,B,2024-05-05 12:53:06.221729,,0,Mon 2024 05 05 12:53:06 221729 GMT+0000 (UTC),"709,921"
gan_low,gan_ratio_low,,9466a908d088d32ee73f04116c40e48c.png,A,2024-05-05 12:53:06.221729,,0,Mon 2024 05 05 12:53:06 221729 GMT+0000 (UTC),"389,1249"
gan_high,gan_ratio_high,,afe3676bbfcf7183d697ff7b5d5bd45b.png,B,2024-05-05 12:53:06.221729,,0,Mon 2024 05 05 12:53:06 221729 GMT+0000 (UTC),"831,579"
gan_med,gan_ratio_high,,c80999cd5533e448167cd9b3ccfa2a37.png,B,2024-05-05 12:53:06.221729,,0,Mon 2024 05 05 12:53:06 221729 GMT+0000 (UTC),"209,78"
gan_ratio_low,gan_med,,b939ac34faa94b5d0e753d570edc7048.png,B,2024-05-05 12:53:06.221729,,0,Mon 2024 05 05 12:53:06 221729 GMT+0000 (UTC),"1276,75"
gan_ratio_low,gan_high,,ddcd24d99f48eaa369207882a6f37831.png,B,2024-05-05 12:53:06.221729,,0,Mon 2024 05 05 12:53:06 221729 GMT+0000 (UTC),"1051,590"
gan_ratio_low,gan_ratio_med,,4cd6910a0b7b39365fda5df87618d091.png,B,2024-05-05 12:53:06.221729,,0,Mon 2024 05 05 12:53:06 221729 GMT+0000 (UTC),"1200,252"
gan_ratio_fixed_low,gan_high,,3140d643a1f57e80ff265507984d95a0.png,B,2024-05-05 12:53:06.221729,,0,Mon 2024 05 05 12:53:06 221729 GMT+0000 (UTC),"1207,48"
gan_ratio_fixed_low,gan_high,,0c49a5cce349020bbba2f97ae41e90ba.png,B,2024-05-05 12:53:06.221729,,0,Mon 2024 05 05 12:53:06 221729 GMT+0000 (UTC),"282,143"
gan_ratio_low,gan_ratio_med,,60430844748882ff66b9a5598ef06dd6.png,B,2024-05-05 12:53:06.221729,,0,Mon 2024 05 05 12:53:06 221729 GMT+0000 (UTC),"55,1134"
gan_med,gan_ratio_high,,2c1f84548ef99faec2b4f9bf12227c83.png,B,2024-05-05 12:53:06.221729,,0,Mon 2024 05 05 12:53:06 221729 GMT+0000 (UTC),"255,25"
gan_ratio_low,gan_ratio_med,,7e499613c3e376ea93afb3649719abeb.png,B,2024-05-05 12:53:06.221729,,0,Mon 2024 05 05 12:53:06 221729 GMT+0000 (UTC),"491,898"
gan_ratio_fixed_low,gan_ratio_high,,afe3676bbfcf7183d697ff7b5d5bd45b.png,B,2024-05-05 12:53:06.221729,,0,Mon 2024 05 05 12:53:06 221729 GMT+0000 (UTC),"877,231"
gan_ratio_fixed_low,gan_ratio_low,,14ab4af28901fbeb1356b06d2d08ae06.png,B,2024-05-05 12:53:06.221729,,0,Mon 2024 05 05 12:53:06 221729 GMT+0000 (UTC),"312,400"
gan_low,gan_ratio_med,,14ab4af28901fbeb1356b06d2d08ae06.png,B,2024-05-05 12:53:06.221729,,0,Mon 2024 05 05 12:53:06 221729 GMT+0000 (UTC),"213,412"
gan_med,gan_high,,14ab4af28901fbeb1356b06d2d08ae06.png,B,2024-05-05 12:53:06.221729,,0,Mon 2024 05 05 12:53:06 221729 GMT+0000 (UTC),"157,801"
mse_low,gan_high,,a36713f1943dac6bc74dea50cadaee6f.png,B,2024-05-05 12:53:06.221729,,0,Mon 2024 05 05 12:53:06 221729 GMT+0000 (UTC),"92,1139"
gan_low,gan_ratio_high,,a36713f1943dac6bc74dea50cadaee6f.png,B,2024-05-05 14:40:52.538564,,0,Mon 2024 05 05 14:40:52 538564 GMT+0000 (UTC),"224,1088"
gan_ratio_med,gan_high,,5dbdb989cf026f7ab3dd7167d7fc0fe2.png,B,2024-05-05 14:40:52.538564,,0,Mon 2024 05 05 14:40:52 538564 GMT+0000 (UTC),"530,682"
gan_ratio_fixed_low,gan_high,,60430844748882ff66b9a5598ef06dd6.png,B,2024-05-05 14:40:52.538564,,0,Mon 2024 05 05 14:40:52 538564 GMT+0000 (UTC),"632,1034"
mse_low,gan_ratio_low,,4cd6910a0b7b39365fda5df87618d091.png,A,2024-05-05 14:40:52.538564,,0,Mon 2024 05 05 14:40:52 538564 GMT+0000 (UTC),"711,241"
mse_low,gan_ratio_fixed_low,,aed95e005df28e790519eefb6eb1e565.png,A,2024-05-05 14:40:52.538564,,0,Mon 2024 05 05 14:40:52 538564 GMT+0000 (UTC),"1052,329"
gan_med,gan_ratio_high,,7e499613c3e376ea93afb3649719abeb.png,B,2024-05-05 14:40:52.538564,,0,Mon 2024 05 05 14:40:52 538564 GMT+0000 (UTC),"227,874"
mse_low,gan_med,,9466a908d088d32ee73f04116c40e48c.png,B,2024-05-05 14:40:52.538564,,0,Mon 2024 05 05 14:40:52 538564 GMT+0000 (UTC),"444,1197"
gan_ratio_fixed_low,gan_ratio_low,,60430844748882ff66b9a5598ef06dd6.png,A,2024-05-05 14:40:52.538564,,0,Mon 2024 05 05 14:40:52 538564 GMT+0000 (UTC),"403,894"
gan_med,gan_ratio_high,,d1a9be98d1936065967adac50a6fb750.png,B,2024-05-05 14:40:52.538564,,0,Mon 2024 05 05 14:40:52 538564 GMT+0000 (UTC),"1144,15"
gan_ratio_fixed_low,gan_ratio_high,,0c49a5cce349020bbba2f97ae41e90ba.png,B,2024-05-05 14:40:52.538564,,0,Mon 2024 05 05 14:40:52 538564 GMT+0000 (UTC),"817,175"
gan_ratio_fixed_low,gan_med,,60430844748882ff66b9a5598ef06dd6.png,B,2024-05-05 14:40:52.538564,,0,Mon 2024 05 05 14:40:52 538564 GMT+0000 (UTC),"141,639"
mse_low,gan_med,,22ea12c903e41583b7c469cb86040157.png,B,2024-05-05 14:40:52.538564,,0,Mon 2024 05 05 14:40:52 538564 GMT+0000 (UTC),"758,806"
mse_low,gan_ratio_fixed_low,,1e2f9d41529197f10d32bfa68a1e0bcc.png,A,2024-05-05 14:40:52.538564,,0,Mon 2024 05 05 14:40:52 538564 GMT+0000 (UTC),"191,559"
gan_ratio_fixed_low,gan_ratio_high,,870516c65d81fb9267de6865964083a9.png,B,2024-05-05 14:40:52.538564,,0,Mon 2024 05 05 14:40:52 538564 GMT+0000 (UTC),"193,476"
gan_ratio_low,gan_ratio_med,,22ea12c903e41583b7c469cb86040157.png,B,2024-05-05 14:40:52.538564,,0,Mon 2024 05 05 14:40:52 538564 GMT+0000 (UTC),"50,1242"
gan_ratio_med,gan_high,,ef576c4ed599d75d72145a8f34b58ccb.png,B,2024-05-05 14:40:52.538564,,0,Mon 2024 05 05 14:40:52 538564 GMT+0000 (UTC),"859,15"
mse_low,gan_ratio_med,,22ea12c903e41583b7c469cb86040157.png,B,2024-05-05 14:40:52.538564,,0,Mon 2024 05 05 14:40:52 538564 GMT+0000 (UTC),"421,1262"
gan_ratio_low,gan_high,,b51d5fb537246482ef7a7ab63f093cab.png,B,2024-05-05 14:40:52.538564,,0,Mon 2024 05 05 14:40:52 538564 GMT+0000 (UTC),"1126,200"
mse_low,gan_ratio_med,,ddcd24d99f48eaa369207882a6f37831.png,B,2024-05-05 14:40:52.538564,,0,Mon 2024 05 05 14:40:52 538564 GMT+0000 (UTC),"995,313"
mse_low,gan_ratio_med,,100a02c269c5948392f283b2aa3bb4da.png,B,2024-05-05 14:40:52.538564,,0,Mon 2024 05 05 14:40:52 538564 GMT+0000 (UTC),"114,340"
gan_low,gan_high,,2c1f84548ef99faec2b4f9bf12227c83.png,B,2024-05-05 14:40:52.538564,,0,Mon 2024 05 05 14:40:52 538564 GMT+0000 (UTC),"540,825"
gan_low,gan_ratio_low,,9466a908d088d32ee73f04116c40e48c.png,A,2024-05-05 14:40:52.538564,,0,Mon 2024 05 05 14:40:52 538564 GMT+0000 (UTC),"580,1181"
mse_low,gan_ratio_med,,d79d465ac77c36518e0f0d626bf97ec4.png,B,2024-05-05 14:40:52.538564,,0,Mon 2024 05 05 14:40:52 538564 GMT+0000 (UTC),"120,303"
mse_low,gan_low,,11f2b039b293758398b1a7a8afa64bb2.png,B,2024-05-05 14:40:52.538564,,0,Mon 2024 05 05 14:40:52 538564 GMT+0000 (UTC),"113,1118"
gan_ratio_fixed_low,gan_low,,9466a908d088d32ee73f04116c40e48c.png,B,2024-05-05 14:40:52.538564,,0,Mon 2024 05 05 14:40:52 538564 GMT+0000 (UTC),"520,515"
gan_low,gan_ratio_high,,2a2420f929cd47122eae364a2bc27710.png,B,2024-05-05 14:40:52.538564,,0,Mon 2024 05 05 14:40:52 538564 GMT+0000 (UTC),"54,129"
gan_ratio_fixed_low,gan_high,,d1a9be98d1936065967adac50a6fb750.png,B,2024-05-05 14:40:52.538564,,0,Mon 2024 05 05 14:40:52 538564 GMT+0000 (UTC),"1222,289"
gan_med,gan_ratio_med,,0c49a5cce349020bbba2f97ae41e90ba.png,A,2024-05-05 14:40:52.538564,,0,Mon 2024 05 05 14:40:52 538564 GMT+0000 (UTC),"388,196"
gan_ratio_med,gan_ratio_high,,c80999cd5533e448167cd9b3ccfa2a37.png,B,2024-05-05 14:40:52.538564,,0,Mon 2024 05 05 14:40:52 538564 GMT+0000 (UTC),"233,22"
gan_ratio_med,gan_high,,4cd6910a0b7b39365fda5df87618d091.png,B,2024-05-05 14:40:52.538564,,0,Mon 2024 05 05 14:40:52 538564 GMT+0000 (UTC),"1033,35"
gan_low,gan_med,,8bb119b8ca17492392e1e3ea4b811b32.png,B,2024-05-05 14:40:52.538564,,0,Mon 2024 05 05 14:40:52 538564 GMT+0000 (UTC),"456,672"
gan_ratio_low,gan_ratio_med,,8bb119b8ca17492392e1e3ea4b811b32.png,B,2024-05-05 14:40:52.538564,,0,Mon 2024 05 05 14:40:52 538564 GMT+0000 (UTC),"50,1097"
gan_high,gan_ratio_high,,a10ae819a2d24873079c93346200cab3.png,B,2024-05-05 14:40:52.538564,,0,Mon 2024 05 05 14:40:52 538564 GMT+0000 (UTC),"128,1020"
mse_low,gan_med,,60430844748882ff66b9a5598ef06dd6.png,B,2024-05-05 14:40:52.538564,,0,Mon 2024 05 05 14:40:52 538564 GMT+0000 (UTC),"348,306"
gan_low,gan_high,,ef576c4ed599d75d72145a8f34b58ccb.png,B,2024-05-05 14:40:52.538564,,0,Mon 2024 05 05 14:40:52 538564 GMT+0000 (UTC),"868,138"
mse_low,gan_ratio_fixed_low,,100f17892cf7bb12beb12479641fcc4c.png,B,2024-05-05 14:40:52.538564,,0,Mon 2024 05 05 14:40:52 538564 GMT+0000 (UTC),"280,585"
gan_ratio_fixed_low,gan_med,,2a2420f929cd47122eae364a2bc27710.png,B,2024-05-05 14:40:52.538564,,0,Mon 2024 05 05 14:40:52 538564 GMT+0000 (UTC),"274,125"
gan_ratio_fixed_low,gan_ratio_low,,2a2420f929cd47122eae364a2bc27710.png,A,2024-05-05 14:40:52.538564,,0,Mon 2024 05 05 14:40:52 538564 GMT+0000 (UTC),"964,431"
gan_ratio_fixed_low,gan_high,,22ea12c903e41583b7c469cb86040157.png,B,2024-05-05 14:40:52.538564,,0,Mon 2024 05 05 14:40:52 538564 GMT+0000 (UTC),"834,477"
gan_ratio_fixed_low,gan_ratio_low,,14ab4af28901fbeb1356b06d2d08ae06.png,A,2024-05-05 14:40:52.538564,,0,Mon 2024 05 05 14:40:52 538564 GMT+0000 (UTC),"248,50"
gan_ratio_fixed_low,gan_ratio_low,,8bb119b8ca17492392e1e3ea4b811b32.png,A,2024-05-05 14:40:52.538564,,0,Mon 2024 05 05 14:40:52 538564 GMT+0000 (UTC),"446,98"
gan_ratio_low,gan_med,,60430844748882ff66b9a5598ef06dd6.png,B,2024-05-05 14:40:52.538564,,0,Mon 2024 05 05 14:40:52 538564 GMT+0000 (UTC),"167,395"
mse_low,gan_high,,a36713f1943dac6bc74dea50cadaee6f.png,B,2024-05-05 14:40:52.538564,,0,Mon 2024 05 05 14:40:52 538564 GMT+0000 (UTC),"56,641"
mse_low,gan_ratio_high,,ddcd24d99f48eaa369207882a6f37831.png,B,2024-05-05 14:40:52.538564,,0,Mon 2024 05 05 14:40:52 538564 GMT+0000 (UTC),"644,203"
gan_ratio_low,gan_high,,c80999cd5533e448167cd9b3ccfa2a37.png,B,2024-05-05 14:40:52.538564,,0,Mon 2024 05 05 14:40:52 538564 GMT+0000 (UTC),"449,96"
mse_low,gan_low,,2c1f84548ef99faec2b4f9bf12227c83.png,B,2024-05-05 14:40:52.538564,,0,Mon 2024 05 05 14:40:52 538564 GMT+0000 (UTC),"79,449"
mse_low,gan_ratio_low,,d1a9be98d1936065967adac50a6fb750.png,B,2024-05-05 14:40:52.538564,,0,Mon 2024 05 05 14:40:52 538564 GMT+0000 (UTC),"837,489"
gan_low,gan_ratio_low,,1e2f9d41529197f10d32bfa68a1e0bcc.png,B,2024-05-05 14:40:52.538564,,0,Mon 2024 05 05 14:40:52 538564 GMT+0000 (UTC),"155,78"
mse_low,gan_low,,afe3676bbfcf7183d697ff7b5d5bd45b.png,B,2024-05-05 14:40:52.538564,,0,Mon 2024 05 05 14:40:52 538564 GMT+0000 (UTC),"764,338"
mse_low,gan_ratio_fixed_low,,c80999cd5533e448167cd9b3ccfa2a37.png,A,2024-05-05 14:40:52.538564,,0,Mon 2024 05 05 14:40:52 538564 GMT+0000 (UTC),"1220,79"
gan_ratio_low,gan_high,,2a2420f929cd47122eae364a2bc27710.png,A,2024-05-05 16:47:51.876982,,0,Mon 2024 05 05 16:47:51 876982 GMT+0000 (UTC),"224,0"
mse_low,gan_low,,4cd6910a0b7b39365fda5df87618d091.png,B,2024-05-05 16:47:51.876982,,0,Mon 2024 05 05 16:47:51 876982 GMT+0000 (UTC),"320,0"
gan_ratio_low,gan_high,,2c1f84548ef99faec2b4f9bf12227c83.png,B,2024-05-05 16:47:51.876982,,0,Mon 2024 05 05 16:47:51 876982 GMT+0000 (UTC),"276,479"
gan_ratio_low,gan_ratio_med,,1e2f9d41529197f10d32bfa68a1e0bcc.png,A,2024-05-05 16:47:51.876982,,0,Mon 2024 05 05 16:47:51 876982 GMT+0000 (UTC),"929,32"
gan_ratio_med,gan_high,,c80999cd5533e448167cd9b3ccfa2a37.png,B,2024-05-05 16:47:51.876982,,0,Mon 2024 05 05 16:47:51 876982 GMT+0000 (UTC),"928,71"
gan_low,gan_ratio_low,,a36713f1943dac6bc74dea50cadaee6f.png,B,2024-05-05 16:47:51.876982,,0,Mon 2024 05 05 16:47:51 876982 GMT+0000 (UTC),"361,544"
gan_ratio_fixed_low,gan_ratio_med,,4a18abf66d65ad1a95ce455c8b6cd8de.png,B,2024-05-05 16:47:51.876982,,0,Mon 2024 05 05 16:47:51 876982 GMT+0000 (UTC),"128,800"
mse_low,gan_ratio_med,,870516c65d81fb9267de6865964083a9.png,B,2024-05-05 16:47:51.876982,,0,Mon 2024 05 05 16:47:51 876982 GMT+0000 (UTC),"224,448"
gan_ratio_fixed_low,gan_ratio_high,,7e499613c3e376ea93afb3649719abeb.png,A,2024-05-05 16:47:51.876982,,0,Mon 2024 05 05 16:47:51 876982 GMT+0000 (UTC),"447,674"
gan_ratio_low,gan_med,,28d24b9c83de066597ff96a68769884f.png,B,2024-05-05 16:47:51.876982,,0,Mon 2024 05 05 16:47:51 876982 GMT+0000 (UTC),"997,17"
mse_low,gan_ratio_high,,a10ae819a2d24873079c93346200cab3.png,B,2024-05-05 16:47:51.876982,,0,Mon 2024 05 05 16:47:51 876982 GMT+0000 (UTC),"448,630"
gan_ratio_low,gan_ratio_med,,28d24b9c83de066597ff96a68769884f.png,B,2024-05-05 16:47:51.876982,,0,Mon 2024 05 05 16:47:51 876982 GMT+0000 (UTC),"961,41"
gan_ratio_low,gan_med,,a36713f1943dac6bc74dea50cadaee6f.png,B,2024-05-05 16:47:51.876982,,0,Mon 2024 05 05 16:47:51 876982 GMT+0000 (UTC),"597,736"
gan_ratio_fixed_low,gan_ratio_high,,5e5ce43575fa67fdc0dd37146d7f479e.png,B,2024-05-05 16:47:51.876982,,0,Mon 2024 05 05 16:47:51 876982 GMT+0000 (UTC),"640,631"
gan_ratio_fixed_low,gan_low,,097cb426910ba8ce2525dd8bb7fb1777.png,A,2024-05-05 16:47:51.876982,,0,Mon 2024 05 05 16:47:51 876982 GMT+0000 (UTC),"184,187"
gan_ratio_fixed_low,gan_ratio_low,,8bb119b8ca17492392e1e3ea4b811b32.png,A,2024-05-05 16:47:51.876982,,0,Mon 2024 05 05 16:47:51 876982 GMT+0000 (UTC),"244,610"
mse_low,gan_med,,afe3676bbfcf7183d697ff7b5d5bd45b.png,A,2024-05-05 16:47:51.876982,,0,Mon 2024 05 05 16:47:51 876982 GMT+0000 (UTC),"704,213"
mse_low,gan_med,,d1a9be98d1936065967adac50a6fb750.png,B,2024-05-05 16:47:51.876982,,0,Mon 2024 05 05 16:47:51 876982 GMT+0000 (UTC),"282,32"
gan_ratio_low,gan_high,,22ea12c903e41583b7c469cb86040157.png,B,2024-05-05 16:47:51.876982,,0,Mon 2024 05 05 16:47:51 876982 GMT+0000 (UTC),"0,563"
gan_ratio_fixed_low,gan_high,,3140d643a1f57e80ff265507984d95a0.png,A,2024-05-05 16:47:51.876982,,0,Mon 2024 05 05 16:47:51 876982 GMT+0000 (UTC),"736,384"
gan_ratio_fixed_low,gan_ratio_high,,afe3676bbfcf7183d697ff7b5d5bd45b.png,A,2024-05-05 16:47:51.876982,,0,Mon 2024 05 05 16:47:51 876982 GMT+0000 (UTC),"416,149"
gan_low,gan_high,,d79d465ac77c36518e0f0d626bf97ec4.png,B,2024-05-05 16:47:51.876982,,0,Mon 2024 05 05 16:47:51 876982 GMT+0000 (UTC),"422,480"
gan_low,gan_high,,1e2f9d41529197f10d32bfa68a1e0bcc.png,B,2024-05-05 16:47:51.876982,,0,Mon 2024 05 05 16:47:51 876982 GMT+0000 (UTC),"1120,320"
mse_low,gan_high,,11f2b039b293758398b1a7a8afa64bb2.png,A,2024-05-05 16:47:51.876982,,0,Mon 2024 05 05 16:47:51 876982 GMT+0000 (UTC),"287,377"
mse_low,gan_low,,d79d465ac77c36518e0f0d626bf97ec4.png,A,2024-05-05 16:47:51.876982,,0,Mon 2024 05 05 16:47:51 876982 GMT+0000 (UTC),"436,480"
mse_low,gan_high,,aed95e005df28e790519eefb6eb1e565.png,A,2024-05-05 16:47:51.876982,,0,Mon 2024 05 05 16:47:51 876982 GMT+0000 (UTC),"735,350"
gan_ratio_fixed_low,gan_ratio_low,,0c49a5cce349020bbba2f97ae41e90ba.png,B,2024-05-05 16:47:51.876982,,0,Mon 2024 05 05 16:47:51 876982 GMT+0000 (UTC),"234,224"
gan_ratio_fixed_low,gan_ratio_med,,afe3676bbfcf7183d697ff7b5d5bd45b.png,A,2024-05-05 16:47:51.876982,,0,Mon 2024 05 05 16:47:51 876982 GMT+0000 (UTC),"352,339"
gan_ratio_low,gan_ratio_high,,14ab4af28901fbeb1356b06d2d08ae06.png,A,2024-05-05 16:47:51.876982,,0,Mon 2024 05 05 16:47:51 876982 GMT+0000 (UTC),"308,548"
mse_low,gan_ratio_fixed_low,,100f17892cf7bb12beb12479641fcc4c.png,A,2024-05-05 16:47:51.876982,,0,Mon 2024 05 05 16:47:51 876982 GMT+0000 (UTC),"311,525"
gan_ratio_low,gan_ratio_med,,b51d5fb537246482ef7a7ab63f093cab.png,B,2024-05-05 16:47:51.876982,,0,Mon 2024 05 05 16:47:51 876982 GMT+0000 (UTC),"576,128"
mse_low,gan_low,,c80999cd5533e448167cd9b3ccfa2a37.png,B,2024-05-05 16:47:51.876982,,0,Mon 2024 05 05 16:47:51 876982 GMT+0000 (UTC),"1280,0"
mse_low,gan_high,,9466a908d088d32ee73f04116c40e48c.png,B,2024-05-05 16:47:51.876982,,0,Mon 2024 05 05 16:47:51 876982 GMT+0000 (UTC),"252,434"
gan_ratio_fixed_low,gan_ratio_high,,2c1f84548ef99faec2b4f9bf12227c83.png,A,2024-05-05 16:47:51.876982,,0,Mon 2024 05 05 16:47:51 876982 GMT+0000 (UTC),"344,523"
gan_ratio_fixed_low,gan_ratio_low,,4cd6910a0b7b39365fda5df87618d091.png,B,2024-05-05 16:47:51.876982,,0,Mon 2024 05 05 16:47:51 876982 GMT+0000 (UTC),"352,126"
mse_low,gan_low,,22ea12c903e41583b7c469cb86040157.png,A,2024-05-05 16:47:51.876982,,0,Mon 2024 05 05 16:47:51 876982 GMT+0000 (UTC),"256,579"
gan_ratio_low,gan_ratio_high,,28d24b9c83de066597ff96a68769884f.png,A,2024-05-05 16:47:51.876982,,0,Mon 2024 05 05 16:47:51 876982 GMT+0000 (UTC),"956,20"
gan_low,gan_ratio_low,,14ab4af28901fbeb1356b06d2d08ae06.png,B,2024-05-05 16:47:51.876982,,0,Mon 2024 05 05 16:47:51 876982 GMT+0000 (UTC),"326,524"
gan_low,gan_high,,4a18abf66d65ad1a95ce455c8b6cd8de.png,B,2024-05-05 16:47:51.876982,,0,Mon 2024 05 05 16:47:51 876982 GMT+0000 (UTC),"96,818"
gan_ratio_low,gan_high,,b51d5fb537246482ef7a7ab63f093cab.png,B,2024-05-05 16:47:51.876982,,0,Mon 2024 05 05 16:47:51 876982 GMT+0000 (UTC),"664,107"
gan_high,gan_ratio_high,,ddcd24d99f48eaa369207882a6f37831.png,A,2024-05-05 16:47:51.876982,,0,Mon 2024 05 05 16:47:51 876982 GMT+0000 (UTC),"672,330"
gan_ratio_low,gan_med,,5dbdb989cf026f7ab3dd7167d7fc0fe2.png,B,2024-05-05 16:47:51.876982,,0,Mon 2024 05 05 16:47:51 876982 GMT+0000 (UTC),"96,1152"
gan_low,gan_high,,b51d5fb537246482ef7a7ab63f093cab.png,A,2024-05-05 16:47:51.876982,,0,Mon 2024 05 05 16:47:51 876982 GMT+0000 (UTC),"571,149"
mse_low,gan_low,,afe3676bbfcf7183d697ff7b5d5bd45b.png,B,2024-05-05 16:47:51.876982,,0,Mon 2024 05 05 16:47:51 876982 GMT+0000 (UTC),"1248,64"
gan_med,gan_ratio_high,,11f2b039b293758398b1a7a8afa64bb2.png,B,2024-05-05 16:47:51.876982,,0,Mon 2024 05 05 16:47:51 876982 GMT+0000 (UTC),"599,341"
gan_low,gan_ratio_med,,5dbdb989cf026f7ab3dd7167d7fc0fe2.png,A,2024-05-05 16:47:51.876982,,0,Mon 2024 05 05 16:47:51 876982 GMT+0000 (UTC),"34,1169"
gan_low,gan_ratio_med,,3140d643a1f57e80ff265507984d95a0.png,A,2024-05-05 16:47:51.876982,,0,Mon 2024 05 05 16:47:51 876982 GMT+0000 (UTC),"920,0"
gan_ratio_fixed_low,gan_low,,870516c65d81fb9267de6865964083a9.png,B,2024-05-05 16:47:51.876982,,0,Mon 2024 05 05 16:47:51 876982 GMT+0000 (UTC),"256,469"
gan_ratio_fixed_low,gan_med,,2a2420f929cd47122eae364a2bc27710.png,B,2024-05-05 16:47:51.876982,,0,Mon 2024 05 05 16:47:51 876982 GMT+0000 (UTC),"521,235"
mse_low,gan_med,,d79d465ac77c36518e0f0d626bf97ec4.png,B,2024-05-05 16:47:51.876982,,0,Mon 2024 05 05 16:47:51 876982 GMT+0000 (UTC),"338,630"
gan_ratio_fixed_low,gan_ratio_high,,097cb426910ba8ce2525dd8bb7fb1777.png,A,2024-05-05 17:33:15.923174,,0,Mon 2024 05 05 17:33:15 923174 GMT+0000 (UTC),"352,234"
mse_low,gan_med,,5e5ce43575fa67fdc0dd37146d7f479e.png,B,2024-05-05 17:33:15.923174,,0,Mon 2024 05 05 17:33:15 923174 GMT+0000 (UTC),"482,791"
gan_low,gan_ratio_med,,4a18abf66d65ad1a95ce455c8b6cd8de.png,A,2024-05-05 17:33:15.923174,,0,Mon 2024 05 05 17:33:15 923174 GMT+0000 (UTC),"101,324"
mse_low,gan_ratio_high,,7e499613c3e376ea93afb3649719abeb.png,B,2024-05-05 17:33:15.923174,,0,Mon 2024 05 05 17:33:15 923174 GMT+0000 (UTC),"433,182"
gan_ratio_fixed_low,gan_low,,4a18abf66d65ad1a95ce455c8b6cd8de.png,A,2024-05-05 17:33:15.923174,,0,Mon 2024 05 05 17:33:15 923174 GMT+0000 (UTC),"13,1280"
gan_ratio_fixed_low,gan_ratio_low,,3140d643a1f57e80ff265507984d95a0.png,A,2024-05-05 17:33:15.923174,,0,Mon 2024 05 05 17:33:15 923174 GMT+0000 (UTC),"1234,275"
mse_low,gan_low,,0c49a5cce349020bbba2f97ae41e90ba.png,A,2024-05-05 17:33:15.923174,,0,Mon 2024 05 05 17:33:15 923174 GMT+0000 (UTC),"1066,226"
mse_low,gan_ratio_med,,d79d465ac77c36518e0f0d626bf97ec4.png,B,2024-05-05 17:33:15.923174,,0,Mon 2024 05 05 17:33:15 923174 GMT+0000 (UTC),"229,353"
gan_low,gan_ratio_med,,a36713f1943dac6bc74dea50cadaee6f.png,B,2024-05-05 17:33:15.923174,,0,Mon 2024 05 05 17:33:15 923174 GMT+0000 (UTC),"191,191"
mse_low,gan_ratio_high,,3140d643a1f57e80ff265507984d95a0.png,B,2024-05-05 17:33:15.923174,,0,Mon 2024 05 05 17:33:15 923174 GMT+0000 (UTC),"1188,182"
gan_ratio_fixed_low,gan_ratio_low,,ddcd24d99f48eaa369207882a6f37831.png,A,2024-05-05 17:33:15.923174,,0,Mon 2024 05 05 17:33:15 923174 GMT+0000 (UTC),"1043,455"
gan_high,gan_ratio_high,,22ea12c903e41583b7c469cb86040157.png,A,2024-05-05 17:33:15.923174,,0,Mon 2024 05 05 17:33:15 923174 GMT+0000 (UTC),"851,583"
gan_high,gan_ratio_high,,1e2f9d41529197f10d32bfa68a1e0bcc.png,B,2024-05-05 17:33:15.923174,,0,Mon 2024 05 05 17:33:15 923174 GMT+0000 (UTC),"1170,347"
gan_ratio_fixed_low,gan_ratio_high,,b51d5fb537246482ef7a7ab63f093cab.png,A,2024-05-05 17:33:15.923174,,0,Mon 2024 05 05 17:33:15 923174 GMT+0000 (UTC),"1057,137"
gan_ratio_fixed_low,gan_ratio_med,,4cd6910a0b7b39365fda5df87618d091.png,B,2024-05-05 17:33:15.923174,,0,Mon 2024 05 05 17:33:15 923174 GMT+0000 (UTC),"256,0"
gan_ratio_low,gan_ratio_high,,4cd6910a0b7b39365fda5df87618d091.png,B,2024-05-05 17:33:15.923174,,0,Mon 2024 05 05 17:33:15 923174 GMT+0000 (UTC),"706,31"
mse_low,gan_ratio_low,,d1a9be98d1936065967adac50a6fb750.png,A,2024-05-05 17:33:15.923174,,0,Mon 2024 05 05 17:33:15 923174 GMT+0000 (UTC),"469,0"
gan_med,gan_high,,5dbdb989cf026f7ab3dd7167d7fc0fe2.png,B,2024-05-05 17:33:15.923174,,0,Mon 2024 05 05 17:33:15 923174 GMT+0000 (UTC),"251,597"
gan_ratio_low,gan_ratio_med,,2c1f84548ef99faec2b4f9bf12227c83.png,A,2024-05-05 17:33:15.923174,,0,Mon 2024 05 05 17:33:15 923174 GMT+0000 (UTC),"366,398"
gan_low,gan_ratio_med,,0c49a5cce349020bbba2f97ae41e90ba.png,B,2024-05-05 17:33:15.923174,,0,Mon 2024 05 05 17:33:15 923174 GMT+0000 (UTC),"692,167"
gan_med,gan_high,,8bb119b8ca17492392e1e3ea4b811b32.png,B,2024-05-05 17:33:15.923174,,0,Mon 2024 05 05 17:33:15 923174 GMT+0000 (UTC),"32,1174"
gan_ratio_fixed_low,gan_high,,2a2420f929cd47122eae364a2bc27710.png,B,2024-05-05 17:33:15.923174,,0,Mon 2024 05 05 17:33:15 923174 GMT+0000 (UTC),"1119,477"
gan_ratio_fixed_low,gan_med,,4a18abf66d65ad1a95ce455c8b6cd8de.png,A,2024-05-05 17:33:15.923174,,0,Mon 2024 05 05 17:33:15 923174 GMT+0000 (UTC),"48,568"
gan_ratio_fixed_low,gan_ratio_high,,5dbdb989cf026f7ab3dd7167d7fc0fe2.png,A,2024-05-05 17:33:15.923174,,0,Mon 2024 05 05 17:33:15 923174 GMT+0000 (UTC),"529,157"
mse_low,gan_high,,100f17892cf7bb12beb12479641fcc4c.png,B,2024-05-05 17:33:15.923174,,0,Mon 2024 05 05 17:33:15 923174 GMT+0000 (UTC),"122,995"
gan_low,gan_high,,a36713f1943dac6bc74dea50cadaee6f.png,B,2024-05-05 17:33:15.923174,,0,Mon 2024 05 05 17:33:15 923174 GMT+0000 (UTC),"554,630"
gan_ratio_low,gan_ratio_med,,2a2420f929cd47122eae364a2bc27710.png,A,2024-05-05 17:33:15.923174,,0,Mon 2024 05 05 17:33:15 923174 GMT+0000 (UTC),"1223,65"
gan_high,gan_ratio_high,,a10ae819a2d24873079c93346200cab3.png,B,2024-05-05 17:33:15.923174,,0,Mon 2024 05 05 17:33:15 923174 GMT+0000 (UTC),"184,604"
gan_ratio_fixed_low,gan_low,,28d24b9c83de066597ff96a68769884f.png,B,2024-05-05 17:33:15.923174,,0,Mon 2024 05 05 17:33:15 923174 GMT+0000 (UTC),"1087,390"
mse_low,gan_ratio_low,,4cd6910a0b7b39365fda5df87618d091.png,A,2024-05-05 17:33:15.923174,,0,Mon 2024 05 05 17:33:15 923174 GMT+0000 (UTC),"591,27"
mse_low,gan_ratio_med,,22ea12c903e41583b7c469cb86040157.png,B,2024-05-05 17:33:15.923174,,0,Mon 2024 05 05 17:33:15 923174 GMT+0000 (UTC),"731,9"
gan_low,gan_ratio_med,,b51d5fb537246482ef7a7ab63f093cab.png,A,2024-05-05 17:33:15.923174,,0,Mon 2024 05 05 17:33:15 923174 GMT+0000 (UTC),"266,23"
mse_low,gan_high,,5dbdb989cf026f7ab3dd7167d7fc0fe2.png,B,2024-05-05 17:33:15.923174,,0,Mon 2024 05 05 17:33:15 923174 GMT+0000 (UTC),"275,101"
gan_ratio_med,gan_ratio_high,,100a02c269c5948392f283b2aa3bb4da.png,A,2024-05-05 17:33:15.923174,,0,Mon 2024 05 05 17:33:15 923174 GMT+0000 (UTC),"302,106"
gan_low,gan_ratio_med,,8bb119b8ca17492392e1e3ea4b811b32.png,B,2024-05-05 17:33:15.923174,,0,Mon 2024 05 05 17:33:15 923174 GMT+0000 (UTC),"425,312"
gan_ratio_med,gan_high,,aed95e005df28e790519eefb6eb1e565.png,A,2024-05-05 17:33:15.923174,,0,Mon 2024 05 05 17:33:15 923174 GMT+0000 (UTC),"1081,393"
gan_ratio_fixed_low,gan_med,,3140d643a1f57e80ff265507984d95a0.png,B,2024-05-05 17:33:15.923174,,0,Mon 2024 05 05 17:33:15 923174 GMT+0000 (UTC),"837,95"
gan_med,gan_ratio_high,,aed95e005df28e790519eefb6eb1e565.png,A,2024-05-05 17:33:15.923174,,0,Mon 2024 05 05 17:33:15 923174 GMT+0000 (UTC),"350,426"
gan_low,gan_med,,097cb426910ba8ce2525dd8bb7fb1777.png,A,2024-05-05 17:33:15.923174,,0,Mon 2024 05 05 17:33:15 923174 GMT+0000 (UTC),"197,405"
mse_low,gan_low,,1e2f9d41529197f10d32bfa68a1e0bcc.png,B,2024-05-05 17:33:15.923174,,0,Mon 2024 05 05 17:33:15 923174 GMT+0000 (UTC),"348,0"
gan_low,gan_med,,60430844748882ff66b9a5598ef06dd6.png,A,2024-05-05 17:33:15.923174,,0,Mon 2024 05 05 17:33:15 923174 GMT+0000 (UTC),"45,1171"
gan_med,gan_ratio_high,,4cd6910a0b7b39365fda5df87618d091.png,B,2024-05-05 17:33:15.923174,,0,Mon 2024 05 05 17:33:15 923174 GMT+0000 (UTC),"314,169"
mse_low,gan_high,,afe3676bbfcf7183d697ff7b5d5bd45b.png,B,2024-05-05 17:33:15.923174,,0,Mon 2024 05 05 17:33:15 923174 GMT+0000 (UTC),"6,200"
gan_ratio_low,gan_ratio_high,,0c49a5cce349020bbba2f97ae41e90ba.png,A,2024-05-05 17:33:15.923174,,0,Mon 2024 05 05 17:33:15 923174 GMT+0000 (UTC),"624,559"
gan_ratio_fixed_low,gan_ratio_low,,a10ae819a2d24873079c93346200cab3.png,B,2024-05-05 17:33:15.923174,,0,Mon 2024 05 05 17:33:15 923174 GMT+0000 (UTC),"46,824"
gan_ratio_fixed_low,gan_med,,0c49a5cce349020bbba2f97ae41e90ba.png,B,2024-05-05 17:33:15.923174,,0,Mon 2024 05 05 17:33:15 923174 GMT+0000 (UTC),"183,529"
mse_low,gan_ratio_med,,a36713f1943dac6bc74dea50cadaee6f.png,B,2024-05-05 17:33:15.923174,,0,Mon 2024 05 05 17:33:15 923174 GMT+0000 (UTC),"430,688"
gan_high,gan_ratio_high,,ef576c4ed599d75d72145a8f34b58ccb.png,B,2024-05-05 17:33:15.923174,,0,Mon 2024 05 05 17:33:15 923174 GMT+0000 (UTC),"85,225"
mse_low,gan_high,,2a2420f929cd47122eae364a2bc27710.png,B,2024-05-05 17:33:15.923174,,0,Mon 2024 05 05 17:33:15 923174 GMT+0000 (UTC),"907,321"
gan_ratio_low,gan_ratio_med,,8bb119b8ca17492392e1e3ea4b811b32.png,B,2024-05-05 17:33:15.923174,,0,Mon 2024 05 05 17:33:15 923174 GMT+0000 (UTC),"147,173"
mse_low,gan_low,,9466a908d088d32ee73f04116c40e48c.png,B,2024-05-05 18:21:18.380823,,0,Mon 2024 05 05 18:21:18 380823 GMT+0000 (UTC),"290,661"
gan_low,gan_med,,c80999cd5533e448167cd9b3ccfa2a37.png,B,2024-05-05 18:24:46.260751,,0,Mon 2024 05 05 18:24:46 260751 GMT+0000 (UTC),"1280,0"
gan_ratio_low,gan_med,,5dbdb989cf026f7ab3dd7167d7fc0fe2.png,B,2024-05-05 18:24:46.260751,,0,Mon 2024 05 05 18:24:46 260751 GMT+0000 (UTC),"597,1280"
gan_ratio_fixed_low,gan_high,,0c49a5cce349020bbba2f97ae41e90ba.png,B,2024-05-05 18:24:46.260751,,0,Mon 2024 05 05 18:24:46 260751 GMT+0000 (UTC),"0,277"
mse_low,gan_ratio_fixed_low,,3140d643a1f57e80ff265507984d95a0.png,B,2024-05-05 18:24:46.260751,,0,Mon 2024 05 05 18:24:46 260751 GMT+0000 (UTC),"640,384"
gan_med,gan_high,,8bb119b8ca17492392e1e3ea4b811b32.png,B,2024-05-05 18:24:46.260751,,0,Mon 2024 05 05 18:24:46 260751 GMT+0000 (UTC),"597,128"
gan_med,gan_ratio_high,,b939ac34faa94b5d0e753d570edc7048.png,B,2024-05-05 18:24:46.260751,,0,Mon 2024 05 05 18:24:46 260751 GMT+0000 (UTC),"512,40"
gan_med,gan_ratio_med,,100f17892cf7bb12beb12479641fcc4c.png,A,2024-05-05 18:24:46.260751,,0,Mon 2024 05 05 18:24:46 260751 GMT+0000 (UTC),"501,608"
gan_ratio_low,gan_med,,c80999cd5533e448167cd9b3ccfa2a37.png,B,2024-05-05 18:24:46.260751,,0,Mon 2024 05 05 18:24:46 260751 GMT+0000 (UTC),"1280,0"
gan_ratio_low,gan_med,,8bb119b8ca17492392e1e3ea4b811b32.png,B,2024-05-05 18:24:46.260751,,0,Mon 2024 05 05 18:24:46 260751 GMT+0000 (UTC),"597,482"
gan_low,gan_high,,5e5ce43575fa67fdc0dd37146d7f479e.png,B,2024-05-05 18:24:46.260751,,0,Mon 2024 05 05 18:24:46 260751 GMT+0000 (UTC),"896,745"
gan_med,gan_ratio_med,,2c1f84548ef99faec2b4f9bf12227c83.png,A,2024-05-05 18:24:46.260751,,0,Mon 2024 05 05 18:24:46 260751 GMT+0000 (UTC),"0,832"
gan_med,gan_ratio_high,,4a18abf66d65ad1a95ce455c8b6cd8de.png,B,2024-05-05 18:24:46.260751,,0,Mon 2024 05 05 18:24:46 260751 GMT+0000 (UTC),"64,768"
gan_high,gan_ratio_high,,4cd6910a0b7b39365fda5df87618d091.png,A,2024-05-05 18:24:46.260751,,0,Mon 2024 05 05 18:24:46 260751 GMT+0000 (UTC),"0,160"
gan_low,gan_ratio_med,,8bb119b8ca17492392e1e3ea4b811b32.png,B,2024-05-05 18:24:46.260751,,0,Mon 2024 05 05 18:24:46 260751 GMT+0000 (UTC),"0,0"
gan_med,gan_high,,4cd6910a0b7b39365fda5df87618d091.png,A,2024-05-05 18:24:46.260751,,0,Mon 2024 05 05 18:24:46 260751 GMT+0000 (UTC),"1280,0"
mse_low,gan_med,,4cd6910a0b7b39365fda5df87618d091.png,B,2024-05-05 18:24:46.260751,,0,Mon 2024 05 05 18:24:46 260751 GMT+0000 (UTC),"702,0"
mse_low,gan_ratio_high,,5e5ce43575fa67fdc0dd37146d7f479e.png,B,2024-05-05 18:24:46.260751,,0,Mon 2024 05 05 18:24:46 260751 GMT+0000 (UTC),"271,597"
gan_ratio_low,gan_ratio_med,,2a2420f929cd47122eae364a2bc27710.png,B,2024-05-05 18:24:46.260751,,0,Mon 2024 05 05 18:24:46 260751 GMT+0000 (UTC),"672,277"
gan_ratio_low,gan_ratio_med,,b51d5fb537246482ef7a7ab63f093cab.png,B,2024-05-05 18:24:46.260751,,0,Mon 2024 05 05 18:24:46 260751 GMT+0000 (UTC),"599,218"
mse_low,gan_ratio_high,,2a2420f929cd47122eae364a2bc27710.png,B,2024-05-05 18:24:46.260751,,0,Mon 2024 05 05 18:24:46 260751 GMT+0000 (UTC),"1152,85"
gan_low,gan_ratio_med,,4cd6910a0b7b39365fda5df87618d091.png,B,2024-05-05 18:24:46.260751,,0,Mon 2024 05 05 18:24:46 260751 GMT+0000 (UTC),"1280,0"
mse_low,gan_ratio_med,,100a02c269c5948392f283b2aa3bb4da.png,B,2024-05-05 18:24:46.260751,,0,Mon 2024 05 05 18:24:46 260751 GMT+0000 (UTC),"512,373"
gan_ratio_fixed_low,gan_ratio_low,,11f2b039b293758398b1a7a8afa64bb2.png,B,2024-05-05 18:24:46.260751,,0,Mon 2024 05 05 18:24:46 260751 GMT+0000 (UTC),"230,448"
mse_low,gan_ratio_low,,22ea12c903e41583b7c469cb86040157.png,A,2024-05-05 18:24:46.260751,,0,Mon 2024 05 05 18:24:46 260751 GMT+0000 (UTC),"0,640"
gan_ratio_med,gan_ratio_high,,afe3676bbfcf7183d697ff7b5d5bd45b.png,B,2024-05-05 18:24:46.260751,,0,Mon 2024 05 05 18:24:46 260751 GMT+0000 (UTC),"864,96"
gan_ratio_low,gan_ratio_high,,2c1f84548ef99faec2b4f9bf12227c83.png,B,2024-05-05 18:24:46.260751,,0,Mon 2024 05 05 18:24:46 260751 GMT+0000 (UTC),"0,651"
gan_high,gan_ratio_high,,097cb426910ba8ce2525dd8bb7fb1777.png,B,2024-05-05 18:24:46.260751,,0,Mon 2024 05 05 18:24:46 260751 GMT+0000 (UTC),"259,288"
gan_ratio_fixed_low,gan_med,,28d24b9c83de066597ff96a68769884f.png,B,2024-05-05 18:24:46.260751,,0,Mon 2024 05 05 18:24:46 260751 GMT+0000 (UTC),"1080,134"
gan_ratio_low,gan_ratio_high,,3140d643a1f57e80ff265507984d95a0.png,B,2024-05-05 18:24:46.260751,,0,Mon 2024 05 05 18:24:46 260751 GMT+0000 (UTC),"256,384"
gan_low,gan_ratio_low,,8bb119b8ca17492392e1e3ea4b811b32.png,B,2024-05-05 18:24:46.260751,,0,Mon 2024 05 05 18:24:46 260751 GMT+0000 (UTC),"597,193"
mse_low,gan_ratio_low,,9466a908d088d32ee73f04116c40e48c.png,B,2024-05-05 18:24:46.260751,,0,Mon 2024 05 05 18:24:46 260751 GMT+0000 (UTC),"306,582"
mse_low,gan_high,,22ea12c903e41583b7c469cb86040157.png,B,2024-05-05 18:24:46.260751,,0,Mon 2024 05 05 18:24:46 260751 GMT+0000 (UTC),"0,960"
gan_ratio_fixed_low,gan_ratio_high,,11f2b039b293758398b1a7a8afa64bb2.png,B,2024-05-05 18:24:46.260751,,0,Mon 2024 05 05 18:24:46 260751 GMT+0000 (UTC),"211,468"
mse_low,gan_ratio_fixed_low,,100a02c269c5948392f283b2aa3bb4da.png,B,2024-05-05 18:24:46.260751,,0,Mon 2024 05 05 18:24:46 260751 GMT+0000 (UTC),"834,457"
mse_low,gan_low,,4a18abf66d65ad1a95ce455c8b6cd8de.png,B,2024-05-05 18:24:46.260751,,0,Mon 2024 05 05 18:24:46 260751 GMT+0000 (UTC),"340,795"
gan_low,gan_med,,2a2420f929cd47122eae364a2bc27710.png,B,2024-05-05 18:24:46.260751,,0,Mon 2024 05 05 18:24:46 260751 GMT+0000 (UTC),"789,353"
gan_ratio_fixed_low,gan_med,,9466a908d088d32ee73f04116c40e48c.png,B,2024-05-05 18:24:46.260751,,0,Mon 2024 05 05 18:24:46 260751 GMT+0000 (UTC),"120,180"
gan_ratio_fixed_low,gan_med,,2a2420f929cd47122eae364a2bc27710.png,B,2024-05-05 18:24:46.260751,,0,Mon 2024 05 05 18:24:46 260751 GMT+0000 (UTC),"1030,48"
gan_med,gan_high,,aed95e005df28e790519eefb6eb1e565.png,B,2024-05-05 18:24:46.260751,,0,Mon 2024 05 05 18:24:46 260751 GMT+0000 (UTC),"1039,599"
gan_ratio_fixed_low,gan_ratio_high,,2c1f84548ef99faec2b4f9bf12227c83.png,B,2024-05-05 18:24:46.260751,,0,Mon 2024 05 05 18:24:46 260751 GMT+0000 (UTC),"0,1044"
gan_ratio_fixed_low,gan_med,,14ab4af28901fbeb1356b06d2d08ae06.png,B,2024-05-05 18:24:46.260751,,0,Mon 2024 05 05 18:24:46 260751 GMT+0000 (UTC),"368,638"
gan_ratio_med,gan_high,,28d24b9c83de066597ff96a68769884f.png,B,2024-05-05 18:24:46.260751,,0,Mon 2024 05 05 18:24:46 260751 GMT+0000 (UTC),"1069,84"
gan_ratio_fixed_low,gan_ratio_med,,3140d643a1f57e80ff265507984d95a0.png,B,2024-05-05 18:24:46.260751,,0,Mon 2024 05 05 18:24:46 260751 GMT+0000 (UTC),"597,288"
gan_ratio_fixed_low,gan_ratio_med,,870516c65d81fb9267de6865964083a9.png,B,2024-05-05 18:24:46.260751,,0,Mon 2024 05 05 18:24:46 260751 GMT+0000 (UTC),"1152,298"
mse_low,gan_ratio_low,,ef576c4ed599d75d72145a8f34b58ccb.png,B,2024-05-05 18:24:46.260751,,0,Mon 2024 05 05 18:24:46 260751 GMT+0000 (UTC),"1280,264"
gan_ratio_fixed_low,gan_high,,b51d5fb537246482ef7a7ab63f093cab.png,B,2024-05-05 18:24:46.260751,,0,Mon 2024 05 05 18:24:46 260751 GMT+0000 (UTC),"544,159"
gan_ratio_fixed_low,gan_ratio_high,,c80999cd5533e448167cd9b3ccfa2a37.png,B,2024-05-05 18:24:46.260751,,0,Mon 2024 05 05 18:24:46 260751 GMT+0000 (UTC),"0,92"
gan_med,gan_ratio_high,,2c1f84548ef99faec2b4f9bf12227c83.png,B,2024-05-05 18:24:46.260751,,0,Mon 2024 05 05 18:24:46 260751 GMT+0000 (UTC),"129,378"
gan_low,gan_ratio_med,,11f2b039b293758398b1a7a8afa64bb2.png,B,2024-05-05 18:24:46.260751,,0,Mon 2024 05 05 18:24:46 260751 GMT+0000 (UTC),"265,601"
gan_ratio_fixed_low,gan_med,,ef576c4ed599d75d72145a8f34b58ccb.png,B,2024-05-05 18:24:46.260751,,0,Mon 2024 05 05 18:24:46 260751 GMT+0000 (UTC),"316,142"
mse_low,gan_med,,28d24b9c83de066597ff96a68769884f.png,B,2024-05-05 18:27:41.636888,,0,Mon 2024 05 05 18:27:41 636888 GMT+0000 (UTC),"0,0"
gan_med,gan_high,,5e5ce43575fa67fdc0dd37146d7f479e.png,B,2024-05-05 18:27:41.636888,,0,Mon 2024 05 05 18:27:41 636888 GMT+0000 (UTC),"1178,680"
gan_low,gan_ratio_low,,22ea12c903e41583b7c469cb86040157.png,B,2024-05-05 18:27:41.636888,,0,Mon 2024 05 05 18:27:41 636888 GMT+0000 (UTC),"128,1011"
mse_low,gan_low,,2a2420f929cd47122eae364a2bc27710.png,A,2024-05-05 18:27:41.636888,,0,Mon 2024 05 05 18:27:41 636888 GMT+0000 (UTC),"701,80"
mse_low,gan_med,,d1a9be98d1936065967adac50a6fb750.png,B,2024-05-05 18:27:41.636888,,0,Mon 2024 05 05 18:27:41 636888 GMT+0000 (UTC),"1217,96"
mse_low,gan_low,,4a18abf66d65ad1a95ce455c8b6cd8de.png,B,2024-05-05 18:27:41.636888,,0,Mon 2024 05 05 18:27:41 636888 GMT+0000 (UTC),"352,711"
gan_ratio_fixed_low,gan_low,,8bb119b8ca17492392e1e3ea4b811b32.png,A,2024-05-05 18:27:41.636888,,0,Mon 2024 05 05 18:27:41 636888 GMT+0000 (UTC),"71,313"
gan_med,gan_ratio_high,,100a02c269c5948392f283b2aa3bb4da.png,A,2024-05-05 18:27:41.636888,,0,Mon 2024 05 05 18:27:41 636888 GMT+0000 (UTC),"325,47"
mse_low,gan_ratio_med,,5dbdb989cf026f7ab3dd7167d7fc0fe2.png,B,2024-05-05 18:27:41.636888,,0,Mon 2024 05 05 18:27:41 636888 GMT+0000 (UTC),"50,1060"
gan_high,gan_ratio_high,,28d24b9c83de066597ff96a68769884f.png,B,2024-05-05 18:27:41.636888,,0,Mon 2024 05 05 18:27:41 636888 GMT+0000 (UTC),"233,94"
mse_low,gan_ratio_low,,2c1f84548ef99faec2b4f9bf12227c83.png,B,2024-05-05 18:27:41.636888,,0,Mon 2024 05 05 18:27:41 636888 GMT+0000 (UTC),"499,859"
gan_med,gan_ratio_high,,aed95e005df28e790519eefb6eb1e565.png,B,2024-05-05 18:27:41.636888,,0,Mon 2024 05 05 18:27:41 636888 GMT+0000 (UTC),"83,159"
gan_ratio_fixed_low,gan_low,,870516c65d81fb9267de6865964083a9.png,B,2024-05-05 18:27:41.636888,,0,Mon 2024 05 05 18:27:41 636888 GMT+0000 (UTC),"679,146"
gan_ratio_fixed_low,gan_ratio_low,,4cd6910a0b7b39365fda5df87618d091.png,B,2024-05-05 18:27:41.636888,,0,Mon 2024 05 05 18:27:41 636888 GMT+0000 (UTC),"103,5"
gan_ratio_fixed_low,gan_ratio_low,,3140d643a1f57e80ff265507984d95a0.png,B,2024-05-05 18:27:41.636888,,0,Mon 2024 05 05 18:27:41 636888 GMT+0000 (UTC),"740,373"
gan_med,gan_ratio_med,,7e499613c3e376ea93afb3649719abeb.png,B,2024-05-05 18:27:41.636888,,0,Mon 2024 05 05 18:27:41 636888 GMT+0000 (UTC),"580,1121"
gan_ratio_fixed_low,gan_ratio_med,,1e2f9d41529197f10d32bfa68a1e0bcc.png,B,2024-05-05 18:27:41.636888,,0,Mon 2024 05 05 18:27:41 636888 GMT+0000 (UTC),"305,294"
gan_low,gan_high,,1e2f9d41529197f10d32bfa68a1e0bcc.png,B,2024-05-05 18:27:41.636888,,0,Mon 2024 05 05 18:27:41 636888 GMT+0000 (UTC),"337,337"
mse_low,gan_ratio_high,,2a2420f929cd47122eae364a2bc27710.png,B,2024-05-05 18:27:41.636888,,0,Mon 2024 05 05 18:27:41 636888 GMT+0000 (UTC),"209,33"
mse_low,gan_ratio_high,,ddcd24d99f48eaa369207882a6f37831.png,B,2024-05-05 18:27:41.636888,,0,Mon 2024 05 05 18:27:41 636888 GMT+0000 (UTC),"825,330"
mse_low,gan_ratio_fixed_low,,22ea12c903e41583b7c469cb86040157.png,B,2024-05-05 18:27:41.636888,,0,Mon 2024 05 05 18:27:41 636888 GMT+0000 (UTC),"680,116"
gan_ratio_fixed_low,gan_med,,100f17892cf7bb12beb12479641fcc4c.png,B,2024-05-05 18:27:41.636888,,0,Mon 2024 05 05 18:27:41 636888 GMT+0000 (UTC),"494,1270"
mse_low,gan_low,,5e5ce43575fa67fdc0dd37146d7f479e.png,A,2024-05-05 18:27:41.636888,,0,Mon 2024 05 05 18:27:41 636888 GMT+0000 (UTC),"1212,737"
gan_ratio_fixed_low,gan_low,,aed95e005df28e790519eefb6eb1e565.png,A,2024-05-05 18:27:41.636888,,0,Mon 2024 05 05 18:27:41 636888 GMT+0000 (UTC),"325,579"
gan_low,gan_ratio_high,,100f17892cf7bb12beb12479641fcc4c.png,A,2024-05-05 18:27:41.636888,,0,Mon 2024 05 05 18:27:41 636888 GMT+0000 (UTC),"270,1100"
gan_ratio_med,gan_ratio_high,,4cd6910a0b7b39365fda5df87618d091.png,B,2024-05-05 18:27:41.636888,,0,Mon 2024 05 05 18:27:41 636888 GMT+0000 (UTC),"1115,124"
gan_ratio_fixed_low,gan_ratio_med,,ddcd24d99f48eaa369207882a6f37831.png,B,2024-05-05 18:27:41.636888,,0,Mon 2024 05 05 18:27:41 636888 GMT+0000 (UTC),"793,433"
gan_ratio_low,gan_ratio_med,,a10ae819a2d24873079c93346200cab3.png,B,2024-05-05 18:27:41.636888,,0,Mon 2024 05 05 18:27:41 636888 GMT+0000 (UTC),"301,821"
gan_ratio_low,gan_ratio_med,,aed95e005df28e790519eefb6eb1e565.png,B,2024-05-05 18:27:41.636888,,0,Mon 2024 05 05 18:27:41 636888 GMT+0000 (UTC),"875,349"
mse_low,gan_ratio_low,,5e5ce43575fa67fdc0dd37146d7f479e.png,B,2024-05-05 18:27:41.636888,,0,Mon 2024 05 05 18:27:41 636888 GMT+0000 (UTC),"555,275"
gan_ratio_fixed_low,gan_high,,9466a908d088d32ee73f04116c40e48c.png,B,2024-05-05 18:27:41.636888,,0,Mon 2024 05 05 18:27:41 636888 GMT+0000 (UTC),"105,869"
gan_ratio_fixed_low,gan_ratio_high,,100a02c269c5948392f283b2aa3bb4da.png,A,2024-05-05 18:27:41.636888,,0,Mon 2024 05 05 18:27:41 636888 GMT+0000 (UTC),"1086,544"
gan_ratio_low,gan_med,,4cd6910a0b7b39365fda5df87618d091.png,B,2024-05-05 18:27:41.636888,,0,Mon 2024 05 05 18:27:41 636888 GMT+0000 (UTC),"618,247"
gan_high,gan_ratio_high,,870516c65d81fb9267de6865964083a9.png,B,2024-05-05 18:27:41.636888,,0,Mon 2024 05 05 18:27:41 636888 GMT+0000 (UTC),"330,400"
gan_ratio_low,gan_ratio_med,,3140d643a1f57e80ff265507984d95a0.png,B,2024-05-05 18:27:41.636888,,0,Mon 2024 05 05 18:27:41 636888 GMT+0000 (UTC),"83,131"
mse_low,gan_ratio_low,,a36713f1943dac6bc74dea50cadaee6f.png,A,2024-05-05 18:27:41.636888,,0,Mon 2024 05 05 18:27:41 636888 GMT+0000 (UTC),"414,127"
gan_ratio_fixed_low,gan_med,,a36713f1943dac6bc74dea50cadaee6f.png,B,2024-05-05 18:27:41.636888,,0,Mon 2024 05 05 18:27:41 636888 GMT+0000 (UTC),"543,1011"
gan_med,gan_ratio_high,,9466a908d088d32ee73f04116c40e48c.png,A,2024-05-05 18:27:41.636888,,0,Mon 2024 05 05 18:27:41 636888 GMT+0000 (UTC),"304,260"
gan_ratio_fixed_low,gan_ratio_high,,9466a908d088d32ee73f04116c40e48c.png,B,2024-05-05 18:27:41.636888,,0,Mon 2024 05 05 18:27:41 636888 GMT+0000 (UTC),"536,919"
gan_ratio_fixed_low,gan_low,,4cd6910a0b7b39365fda5df87618d091.png,B,2024-05-05 18:27:41.636888,,0,Mon 2024 05 05 18:27:41 636888 GMT+0000 (UTC),"696,95"
gan_med,gan_high,,d79d465ac77c36518e0f0d626bf97ec4.png,B,2024-05-05 18:27:41.636888,,0,Mon 2024 05 05 18:27:41 636888 GMT+0000 (UTC),"624,1078"
gan_ratio_fixed_low,gan_ratio_high,,3140d643a1f57e80ff265507984d95a0.png,B,2024-05-05 18:27:41.636888,,0,Mon 2024 05 05 18:27:41 636888 GMT+0000 (UTC),"100,211"
mse_low,gan_ratio_fixed_low,,0c49a5cce349020bbba2f97ae41e90ba.png,A,2024-05-05 18:27:41.636888,,0,Mon 2024 05 05 18:27:41 636888 GMT+0000 (UTC),"437,435"
gan_ratio_fixed_low,gan_ratio_low,,4a18abf66d65ad1a95ce455c8b6cd8de.png,B,2024-05-05 18:27:41.636888,,0,Mon 2024 05 05 18:27:41 636888 GMT+0000 (UTC),"105,34"
gan_med,gan_high,,100a02c269c5948392f283b2aa3bb4da.png,A,2024-05-05 18:27:41.636888,,0,Mon 2024 05 05 18:27:41 636888 GMT+0000 (UTC),"840,488"
mse_low,gan_ratio_fixed_low,,a36713f1943dac6bc74dea50cadaee6f.png,A,2024-05-05 18:27:41.636888,,0,Mon 2024 05 05 18:27:41 636888 GMT+0000 (UTC),"154,123"
gan_ratio_low,gan_ratio_high,,aed95e005df28e790519eefb6eb1e565.png,B,2024-05-05 18:27:41.636888,,0,Mon 2024 05 05 18:27:41 636888 GMT+0000 (UTC),"790,554"
gan_ratio_low,gan_high,,9466a908d088d32ee73f04116c40e48c.png,B,2024-05-05 18:27:41.636888,,0,Mon 2024 05 05 18:27:41 636888 GMT+0000 (UTC),"444,501"
gan_ratio_low,gan_med,,d79d465ac77c36518e0f0d626bf97ec4.png,B,2024-05-05 18:27:41.636888,,0,Mon 2024 05 05 18:27:41 636888 GMT+0000 (UTC),"337,1241"
gan_ratio_med,gan_ratio_high,,9466a908d088d32ee73f04116c40e48c.png,A,2024-05-05 18:27:41.636888,,0,Mon 2024 05 05 18:27:41 636888 GMT+0000 (UTC),"290,1259"
gan_ratio_fixed_low,gan_ratio_med,,d1a9be98d1936065967adac50a6fb750.png,B,2024-05-05 19:13:37.290357,,0,Mon 2024 05 05 19:13:37 290357 GMT+0000 (UTC),"331,0"
gan_ratio_low,gan_high,,1e2f9d41529197f10d32bfa68a1e0bcc.png,B,2024-05-05 19:13:37.290357,,0,Mon 2024 05 05 19:13:37 290357 GMT+0000 (UTC),"1024,352"
gan_low,gan_ratio_low,,0c49a5cce349020bbba2f97ae41e90ba.png,B,2024-05-05 19:13:37.290357,,0,Mon 2024 05 05 19:13:37 290357 GMT+0000 (UTC),"128,218"
gan_med,gan_ratio_med,,5dbdb989cf026f7ab3dd7167d7fc0fe2.png,B,2024-05-05 19:13:37.290357,,0,Mon 2024 05 05 19:13:37 290357 GMT+0000 (UTC),"285,52"
mse_low,gan_low,,3140d643a1f57e80ff265507984d95a0.png,B,2024-05-05 19:13:37.290357,,0,Mon 2024 05 05 19:13:37 290357 GMT+0000 (UTC),"1164,83"
gan_low,gan_ratio_med,,7e499613c3e376ea93afb3649719abeb.png,B,2024-05-05 19:13:37.290357,,0,Mon 2024 05 05 19:13:37 290357 GMT+0000 (UTC),"96,699"
gan_low,gan_high,,d1a9be98d1936065967adac50a6fb750.png,B,2024-05-05 19:13:37.290357,,0,Mon 2024 05 05 19:13:37 290357 GMT+0000 (UTC),"289,42"
mse_low,gan_ratio_high,,5dbdb989cf026f7ab3dd7167d7fc0fe2.png,B,2024-05-05 19:13:37.290357,,0,Mon 2024 05 05 19:13:37 290357 GMT+0000 (UTC),"530,696"
mse_low,gan_ratio_med,,2c1f84548ef99faec2b4f9bf12227c83.png,B,2024-05-05 19:13:37.290357,,0,Mon 2024 05 05 19:13:37 290357 GMT+0000 (UTC),"507,478"
mse_low,gan_high,,11f2b039b293758398b1a7a8afa64bb2.png,B,2024-05-05 19:13:37.290357,,0,Mon 2024 05 05 19:13:37 290357 GMT+0000 (UTC),"449,369"
mse_low,gan_high,,0c49a5cce349020bbba2f97ae41e90ba.png,B,2024-05-05 19:13:37.290357,,0,Mon 2024 05 05 19:13:37 290357 GMT+0000 (UTC),"0,64"
gan_ratio_fixed_low,gan_ratio_low,,1e2f9d41529197f10d32bfa68a1e0bcc.png,A,2024-05-05 19:13:37.290357,,0,Mon 2024 05 05 19:13:37 290357 GMT+0000 (UTC),"861,401"
mse_low,gan_high,,b939ac34faa94b5d0e753d570edc7048.png,B,2024-05-05 19:13:37.290357,,0,Mon 2024 05 05 19:13:37 290357 GMT+0000 (UTC),"950,191"
mse_low,gan_med,,8bb119b8ca17492392e1e3ea4b811b32.png,B,2024-05-05 19:13:37.290357,,0,Mon 2024 05 05 19:13:37 290357 GMT+0000 (UTC),"121,1025"
gan_low,gan_ratio_high,,9466a908d088d32ee73f04116c40e48c.png,B,2024-05-05 19:13:37.290357,,0,Mon 2024 05 05 19:13:37 290357 GMT+0000 (UTC),"234,160"
gan_high,gan_ratio_high,,2a2420f929cd47122eae364a2bc27710.png,B,2024-05-05 19:13:37.290357,,0,Mon 2024 05 05 19:13:37 290357 GMT+0000 (UTC),"395,38"
gan_med,gan_ratio_med,,5e5ce43575fa67fdc0dd37146d7f479e.png,B,2024-05-05 19:13:37.290357,,0,Mon 2024 05 05 19:13:37 290357 GMT+0000 (UTC),"700,269"
mse_low,gan_high,,c80999cd5533e448167cd9b3ccfa2a37.png,B,2024-05-05 19:13:37.290357,,0,Mon 2024 05 05 19:13:37 290357 GMT+0000 (UTC),"1190,85"
gan_ratio_fixed_low,gan_ratio_med,,b939ac34faa94b5d0e753d570edc7048.png,B,2024-05-05 19:13:37.290357,,0,Mon 2024 05 05 19:13:37 290357 GMT+0000 (UTC),"578,9"
gan_low,gan_med,,100f17892cf7bb12beb12479641fcc4c.png,B,2024-05-05 19:13:37.290357,,0,Mon 2024 05 05 19:13:37 290357 GMT+0000 (UTC),"376,893"
gan_ratio_low,gan_ratio_med,,d1a9be98d1936065967adac50a6fb750.png,B,2024-05-05 19:13:37.290357,,0,Mon 2024 05 05 19:13:37 290357 GMT+0000 (UTC),"265,501"
gan_ratio_low,gan_med,,8bb119b8ca17492392e1e3ea4b811b32.png,B,2024-05-05 19:13:37.290357,,0,Mon 2024 05 05 19:13:37 290357 GMT+0000 (UTC),"275,595"
gan_ratio_fixed_low,gan_ratio_med,,a36713f1943dac6bc74dea50cadaee6f.png,B,2024-05-05 19:13:37.290357,,0,Mon 2024 05 05 19:13:37 290357 GMT+0000 (UTC),"502,719"
gan_low,gan_ratio_low,,ef576c4ed599d75d72145a8f34b58ccb.png,B,2024-05-05 19:13:37.290357,,0,Mon 2024 05 05 19:13:37 290357 GMT+0000 (UTC),"806,351"
gan_ratio_low,gan_ratio_high,,11f2b039b293758398b1a7a8afa64bb2.png,B,2024-05-05 19:13:37.290357,,0,Mon 2024 05 05 19:13:37 290357 GMT+0000 (UTC),"344,832"
gan_med,gan_high,,afe3676bbfcf7183d697ff7b5d5bd45b.png,B,2024-05-05 19:13:37.290357,,0,Mon 2024 05 05 19:13:37 290357 GMT+0000 (UTC),"370,306"
gan_ratio_fixed_low,gan_ratio_med,,4cd6910a0b7b39365fda5df87618d091.png,B,2024-05-05 19:13:37.290357,,0,Mon 2024 05 05 19:13:37 290357 GMT+0000 (UTC),"289,1"
gan_ratio_fixed_low,gan_low,,11f2b039b293758398b1a7a8afa64bb2.png,B,2024-05-05 19:13:37.290357,,0,Mon 2024 05 05 19:13:37 290357 GMT+0000 (UTC),"452,487"
mse_low,gan_ratio_high,,a10ae819a2d24873079c93346200cab3.png,B,2024-05-05 19:13:37.290357,,0,Mon 2024 05 05 19:13:37 290357 GMT+0000 (UTC),"129,224"
gan_low,gan_ratio_high,,5dbdb989cf026f7ab3dd7167d7fc0fe2.png,B,2024-05-05 19:13:37.290357,,0,Mon 2024 05 05 19:13:37 290357 GMT+0000 (UTC),"134,445"
gan_ratio_fixed_low,gan_high,,a10ae819a2d24873079c93346200cab3.png,B,2024-05-05 19:13:37.290357,,0,Mon 2024 05 05 19:13:37 290357 GMT+0000 (UTC),"300,966"
gan_ratio_fixed_low,gan_low,,0c49a5cce349020bbba2f97ae41e90ba.png,A,2024-05-05 19:13:37.290357,,0,Mon 2024 05 05 19:13:37 290357 GMT+0000 (UTC),"428,222"
mse_low,gan_ratio_med,,4a18abf66d65ad1a95ce455c8b6cd8de.png,B,2024-05-05 19:13:37.290357,,0,Mon 2024 05 05 19:13:37 290357 GMT+0000 (UTC),"629,846"
gan_ratio_med,gan_ratio_high,,5dbdb989cf026f7ab3dd7167d7fc0fe2.png,A,2024-05-05 19:13:37.290357,,0,Mon 2024 05 05 19:13:37 290357 GMT+0000 (UTC),"67,463"
gan_high,gan_ratio_high,,d79d465ac77c36518e0f0d626bf97ec4.png,A,2024-05-05 19:13:37.290357,,0,Mon 2024 05 05 19:13:37 290357 GMT+0000 (UTC),"207,690"
gan_ratio_low,gan_ratio_med,,a10ae819a2d24873079c93346200cab3.png,B,2024-05-05 19:13:37.290357,,0,Mon 2024 05 05 19:13:37 290357 GMT+0000 (UTC),"585,836"
gan_low,gan_ratio_high,,1e2f9d41529197f10d32bfa68a1e0bcc.png,B,2024-05-05 19:13:37.290357,,0,Mon 2024 05 05 19:13:37 290357 GMT+0000 (UTC),"482,260"
mse_low,gan_ratio_low,,3140d643a1f57e80ff265507984d95a0.png,B,2024-05-05 19:13:37.290357,,0,Mon 2024 05 05 19:13:37 290357 GMT+0000 (UTC),"936,123"
gan_ratio_fixed_low,gan_low,,d1a9be98d1936065967adac50a6fb750.png,B,2024-05-05 19:13:37.290357,,0,Mon 2024 05 05 19:13:37 290357 GMT+0000 (UTC),"260,342"
gan_med,gan_ratio_high,,4cd6910a0b7b39365fda5df87618d091.png,B,2024-05-05 19:13:37.290357,,0,Mon 2024 05 05 19:13:37 290357 GMT+0000 (UTC),"825,79"
gan_low,gan_ratio_low,,5dbdb989cf026f7ab3dd7167d7fc0fe2.png,B,2024-05-05 19:13:37.290357,,0,Mon 2024 05 05 19:13:37 290357 GMT+0000 (UTC),"3,1182"
gan_ratio_fixed_low,gan_ratio_high,,60430844748882ff66b9a5598ef06dd6.png,B,2024-05-05 19:13:37.290357,,0,Mon 2024 05 05 19:13:37 290357 GMT+0000 (UTC),"282,464"
mse_low,gan_ratio_fixed_low,,ef576c4ed599d75d72145a8f34b58ccb.png,B,2024-05-05 19:13:37.290357,,0,Mon 2024 05 05 19:13:37 290357 GMT+0000 (UTC),"291,43"
gan_ratio_fixed_low,gan_low,,60430844748882ff66b9a5598ef06dd6.png,A,2024-05-05 19:13:37.290357,,0,Mon 2024 05 05 19:13:37 290357 GMT+0000 (UTC),"304,236"
gan_med,gan_high,,4cd6910a0b7b39365fda5df87618d091.png,B,2024-05-05 19:13:37.290357,,0,Mon 2024 05 05 19:13:37 290357 GMT+0000 (UTC),"918,211"
gan_high,gan_ratio_high,,d1a9be98d1936065967adac50a6fb750.png,A,2024-05-05 19:13:37.290357,,0,Mon 2024 05 05 19:13:37 290357 GMT+0000 (UTC),"290,77"
mse_low,gan_ratio_high,,c80999cd5533e448167cd9b3ccfa2a37.png,B,2024-05-05 19:13:37.290357,,0,Mon 2024 05 05 19:13:37 290357 GMT+0000 (UTC),"1122,14"
gan_med,gan_high,,870516c65d81fb9267de6865964083a9.png,B,2024-05-05 19:13:37.290357,,0,Mon 2024 05 05 19:13:37 290357 GMT+0000 (UTC),"82,520"
mse_low,gan_low,,c80999cd5533e448167cd9b3ccfa2a37.png,A,2024-05-05 19:13:37.290357,,0,Mon 2024 05 05 19:13:37 290357 GMT+0000 (UTC),"204,51"
mse_low,gan_med,,ddcd24d99f48eaa369207882a6f37831.png,B,2024-05-05 19:13:37.290357,,0,Mon 2024 05 05 19:13:37 290357 GMT+0000 (UTC),"1042,149"
gan_ratio_med,gan_high,,a36713f1943dac6bc74dea50cadaee6f.png,B,2024-05-05 19:40:42.671533,,0,Mon 2024 05 05 19:40:42 671533 GMT+0000 (UTC),"0,0"
gan_ratio_low,gan_high,,870516c65d81fb9267de6865964083a9.png,B,2024-05-05 19:40:42.671533,,0,Mon 2024 05 05 19:40:42 671533 GMT+0000 (UTC),"729,39"
gan_med,gan_ratio_high,,100a02c269c5948392f283b2aa3bb4da.png,A,2024-05-05 19:40:42.671533,,0,Mon 2024 05 05 19:40:42 671533 GMT+0000 (UTC),"182,66"
gan_low,gan_ratio_high,,14ab4af28901fbeb1356b06d2d08ae06.png,B,2024-05-05 19:40:42.671533,,0,Mon 2024 05 05 19:40:42 671533 GMT+0000 (UTC),"360,712"
gan_med,gan_high,,c80999cd5533e448167cd9b3ccfa2a37.png,A,2024-05-05 19:40:42.671533,,0,Mon 2024 05 05 19:40:42 671533 GMT+0000 (UTC),"449,2"
gan_ratio_low,gan_ratio_high,,a36713f1943dac6bc74dea50cadaee6f.png,B,2024-05-05 19:40:42.671533,,0,Mon 2024 05 05 19:40:42 671533 GMT+0000 (UTC),"468,929"
gan_low,gan_high,,b939ac34faa94b5d0e753d570edc7048.png,B,2024-05-05 19:40:42.671533,,0,Mon 2024 05 05 19:40:42 671533 GMT+0000 (UTC),"960,18"
gan_med,gan_ratio_high,,b51d5fb537246482ef7a7ab63f093cab.png,A,2024-05-05 19:40:42.671533,,0,Mon 2024 05 05 19:40:42 671533 GMT+0000 (UTC),"751,127"
gan_low,gan_ratio_high,,8bb119b8ca17492392e1e3ea4b811b32.png,B,2024-05-05 19:40:42.671533,,0,Mon 2024 05 05 19:40:42 671533 GMT+0000 (UTC),"265,1211"
mse_low,gan_ratio_med,,5e5ce43575fa67fdc0dd37146d7f479e.png,B,2024-05-05 19:40:42.671533,,0,Mon 2024 05 05 19:40:42 671533 GMT+0000 (UTC),"1124,520"
gan_med,gan_high,,14ab4af28901fbeb1356b06d2d08ae06.png,B,2024-05-05 19:40:42.671533,,0,Mon 2024 05 05 19:40:42 671533 GMT+0000 (UTC),"566,755"
gan_ratio_med,gan_high,,4a18abf66d65ad1a95ce455c8b6cd8de.png,A,2024-05-05 19:40:42.671533,,0,Mon 2024 05 05 19:40:42 671533 GMT+0000 (UTC),"373,416"
gan_med,gan_ratio_med,,c80999cd5533e448167cd9b3ccfa2a37.png,A,2024-05-05 19:40:42.671533,,0,Mon 2024 05 05 19:40:42 671533 GMT+0000 (UTC),"1223,6"
mse_low,gan_ratio_low,,b939ac34faa94b5d0e753d570edc7048.png,B,2024-05-05 19:40:42.671533,,0,Mon 2024 05 05 19:40:42 671533 GMT+0000 (UTC),"1000,176"
gan_low,gan_high,,ddcd24d99f48eaa369207882a6f37831.png,B,2024-05-05 19:40:42.671533,,0,Mon 2024 05 05 19:40:42 671533 GMT+0000 (UTC),"1043,345"
gan_low,gan_med,,870516c65d81fb9267de6865964083a9.png,B,2024-05-05 19:40:42.671533,,0,Mon 2024 05 05 19:40:42 671533 GMT+0000 (UTC),"953,166"
gan_low,gan_ratio_low,,3140d643a1f57e80ff265507984d95a0.png,B,2024-05-05 19:40:42.671533,,0,Mon 2024 05 05 19:40:42 671533 GMT+0000 (UTC),"864,141"
gan_med,gan_ratio_med,,9466a908d088d32ee73f04116c40e48c.png,A,2024-05-05 19:40:42.671533,,0,Mon 2024 05 05 19:40:42 671533 GMT+0000 (UTC),"489,817"
gan_med,gan_ratio_med,,b51d5fb537246482ef7a7ab63f093cab.png,B,2024-05-05 19:40:42.671533,,0,Mon 2024 05 05 19:40:42 671533 GMT+0000 (UTC),"1134,304"
gan_ratio_med,gan_high,,ef576c4ed599d75d72145a8f34b58ccb.png,B,2024-05-05 19:40:42.671533,,0,Mon 2024 05 05 19:40:42 671533 GMT+0000 (UTC),"221,148"
gan_med,gan_high,,afe3676bbfcf7183d697ff7b5d5bd45b.png,B,2024-05-05 19:40:42.671533,,0,Mon 2024 05 05 19:40:42 671533 GMT+0000 (UTC),"457,24"
gan_ratio_med,gan_high,,afe3676bbfcf7183d697ff7b5d5bd45b.png,A,2024-05-05 19:40:42.671533,,0,Mon 2024 05 05 19:40:42 671533 GMT+0000 (UTC),"92,159"
gan_ratio_med,gan_ratio_high,,aed95e005df28e790519eefb6eb1e565.png,B,2024-05-05 19:40:42.671533,,0,Mon 2024 05 05 19:40:42 671533 GMT+0000 (UTC),"1207,526"
gan_ratio_fixed_low,gan_high,,11f2b039b293758398b1a7a8afa64bb2.png,B,2024-05-05 19:40:42.671533,,0,Mon 2024 05 05 19:40:42 671533 GMT+0000 (UTC),"327,852"
gan_ratio_fixed_low,gan_ratio_low,,a10ae819a2d24873079c93346200cab3.png,B,2024-05-05 19:40:42.671533,,0,Mon 2024 05 05 19:40:42 671533 GMT+0000 (UTC),"541,815"
mse_low,gan_ratio_fixed_low,,097cb426910ba8ce2525dd8bb7fb1777.png,B,2024-05-05 19:40:42.671533,,0,Mon 2024 05 05 19:40:42 671533 GMT+0000 (UTC),"569,367"
gan_ratio_med,gan_ratio_high,,4a18abf66d65ad1a95ce455c8b6cd8de.png,A,2024-05-05 19:40:42.671533,,0,Mon 2024 05 05 19:40:42 671533 GMT+0000 (UTC),"415,879"
gan_high,gan_ratio_high,,5dbdb989cf026f7ab3dd7167d7fc0fe2.png,A,2024-05-05 19:40:42.671533,,0,Mon 2024 05 05 19:40:42 671533 GMT+0000 (UTC),"425,1270"
gan_ratio_low,gan_med,,b51d5fb537246482ef7a7ab63f093cab.png,B,2024-05-05 19:40:42.671533,,0,Mon 2024 05 05 19:40:42 671533 GMT+0000 (UTC),"1165,301"
gan_ratio_fixed_low,gan_ratio_low,,097cb426910ba8ce2525dd8bb7fb1777.png,B,2024-05-05 19:40:42.671533,,0,Mon 2024 05 05 19:40:42 671533 GMT+0000 (UTC),"252,134"
gan_ratio_med,gan_high,,9466a908d088d32ee73f04116c40e48c.png,B,2024-05-05 19:40:42.671533,,0,Mon 2024 05 05 19:40:42 671533 GMT+0000 (UTC),"355,805"
gan_ratio_low,gan_high,,097cb426910ba8ce2525dd8bb7fb1777.png,B,2024-05-05 19:40:42.671533,,0,Mon 2024 05 05 19:40:42 671533 GMT+0000 (UTC),"322,210"
gan_ratio_fixed_low,gan_high,,d1a9be98d1936065967adac50a6fb750.png,B,2024-05-05 19:40:42.671533,,0,Mon 2024 05 05 19:40:42 671533 GMT+0000 (UTC),"1139,440"
gan_low,gan_high,,ef576c4ed599d75d72145a8f34b58ccb.png,B,2024-05-05 19:40:42.671533,,0,Mon 2024 05 05 19:40:42 671533 GMT+0000 (UTC),"735,23"
gan_low,gan_med,,9466a908d088d32ee73f04116c40e48c.png,A,2024-05-05 19:40:42.671533,,0,Mon 2024 05 05 19:40:42 671533 GMT+0000 (UTC),"521,912"
gan_high,gan_ratio_high,,ef576c4ed599d75d72145a8f34b58ccb.png,B,2024-05-05 19:40:42.671533,,0,Mon 2024 05 05 19:40:42 671533 GMT+0000 (UTC),"542,87"
gan_low,gan_med,,a36713f1943dac6bc74dea50cadaee6f.png,B,2024-05-05 19:40:42.671533,,0,Mon 2024 05 05 19:40:42 671533 GMT+0000 (UTC),"341,757"
gan_ratio_low,gan_ratio_med,,afe3676bbfcf7183d697ff7b5d5bd45b.png,B,2024-05-05 19:40:42.671533,,0,Mon 2024 05 05 19:40:42 671533 GMT+0000 (UTC),"244,483"
gan_ratio_med,gan_ratio_high,,8bb119b8ca17492392e1e3ea4b811b32.png,B,2024-05-05 19:40:42.671533,,0,Mon 2024 05 05 19:40:42 671533 GMT+0000 (UTC),"95,466"
gan_low,gan_med,,2c1f84548ef99faec2b4f9bf12227c83.png,B,2024-05-05 19:40:42.671533,,0,Mon 2024 05 05 19:40:42 671533 GMT+0000 (UTC),"577,165"
mse_low,gan_low,,11f2b039b293758398b1a7a8afa64bb2.png,B,2024-05-05 19:40:42.671533,,0,Mon 2024 05 05 19:40:42 671533 GMT+0000 (UTC),"490,199"
gan_ratio_low,gan_ratio_med,,a36713f1943dac6bc74dea50cadaee6f.png,B,2024-05-05 19:40:42.671533,,0,Mon 2024 05 05 19:40:42 671533 GMT+0000 (UTC),"468,580"
gan_med,gan_ratio_med,,2c1f84548ef99faec2b4f9bf12227c83.png,B,2024-05-05 19:40:42.671533,,0,Mon 2024 05 05 19:40:42 671533 GMT+0000 (UTC),"21,1081"
gan_ratio_fixed_low,gan_ratio_low,,28d24b9c83de066597ff96a68769884f.png,A,2024-05-05 19:40:42.671533,,0,Mon 2024 05 05 19:40:42 671533 GMT+0000 (UTC),"329,359"
mse_low,gan_ratio_high,,b51d5fb537246482ef7a7ab63f093cab.png,B,2024-05-05 19:40:42.671533,,0,Mon 2024 05 05 19:40:42 671533 GMT+0000 (UTC),"534,258"
gan_ratio_low,gan_ratio_med,,14ab4af28901fbeb1356b06d2d08ae06.png,B,2024-05-05 19:40:42.671533,,0,Mon 2024 05 05 19:40:42 671533 GMT+0000 (UTC),"519,1222"
gan_ratio_fixed_low,gan_high,,9466a908d088d32ee73f04116c40e48c.png,B,2024-05-05 19:40:42.671533,,0,Mon 2024 05 05 19:40:42 671533 GMT+0000 (UTC),"384,631"
gan_ratio_fixed_low,gan_high,,0c49a5cce349020bbba2f97ae41e90ba.png,B,2024-05-05 19:40:42.671533,,0,Mon 2024 05 05 19:40:42 671533 GMT+0000 (UTC),"295,262"
gan_low,gan_ratio_med,,5dbdb989cf026f7ab3dd7167d7fc0fe2.png,B,2024-05-05 19:40:42.671533,,0,Mon 2024 05 05 19:40:42 671533 GMT+0000 (UTC),"30,235"
gan_low,gan_ratio_low,,4a18abf66d65ad1a95ce455c8b6cd8de.png,B,2024-05-05 19:40:42.671533,,0,Mon 2024 05 05 19:40:42 671533 GMT+0000 (UTC),"455,733"
gan_ratio_low,gan_ratio_high,,14ab4af28901fbeb1356b06d2d08ae06.png,B,2024-05-05 19:53:59.991257,,0,Mon 2024 05 05 19:53:59 991257 GMT+0000 (UTC),"0,0"
mse_low,gan_ratio_fixed_low,,b939ac34faa94b5d0e753d570edc7048.png,B,2024-05-05 19:53:59.991257,,0,Mon 2024 05 05 19:53:59 991257 GMT+0000 (UTC),"369,192"
gan_ratio_fixed_low,gan_ratio_high,,ef576c4ed599d75d72145a8f34b58ccb.png,B,2024-05-05 19:53:59.991257,,0,Mon 2024 05 05 19:53:59 991257 GMT+0000 (UTC),"261,64"
gan_low,gan_med,,afe3676bbfcf7183d697ff7b5d5bd45b.png,B,2024-05-05 19:53:59.991257,,0,Mon 2024 05 05 19:53:59 991257 GMT+0000 (UTC),"868,0"
mse_low,gan_high,,2c1f84548ef99faec2b4f9bf12227c83.png,B,2024-05-05 19:53:59.991257,,0,Mon 2024 05 05 19:53:59 991257 GMT+0000 (UTC),"456,512"
gan_ratio_fixed_low,gan_ratio_low,,4cd6910a0b7b39365fda5df87618d091.png,A,2024-05-05 19:53:59.991257,,0,Mon 2024 05 05 19:53:59 991257 GMT+0000 (UTC),"1192,254"
mse_low,gan_high,,d1a9be98d1936065967adac50a6fb750.png,B,2024-05-05 19:53:59.991257,,0,Mon 2024 05 05 19:53:59 991257 GMT+0000 (UTC),"400,0"
gan_ratio_med,gan_ratio_high,,8bb119b8ca17492392e1e3ea4b811b32.png,B,2024-05-05 19:53:59.991257,,0,Mon 2024 05 05 19:53:59 991257 GMT+0000 (UTC),"20,70"
mse_low,gan_med,,0c49a5cce349020bbba2f97ae41e90ba.png,B,2024-05-05 19:53:59.991257,,0,Mon 2024 05 05 19:53:59 991257 GMT+0000 (UTC),"70,96"
mse_low,gan_ratio_low,,b51d5fb537246482ef7a7ab63f093cab.png,B,2024-05-05 19:53:59.991257,,0,Mon 2024 05 05 19:53:59 991257 GMT+0000 (UTC),"755,253"
gan_ratio_med,gan_high,,b939ac34faa94b5d0e753d570edc7048.png,B,2024-05-05 19:53:59.991257,,0,Mon 2024 05 05 19:53:59 991257 GMT+0000 (UTC),"913,204"
gan_med,gan_ratio_med,,60430844748882ff66b9a5598ef06dd6.png,A,2024-05-05 19:53:59.991257,,0,Mon 2024 05 05 19:53:59 991257 GMT+0000 (UTC),"440,96"
gan_ratio_fixed_low,gan_ratio_low,,a10ae819a2d24873079c93346200cab3.png,A,2024-05-05 19:53:59.991257,,0,Mon 2024 05 05 19:53:59 991257 GMT+0000 (UTC),"117,0"
gan_ratio_fixed_low,gan_med,,a10ae819a2d24873079c93346200cab3.png,B,2024-05-05 19:53:59.991257,,0,Mon 2024 05 05 19:53:59 991257 GMT+0000 (UTC),"397,416"
gan_med,gan_ratio_high,,d1a9be98d1936065967adac50a6fb750.png,A,2024-05-05 19:53:59.991257,,0,Mon 2024 05 05 19:53:59 991257 GMT+0000 (UTC),"430,0"
gan_ratio_fixed_low,gan_ratio_med,,5dbdb989cf026f7ab3dd7167d7fc0fe2.png,B,2024-05-05 19:53:59.991257,,0,Mon 2024 05 05 19:53:59 991257 GMT+0000 (UTC),"348,1280"
gan_ratio_fixed_low,gan_ratio_med,,14ab4af28901fbeb1356b06d2d08ae06.png,B,2024-05-05 19:53:59.991257,,0,Mon 2024 05 05 19:53:59 991257 GMT+0000 (UTC),"601,471"
gan_ratio_fixed_low,gan_ratio_low,,60430844748882ff66b9a5598ef06dd6.png,B,2024-05-05 19:53:59.991257,,0,Mon 2024 05 05 19:53:59 991257 GMT+0000 (UTC),"42,0"
gan_med,gan_high,,14ab4af28901fbeb1356b06d2d08ae06.png,B,2024-05-05 19:53:59.991257,,0,Mon 2024 05 05 19:53:59 991257 GMT+0000 (UTC),"290,450"
gan_ratio_low,gan_ratio_med,,28d24b9c83de066597ff96a68769884f.png,B,2024-05-05 19:53:59.991257,,0,Mon 2024 05 05 19:53:59 991257 GMT+0000 (UTC),"289,564"
mse_low,gan_ratio_high,,097cb426910ba8ce2525dd8bb7fb1777.png,B,2024-05-05 19:53:59.991257,,0,Mon 2024 05 05 19:53:59 991257 GMT+0000 (UTC),"80,147"
gan_ratio_low,gan_med,,b939ac34faa94b5d0e753d570edc7048.png,B,2024-05-05 19:53:59.991257,,0,Mon 2024 05 05 19:53:59 991257 GMT+0000 (UTC),"393,113"
gan_ratio_low,gan_ratio_high,,8bb119b8ca17492392e1e3ea4b811b32.png,B,2024-05-05 19:53:59.991257,,0,Mon 2024 05 05 19:53:59 991257 GMT+0000 (UTC),"11,352"
gan_low,gan_ratio_high,,0c49a5cce349020bbba2f97ae41e90ba.png,B,2024-05-05 19:53:59.991257,,0,Mon 2024 05 05 19:53:59 991257 GMT+0000 (UTC),"458,334"
mse_low,gan_low,,2c1f84548ef99faec2b4f9bf12227c83.png,B,2024-05-05 19:53:59.991257,,0,Mon 2024 05 05 19:53:59 991257 GMT+0000 (UTC),"405,481"
gan_low,gan_ratio_low,,a36713f1943dac6bc74dea50cadaee6f.png,A,2024-05-05 19:53:59.991257,,0,Mon 2024 05 05 19:53:59 991257 GMT+0000 (UTC),"579,749"
gan_ratio_fixed_low,gan_med,,4a18abf66d65ad1a95ce455c8b6cd8de.png,B,2024-05-05 19:53:59.991257,,0,Mon 2024 05 05 19:53:59 991257 GMT+0000 (UTC),"635,896"
gan_med,gan_ratio_high,,5dbdb989cf026f7ab3dd7167d7fc0fe2.png,B,2024-05-05 19:53:59.991257,,0,Mon 2024 05 05 19:53:59 991257 GMT+0000 (UTC),"551,751"
gan_low,gan_high,,aed95e005df28e790519eefb6eb1e565.png,B,2024-05-05 19:53:59.991257,,0,Mon 2024 05 05 19:53:59 991257 GMT+0000 (UTC),"1015,385"
gan_ratio_low,gan_high,,100f17892cf7bb12beb12479641fcc4c.png,B,2024-05-05 19:53:59.991257,,0,Mon 2024 05 05 19:53:59 991257 GMT+0000 (UTC),"28,439"
gan_ratio_med,gan_ratio_high,,2c1f84548ef99faec2b4f9bf12227c83.png,B,2024-05-05 19:53:59.991257,,0,Mon 2024 05 05 19:53:59 991257 GMT+0000 (UTC),"594,451"
gan_ratio_fixed_low,gan_ratio_low,,0c49a5cce349020bbba2f97ae41e90ba.png,A,2024-05-05 19:53:59.991257,,0,Mon 2024 05 05 19:53:59 991257 GMT+0000 (UTC),"558,64"
mse_low,gan_ratio_med,,b939ac34faa94b5d0e753d570edc7048.png,B,2024-05-05 19:53:59.991257,,0,Mon 2024 05 05 19:53:59 991257 GMT+0000 (UTC),"1172,204"
gan_ratio_fixed_low,gan_ratio_low,,097cb426910ba8ce2525dd8bb7fb1777.png,B,2024-05-05 19:53:59.991257,,0,Mon 2024 05 05 19:53:59 991257 GMT+0000 (UTC),"207,154"
mse_low,gan_high,,0c49a5cce349020bbba2f97ae41e90ba.png,B,2024-05-05 19:53:59.991257,,0,Mon 2024 05 05 19:53:59 991257 GMT+0000 (UTC),"669,122"
mse_low,gan_high,,d79d465ac77c36518e0f0d626bf97ec4.png,B,2024-05-05 19:53:59.991257,,0,Mon 2024 05 05 19:53:59 991257 GMT+0000 (UTC),"134,544"
gan_low,gan_ratio_low,,1e2f9d41529197f10d32bfa68a1e0bcc.png,A,2024-05-05 19:53:59.991257,,0,Mon 2024 05 05 19:53:59 991257 GMT+0000 (UTC),"1179,245"
gan_ratio_fixed_low,gan_high,,a10ae819a2d24873079c93346200cab3.png,B,2024-05-05 19:53:59.991257,,0,Mon 2024 05 05 19:53:59 991257 GMT+0000 (UTC),"136,500"
gan_low,gan_ratio_high,,100f17892cf7bb12beb12479641fcc4c.png,B,2024-05-05 19:53:59.991257,,0,Mon 2024 05 05 19:53:59 991257 GMT+0000 (UTC),"19,535"
mse_low,gan_ratio_med,,afe3676bbfcf7183d697ff7b5d5bd45b.png,B,2024-05-05 19:53:59.991257,,0,Mon 2024 05 05 19:53:59 991257 GMT+0000 (UTC),"905,237"
gan_ratio_fixed_low,gan_high,,c80999cd5533e448167cd9b3ccfa2a37.png,B,2024-05-05 19:53:59.991257,,0,Mon 2024 05 05 19:53:59 991257 GMT+0000 (UTC),"623,52"
gan_ratio_low,gan_ratio_med,,9466a908d088d32ee73f04116c40e48c.png,B,2024-05-05 19:53:59.991257,,0,Mon 2024 05 05 19:53:59 991257 GMT+0000 (UTC),"460,367"
gan_ratio_fixed_low,gan_ratio_low,,ddcd24d99f48eaa369207882a6f37831.png,B,2024-05-05 19:53:59.991257,,0,Mon 2024 05 05 19:53:59 991257 GMT+0000 (UTC),"1142,181"
gan_ratio_med,gan_ratio_high,,870516c65d81fb9267de6865964083a9.png,B,2024-05-05 19:53:59.991257,,0,Mon 2024 05 05 19:53:59 991257 GMT+0000 (UTC),"752,173"
gan_low,gan_med,,b51d5fb537246482ef7a7ab63f093cab.png,B,2024-05-05 19:53:59.991257,,0,Mon 2024 05 05 19:53:59 991257 GMT+0000 (UTC),"989,70"
gan_med,gan_ratio_high,,8bb119b8ca17492392e1e3ea4b811b32.png,A,2024-05-05 19:53:59.991257,,0,Mon 2024 05 05 19:53:59 991257 GMT+0000 (UTC),"302,467"
gan_low,gan_med,,100a02c269c5948392f283b2aa3bb4da.png,B,2024-05-05 19:53:59.991257,,0,Mon 2024 05 05 19:53:59 991257 GMT+0000 (UTC),"303,96"
gan_low,gan_ratio_high,,ef576c4ed599d75d72145a8f34b58ccb.png,B,2024-05-05 19:53:59.991257,,0,Mon 2024 05 05 19:53:59 991257 GMT+0000 (UTC),"968,337"
gan_high,gan_ratio_high,,b939ac34faa94b5d0e753d570edc7048.png,A,2024-05-05 19:53:59.991257,,0,Mon 2024 05 05 19:53:59 991257 GMT+0000 (UTC),"1003,176"
gan_ratio_low,gan_ratio_high,,11f2b039b293758398b1a7a8afa64bb2.png,B,2024-05-05 19:53:59.991257,,0,Mon 2024 05 05 19:53:59 991257 GMT+0000 (UTC),"601,338"
gan_ratio_fixed_low,gan_low,,a36713f1943dac6bc74dea50cadaee6f.png,B,2024-05-05 20:57:20.900092,,0,Mon 2024 05 05 20:57:20 900092 GMT+0000 (UTC),"217,1088"
mse_low,gan_ratio_high,,0c49a5cce349020bbba2f97ae41e90ba.png,A,2024-05-05 20:57:20.900092,,0,Mon 2024 05 05 20:57:20 900092 GMT+0000 (UTC),"587,2"
gan_high,gan_ratio_high,,b939ac34faa94b5d0e753d570edc7048.png,A,2024-05-05 20:57:20.900092,,0,Mon 2024 05 05 20:57:20 900092 GMT+0000 (UTC),"550,0"
gan_ratio_low,gan_high,,a36713f1943dac6bc74dea50cadaee6f.png,A,2024-05-05 20:57:20.900092,,0,Mon 2024 05 05 20:57:20 900092 GMT+0000 (UTC),"81,1107"
mse_low,gan_high,,aed95e005df28e790519eefb6eb1e565.png,B,2024-05-05 20:57:20.900092,,0,Mon 2024 05 05 20:57:20 900092 GMT+0000 (UTC),"976,599"
gan_low,gan_ratio_high,,d1a9be98d1936065967adac50a6fb750.png,B,2024-05-05 20:57:20.900092,,0,Mon 2024 05 05 20:57:20 900092 GMT+0000 (UTC),"722,0"
gan_low,gan_ratio_high,,9466a908d088d32ee73f04116c40e48c.png,B,2024-05-05 20:57:20.900092,,0,Mon 2024 05 05 20:57:20 900092 GMT+0000 (UTC),"195,480"
gan_low,gan_med,,b51d5fb537246482ef7a7ab63f093cab.png,B,2024-05-05 20:57:20.900092,,0,Mon 2024 05 05 20:57:20 900092 GMT+0000 (UTC),"248,293"
gan_ratio_fixed_low,gan_med,,5dbdb989cf026f7ab3dd7167d7fc0fe2.png,B,2024-05-05 21:02:33.416884,,0,Mon 2024 05 05 21:02:33 416884 GMT+0000 (UTC),"517,1280"
gan_ratio_med,gan_high,,7e499613c3e376ea93afb3649719abeb.png,A,2024-05-05 21:02:33.416884,,0,Mon 2024 05 05 21:02:33 416884 GMT+0000 (UTC),"763,704"
gan_ratio_low,gan_ratio_med,,d1a9be98d1936065967adac50a6fb750.png,A,2024-05-05 21:14:25.543587,,0,Mon 2024 05 05 21:14:25 543587 GMT+0000 (UTC),"318,0"
gan_low,gan_high,,a36713f1943dac6bc74dea50cadaee6f.png,B,2024-05-05 21:14:25.543587,,0,Mon 2024 05 05 21:14:25 543587 GMT+0000 (UTC),"432,768"
gan_ratio_med,gan_ratio_high,,2c1f84548ef99faec2b4f9bf12227c83.png,B,2024-05-05 21:14:25.543587,,0,Mon 2024 05 05 21:14:25 543587 GMT+0000 (UTC),"270,505"
gan_low,gan_high,,d1a9be98d1936065967adac50a6fb750.png,B,2024-05-05 21:14:25.543587,,0,Mon 2024 05 05 21:14:25 543587 GMT+0000 (UTC),"492,0"
gan_low,gan_ratio_med,,100f17892cf7bb12beb12479641fcc4c.png,B,2024-05-05 21:14:25.543587,,0,Mon 2024 05 05 21:14:25 543587 GMT+0000 (UTC),"276,524"
gan_ratio_med,gan_high,,11f2b039b293758398b1a7a8afa64bb2.png,B,2024-05-05 21:14:25.543587,,0,Mon 2024 05 05 21:14:25 543587 GMT+0000 (UTC),"180,428"
mse_low,gan_ratio_low,,a10ae819a2d24873079c93346200cab3.png,B,2024-05-05 21:14:25.543587,,0,Mon 2024 05 05 21:14:25 543587 GMT+0000 (UTC),"159,480"
mse_low,gan_low,,2c1f84548ef99faec2b4f9bf12227c83.png,B,2024-05-05 21:14:25.543587,,0,Mon 2024 05 05 21:14:25 543587 GMT+0000 (UTC),"19,536"
mse_low,gan_high,,5e5ce43575fa67fdc0dd37146d7f479e.png,B,2024-05-05 21:14:25.543587,,0,Mon 2024 05 05 21:14:25 543587 GMT+0000 (UTC),"792,555"
gan_low,gan_high,,100a02c269c5948392f283b2aa3bb4da.png,B,2024-05-05 21:14:25.543587,,0,Mon 2024 05 05 21:14:25 543587 GMT+0000 (UTC),"102,191"
mse_low,gan_low,,a36713f1943dac6bc74dea50cadaee6f.png,A,2024-05-05 21:14:25.543587,,0,Mon 2024 05 05 21:14:25 543587 GMT+0000 (UTC),"128,926"
mse_low,gan_high,,a36713f1943dac6bc74dea50cadaee6f.png,B,2024-05-05 21:14:25.543587,,0,Mon 2024 05 05 21:14:25 543587 GMT+0000 (UTC),"170,1157"
gan_low,gan_med,,ef576c4ed599d75d72145a8f34b58ccb.png,B,2024-05-05 21:14:25.543587,,0,Mon 2024 05 05 21:14:25 543587 GMT+0000 (UTC),"433,96"
gan_ratio_med,gan_high,,8bb119b8ca17492392e1e3ea4b811b32.png,B,2024-05-05 21:14:25.543587,,0,Mon 2024 05 05 21:14:25 543587 GMT+0000 (UTC),"269,523"
gan_ratio_fixed_low,gan_ratio_med,,2a2420f929cd47122eae364a2bc27710.png,B,2024-05-05 21:14:25.543587,,0,Mon 2024 05 05 21:14:25 543587 GMT+0000 (UTC),"554,224"
gan_ratio_fixed_low,gan_ratio_high,,afe3676bbfcf7183d697ff7b5d5bd45b.png,B,2024-05-05 21:14:25.543587,,0,Mon 2024 05 05 21:14:25 543587 GMT+0000 (UTC),"1273,190"
mse_low,gan_ratio_fixed_low,,4a18abf66d65ad1a95ce455c8b6cd8de.png,B,2024-05-05 21:14:25.543587,,0,Mon 2024 05 05 21:14:25 543587 GMT+0000 (UTC),"146,813"
gan_ratio_low,gan_ratio_med,,0c49a5cce349020bbba2f97ae41e90ba.png,B,2024-05-05 21:14:25.543587,,0,Mon 2024 05 05 21:14:25 543587 GMT+0000 (UTC),"851,238"
gan_ratio_fixed_low,gan_ratio_low,,ddcd24d99f48eaa369207882a6f37831.png,B,2024-05-05 21:14:25.543587,,0,Mon 2024 05 05 21:14:25 543587 GMT+0000 (UTC),"158,452"
gan_ratio_fixed_low,gan_low,,4cd6910a0b7b39365fda5df87618d091.png,B,2024-05-05 21:14:25.543587,,0,Mon 2024 05 05 21:14:25 543587 GMT+0000 (UTC),"380,254"
gan_ratio_med,gan_ratio_high,,b939ac34faa94b5d0e753d570edc7048.png,B,2024-05-05 21:14:25.543587,,0,Mon 2024 05 05 21:14:25 543587 GMT+0000 (UTC),"535,100"
gan_ratio_fixed_low,gan_med,,3140d643a1f57e80ff265507984d95a0.png,B,2024-05-05 21:14:25.543587,,0,Mon 2024 05 05 21:14:25 543587 GMT+0000 (UTC),"1037,56"
gan_ratio_fixed_low,gan_ratio_low,,d79d465ac77c36518e0f0d626bf97ec4.png,B,2024-05-05 21:14:25.543587,,0,Mon 2024 05 05 21:14:25 543587 GMT+0000 (UTC),"604,556"
gan_ratio_med,gan_ratio_high,,4cd6910a0b7b39365fda5df87618d091.png,B,2024-05-05 21:14:25.543587,,0,Mon 2024 05 05 21:14:25 543587 GMT+0000 (UTC),"687,0"
gan_ratio_fixed_low,gan_med,,a36713f1943dac6bc74dea50cadaee6f.png,B,2024-05-05 21:14:25.543587,,0,Mon 2024 05 05 21:14:25 543587 GMT+0000 (UTC),"214,1145"
gan_low,gan_high,,100f17892cf7bb12beb12479641fcc4c.png,B,2024-05-05 21:14:25.543587,,0,Mon 2024 05 05 21:14:25 543587 GMT+0000 (UTC),"201,512"
gan_high,gan_ratio_high,,d79d465ac77c36518e0f0d626bf97ec4.png,B,2024-05-05 21:14:25.543587,,0,Mon 2024 05 05 21:14:25 543587 GMT+0000 (UTC),"508,585"
gan_ratio_fixed_low,gan_ratio_med,,28d24b9c83de066597ff96a68769884f.png,B,2024-05-05 21:14:25.543587,,0,Mon 2024 05 05 21:14:25 543587 GMT+0000 (UTC),"958,63"
gan_ratio_fixed_low,gan_high,,ddcd24d99f48eaa369207882a6f37831.png,B,2024-05-05 21:14:25.543587,,0,Mon 2024 05 05 21:14:25 543587 GMT+0000 (UTC),"581,195"
gan_low,gan_ratio_low,,aed95e005df28e790519eefb6eb1e565.png,B,2024-05-05 21:14:25.543587,,0,Mon 2024 05 05 21:14:25 543587 GMT+0000 (UTC),"1085,303"
gan_ratio_low,gan_ratio_med,,afe3676bbfcf7183d697ff7b5d5bd45b.png,B,2024-05-05 21:14:25.543587,,0,Mon 2024 05 05 21:14:25 543587 GMT+0000 (UTC),"173,278"
gan_ratio_low,gan_ratio_high,,7e499613c3e376ea93afb3649719abeb.png,B,2024-05-05 21:14:25.543587,,0,Mon 2024 05 05 21:14:25 543587 GMT+0000 (UTC),"118,654"
gan_ratio_med,gan_high,,b939ac34faa94b5d0e753d570edc7048.png,B,2024-05-05 21:14:25.543587,,0,Mon 2024 05 05 21:14:25 543587 GMT+0000 (UTC),"936,117"
gan_high,gan_ratio_high,,1e2f9d41529197f10d32bfa68a1e0bcc.png,B,2024-05-05 21:14:25.543587,,0,Mon 2024 05 05 21:14:25 543587 GMT+0000 (UTC),"703,352"
gan_low,gan_med,,870516c65d81fb9267de6865964083a9.png,B,2024-05-05 21:14:25.543587,,0,Mon 2024 05 05 21:14:25 543587 GMT+0000 (UTC),"294,281"
gan_high,gan_ratio_high,,097cb426910ba8ce2525dd8bb7fb1777.png,B,2024-05-05 21:14:25.543587,,0,Mon 2024 05 05 21:14:25 543587 GMT+0000 (UTC),"271,129"
gan_ratio_fixed_low,gan_med,,d79d465ac77c36518e0f0d626bf97ec4.png,B,2024-05-05 21:14:25.543587,,0,Mon 2024 05 05 21:14:25 543587 GMT+0000 (UTC),"370,492"
gan_med,gan_ratio_med,,c80999cd5533e448167cd9b3ccfa2a37.png,A,2024-05-05 21:14:25.543587,,0,Mon 2024 05 05 21:14:25 543587 GMT+0000 (UTC),"816,32"
gan_ratio_low,gan_med,,ef576c4ed599d75d72145a8f34b58ccb.png,B,2024-05-05 21:14:25.543587,,0,Mon 2024 05 05 21:14:25 543587 GMT+0000 (UTC),"452,209"
gan_ratio_fixed_low,gan_low,,2a2420f929cd47122eae364a2bc27710.png,A,2024-05-05 21:14:25.543587,,0,Mon 2024 05 05 21:14:25 543587 GMT+0000 (UTC),"570,159"
gan_low,gan_high,,60430844748882ff66b9a5598ef06dd6.png,B,2024-05-05 21:14:25.543587,,0,Mon 2024 05 05 21:14:25 543587 GMT+0000 (UTC),"263,68"
mse_low,gan_ratio_low,,60430844748882ff66b9a5598ef06dd6.png,B,2024-05-05 21:14:25.543587,,0,Mon 2024 05 05 21:14:25 543587 GMT+0000 (UTC),"123,133"
gan_low,gan_ratio_low,,60430844748882ff66b9a5598ef06dd6.png,B,2024-05-05 21:14:25.543587,,0,Mon 2024 05 05 21:14:25 543587 GMT+0000 (UTC),"230,91"
gan_ratio_fixed_low,gan_low,,d1a9be98d1936065967adac50a6fb750.png,B,2024-05-05 21:14:25.543587,,0,Mon 2024 05 05 21:14:25 543587 GMT+0000 (UTC),"340,0"
mse_low,gan_ratio_low,,ddcd24d99f48eaa369207882a6f37831.png,B,2024-05-05 21:14:25.543587,,0,Mon 2024 05 05 21:14:25 543587 GMT+0000 (UTC),"518,310"
gan_ratio_low,gan_med,,b51d5fb537246482ef7a7ab63f093cab.png,B,2024-05-05 21:14:25.543587,,0,Mon 2024 05 05 21:14:25 543587 GMT+0000 (UTC),"539,105"
mse_low,gan_med,,d1a9be98d1936065967adac50a6fb750.png,B,2024-05-05 21:14:25.543587,,0,Mon 2024 05 05 21:14:25 543587 GMT+0000 (UTC),"364,44"
gan_ratio_fixed_low,gan_high,,100f17892cf7bb12beb12479641fcc4c.png,B,2024-05-05 21:14:25.543587,,0,Mon 2024 05 05 21:14:25 543587 GMT+0000 (UTC),"378,540"
gan_low,gan_med,,a36713f1943dac6bc74dea50cadaee6f.png,B,2024-05-05 21:14:25.543587,,0,Mon 2024 05 05 21:14:25 543587 GMT+0000 (UTC),"493,1012"
mse_low,gan_ratio_low,,8bb119b8ca17492392e1e3ea4b811b32.png,B,2024-05-05 21:14:25.543587,,0,Mon 2024 05 05 21:14:25 543587 GMT+0000 (UTC),"278,509"
gan_low,gan_ratio_med,,ef576c4ed599d75d72145a8f34b58ccb.png,B,2024-05-06 12:00:41.461917,,0,Mon 2024 05 06 12:00:41 461917 GMT+0000 (UTC),"450,129"
mse_low,gan_ratio_fixed_low,,100f17892cf7bb12beb12479641fcc4c.png,B,2024-05-06 12:00:41.461917,,0,Mon 2024 05 06 12:00:41 461917 GMT+0000 (UTC),"532,451"
mse_low,gan_ratio_high,,c80999cd5533e448167cd9b3ccfa2a37.png,B,2024-05-06 12:00:41.461917,,0,Mon 2024 05 06 12:00:41 461917 GMT+0000 (UTC),"1197,20"
mse_low,gan_ratio_med,,8bb119b8ca17492392e1e3ea4b811b32.png,B,2024-05-06 12:00:41.461917,,0,Mon 2024 05 06 12:00:41 461917 GMT+0000 (UTC),"526,238"
gan_ratio_fixed_low,gan_ratio_med,,7e499613c3e376ea93afb3649719abeb.png,B,2024-05-06 12:00:41.461917,,0,Mon 2024 05 06 12:00:41 461917 GMT+0000 (UTC),"142,1017"
mse_low,gan_ratio_high,,0c49a5cce349020bbba2f97ae41e90ba.png,A,2024-05-06 12:00:41.461917,,0,Mon 2024 05 06 12:00:41 461917 GMT+0000 (UTC),"862,382"
gan_ratio_fixed_low,gan_ratio_high,,2a2420f929cd47122eae364a2bc27710.png,B,2024-05-06 12:00:41.461917,,0,Mon 2024 05 06 12:00:41 461917 GMT+0000 (UTC),"1042,216"
gan_ratio_low,gan_ratio_med,,3140d643a1f57e80ff265507984d95a0.png,B,2024-05-06 12:00:41.461917,,0,Mon 2024 05 06 12:00:41 461917 GMT+0000 (UTC),"318,257"
gan_low,gan_ratio_med,,a36713f1943dac6bc74dea50cadaee6f.png,B,2024-05-06 12:00:41.461917,,0,Mon 2024 05 06 12:00:41 461917 GMT+0000 (UTC),"88,177"
gan_ratio_low,gan_ratio_high,,22ea12c903e41583b7c469cb86040157.png,B,2024-05-06 12:00:41.461917,,0,Mon 2024 05 06 12:00:41 461917 GMT+0000 (UTC),"123,50"
gan_ratio_fixed_low,gan_low,,d1a9be98d1936065967adac50a6fb750.png,A,2024-05-06 12:00:41.461917,,0,Mon 2024 05 06 12:00:41 461917 GMT+0000 (UTC),"127,23"
gan_ratio_low,gan_ratio_high,,afe3676bbfcf7183d697ff7b5d5bd45b.png,B,2024-05-06 12:00:41.461917,,0,Mon 2024 05 06 12:00:41 461917 GMT+0000 (UTC),"1138,432"
gan_low,gan_ratio_low,,9466a908d088d32ee73f04116c40e48c.png,B,2024-05-06 12:00:41.461917,,0,Mon 2024 05 06 12:00:41 461917 GMT+0000 (UTC),"23,244"
gan_low,gan_ratio_high,,ef576c4ed599d75d72145a8f34b58ccb.png,B,2024-05-06 12:00:41.461917,,0,Mon 2024 05 06 12:00:41 461917 GMT+0000 (UTC),"299,343"
gan_ratio_fixed_low,gan_ratio_low,,1e2f9d41529197f10d32bfa68a1e0bcc.png,A,2024-05-06 12:00:41.461917,,0,Mon 2024 05 06 12:00:41 461917 GMT+0000 (UTC),"239,199"
gan_ratio_fixed_low,gan_ratio_med,,a10ae819a2d24873079c93346200cab3.png,B,2024-05-06 12:00:41.461917,,0,Mon 2024 05 06 12:00:41 461917 GMT+0000 (UTC),"59,901"
gan_ratio_low,gan_high,,aed95e005df28e790519eefb6eb1e565.png,B,2024-05-06 12:00:41.461917,,0,Mon 2024 05 06 12:00:41 461917 GMT+0000 (UTC),"533,111"
mse_low,gan_ratio_fixed_low,,7e499613c3e376ea93afb3649719abeb.png,B,2024-05-06 12:00:41.461917,,0,Mon 2024 05 06 12:00:41 461917 GMT+0000 (UTC),"377,141"
gan_ratio_fixed_low,gan_med,,4a18abf66d65ad1a95ce455c8b6cd8de.png,B,2024-05-06 12:00:41.461917,,0,Mon 2024 05 06 12:00:41 461917 GMT+0000 (UTC),"254,87"
gan_ratio_low,gan_high,,2c1f84548ef99faec2b4f9bf12227c83.png,B,2024-05-06 12:00:41.461917,,0,Mon 2024 05 06 12:00:41 461917 GMT+0000 (UTC),"143,166"
gan_med,gan_high,,0c49a5cce349020bbba2f97ae41e90ba.png,A,2024-05-06 12:00:41.461917,,0,Mon 2024 05 06 12:00:41 461917 GMT+0000 (UTC),"1096,88"
gan_ratio_fixed_low,gan_ratio_low,,afe3676bbfcf7183d697ff7b5d5bd45b.png,B,2024-05-06 12:00:41.461917,,0,Mon 2024 05 06 12:00:41 461917 GMT+0000 (UTC),"41,461"
gan_high,gan_ratio_high,,d1a9be98d1936065967adac50a6fb750.png,B,2024-05-06 12:00:41.461917,,0,Mon 2024 05 06 12:00:41 461917 GMT+0000 (UTC),"653,248"
gan_ratio_low,gan_ratio_med,,aed95e005df28e790519eefb6eb1e565.png,B,2024-05-06 12:00:41.461917,,0,Mon 2024 05 06 12:00:41 461917 GMT+0000 (UTC),"335,540"
gan_low,gan_ratio_high,,1e2f9d41529197f10d32bfa68a1e0bcc.png,B,2024-05-06 12:00:41.461917,,0,Mon 2024 05 06 12:00:41 461917 GMT+0000 (UTC),"350,265"
gan_low,gan_ratio_high,,100f17892cf7bb12beb12479641fcc4c.png,B,2024-05-06 12:00:41.461917,,0,Mon 2024 05 06 12:00:41 461917 GMT+0000 (UTC),"402,1272"
mse_low,gan_ratio_med,,aed95e005df28e790519eefb6eb1e565.png,B,2024-05-06 12:00:41.461917,,0,Mon 2024 05 06 12:00:41 461917 GMT+0000 (UTC),"1051,66"
mse_low,gan_low,,100a02c269c5948392f283b2aa3bb4da.png,B,2024-05-06 12:00:41.461917,,0,Mon 2024 05 06 12:00:41 461917 GMT+0000 (UTC),"39,347"
gan_ratio_fixed_low,gan_ratio_high,,100f17892cf7bb12beb12479641fcc4c.png,B,2024-05-06 12:00:41.461917,,0,Mon 2024 05 06 12:00:41 461917 GMT+0000 (UTC),"354,259"
gan_med,gan_high,,100a02c269c5948392f283b2aa3bb4da.png,A,2024-05-06 12:00:41.461917,,0,Mon 2024 05 06 12:00:41 461917 GMT+0000 (UTC),"1048,473"
gan_med,gan_ratio_high,,3140d643a1f57e80ff265507984d95a0.png,B,2024-05-06 12:00:41.461917,,0,Mon 2024 05 06 12:00:41 461917 GMT+0000 (UTC),"1148,86"
mse_low,gan_low,,0c49a5cce349020bbba2f97ae41e90ba.png,A,2024-05-06 12:00:41.461917,,0,Mon 2024 05 06 12:00:41 461917 GMT+0000 (UTC),"1174,156"
gan_med,gan_high,,5e5ce43575fa67fdc0dd37146d7f479e.png,A,2024-05-06 12:00:41.461917,,0,Mon 2024 05 06 12:00:41 461917 GMT+0000 (UTC),"377,526"
gan_ratio_fixed_low,gan_low,,5e5ce43575fa67fdc0dd37146d7f479e.png,A,2024-05-06 12:00:41.461917,,0,Mon 2024 05 06 12:00:41 461917 GMT+0000 (UTC),"583,631"
mse_low,gan_high,,9466a908d088d32ee73f04116c40e48c.png,B,2024-05-06 12:00:41.461917,,0,Mon 2024 05 06 12:00:41 461917 GMT+0000 (UTC),"4,607"
gan_med,gan_ratio_high,,d79d465ac77c36518e0f0d626bf97ec4.png,B,2024-05-06 12:00:41.461917,,0,Mon 2024 05 06 12:00:41 461917 GMT+0000 (UTC),"234,707"
gan_ratio_fixed_low,gan_low,,4a18abf66d65ad1a95ce455c8b6cd8de.png,A,2024-05-06 12:00:41.461917,,0,Mon 2024 05 06 12:00:41 461917 GMT+0000 (UTC),"189,1079"
gan_ratio_low,gan_med,,9466a908d088d32ee73f04116c40e48c.png,B,2024-05-06 12:00:41.461917,,0,Mon 2024 05 06 12:00:41 461917 GMT+0000 (UTC),"339,838"
gan_ratio_low,gan_med,,a10ae819a2d24873079c93346200cab3.png,B,2024-05-06 12:00:41.461917,,0,Mon 2024 05 06 12:00:41 461917 GMT+0000 (UTC),"264,1066"
mse_low,gan_ratio_high,,4a18abf66d65ad1a95ce455c8b6cd8de.png,B,2024-05-06 12:00:41.461917,,0,Mon 2024 05 06 12:00:41 461917 GMT+0000 (UTC),"55,283"
mse_low,gan_low,,22ea12c903e41583b7c469cb86040157.png,B,2024-05-06 12:00:41.461917,,0,Mon 2024 05 06 12:00:41 461917 GMT+0000 (UTC),"385,886"
gan_high,gan_ratio_high,,097cb426910ba8ce2525dd8bb7fb1777.png,B,2024-05-06 12:00:41.461917,,0,Mon 2024 05 06 12:00:41 461917 GMT+0000 (UTC),"463,647"
gan_ratio_fixed_low,gan_med,,b939ac34faa94b5d0e753d570edc7048.png,B,2024-05-06 12:00:41.461917,,0,Mon 2024 05 06 12:00:41 461917 GMT+0000 (UTC),"594,194"
gan_ratio_low,gan_ratio_med,,a10ae819a2d24873079c93346200cab3.png,B,2024-05-06 12:00:41.461917,,0,Mon 2024 05 06 12:00:41 461917 GMT+0000 (UTC),"532,657"
gan_ratio_fixed_low,gan_ratio_high,,3140d643a1f57e80ff265507984d95a0.png,B,2024-05-06 12:00:41.461917,,0,Mon 2024 05 06 12:00:41 461917 GMT+0000 (UTC),"626,213"
gan_ratio_fixed_low,gan_low,,9466a908d088d32ee73f04116c40e48c.png,A,2024-05-06 12:00:41.461917,,0,Mon 2024 05 06 12:00:41 461917 GMT+0000 (UTC),"389,428"
mse_low,gan_ratio_low,,60430844748882ff66b9a5598ef06dd6.png,A,2024-05-06 12:00:41.461917,,0,Mon 2024 05 06 12:00:41 461917 GMT+0000 (UTC),"158,1178"
gan_ratio_fixed_low,gan_low,,2a2420f929cd47122eae364a2bc27710.png,A,2024-05-06 12:00:41.461917,,0,Mon 2024 05 06 12:00:41 461917 GMT+0000 (UTC),"1040,548"
gan_low,gan_ratio_low,,5e5ce43575fa67fdc0dd37146d7f479e.png,A,2024-05-06 12:00:41.461917,,0,Mon 2024 05 06 12:00:41 461917 GMT+0000 (UTC),"277,106"
gan_ratio_med,gan_ratio_high,,3140d643a1f57e80ff265507984d95a0.png,B,2024-05-06 12:00:41.461917,,0,Mon 2024 05 06 12:00:41 461917 GMT+0000 (UTC),"604,143"
gan_ratio_fixed_low,gan_ratio_med,,3140d643a1f57e80ff265507984d95a0.png,B,2024-05-06 17:02:55.626980,,0,Mon 2024 05 06 17:02:55 626980 GMT+0000 (UTC),"652,384"
gan_ratio_fixed_low,gan_ratio_high,,c80999cd5533e448167cd9b3ccfa2a37.png,B,2024-05-06 17:02:55.626980,,0,Mon 2024 05 06 17:02:55 626980 GMT+0000 (UTC),"970,79"
gan_ratio_fixed_low,gan_ratio_med,,22ea12c903e41583b7c469cb86040157.png,B,2024-05-06 17:02:55.626980,,0,Mon 2024 05 06 17:02:55 626980 GMT+0000 (UTC),"762,342"
gan_low,gan_ratio_high,,d1a9be98d1936065967adac50a6fb750.png,B,2024-05-06 17:02:55.626980,,0,Mon 2024 05 06 17:02:55 626980 GMT+0000 (UTC),"582,58"
gan_low,gan_ratio_high,,b939ac34faa94b5d0e753d570edc7048.png,B,2024-05-06 17:02:55.626980,,0,Mon 2024 05 06 17:02:55 626980 GMT+0000 (UTC),"195,1"
mse_low,gan_med,,d1a9be98d1936065967adac50a6fb750.png,A,2024-05-06 17:02:55.626980,,0,Mon 2024 05 06 17:02:55 626980 GMT+0000 (UTC),"1176,166"
mse_low,gan_med,,100f17892cf7bb12beb12479641fcc4c.png,B,2024-05-06 17:02:55.626980,,0,Mon 2024 05 06 17:02:55 626980 GMT+0000 (UTC),"149,1197"
mse_low,gan_low,,ef576c4ed599d75d72145a8f34b58ccb.png,B,2024-05-06 17:02:55.626980,,0,Mon 2024 05 06 17:02:55 626980 GMT+0000 (UTC),"987,344"
gan_ratio_low,gan_high,,aed95e005df28e790519eefb6eb1e565.png,B,2024-05-06 17:02:55.626980,,0,Mon 2024 05 06 17:02:55 626980 GMT+0000 (UTC),"207,267"
gan_ratio_low,gan_ratio_med,,5e5ce43575fa67fdc0dd37146d7f479e.png,B,2024-05-06 17:02:55.626980,,0,Mon 2024 05 06 17:02:55 626980 GMT+0000 (UTC),"585,107"
gan_ratio_fixed_low,gan_ratio_high,,100a02c269c5948392f283b2aa3bb4da.png,B,2024-05-06 17:02:55.626980,,0,Mon 2024 05 06 17:02:55 626980 GMT+0000 (UTC),"976,172"
gan_low,gan_ratio_low,,14ab4af28901fbeb1356b06d2d08ae06.png,A,2024-05-06 17:02:55.626980,,0,Mon 2024 05 06 17:02:55 626980 GMT+0000 (UTC),"253,943"
gan_ratio_fixed_low,gan_ratio_med,,097cb426910ba8ce2525dd8bb7fb1777.png,B,2024-05-06 17:02:55.626980,,0,Mon 2024 05 06 17:02:55 626980 GMT+0000 (UTC),"82,1261"
gan_low,gan_med,,b939ac34faa94b5d0e753d570edc7048.png,B,2024-05-06 17:02:55.626980,,0,Mon 2024 05 06 17:02:55 626980 GMT+0000 (UTC),"373,8"
gan_med,gan_high,,5dbdb989cf026f7ab3dd7167d7fc0fe2.png,B,2024-05-06 17:02:55.626980,,0,Mon 2024 05 06 17:02:55 626980 GMT+0000 (UTC),"448,659"
gan_ratio_med,gan_high,,28d24b9c83de066597ff96a68769884f.png,A,2024-05-06 17:02:55.626980,,0,Mon 2024 05 06 17:02:55 626980 GMT+0000 (UTC),"58,280"
gan_ratio_fixed_low,gan_ratio_high,,5dbdb989cf026f7ab3dd7167d7fc0fe2.png,B,2024-05-06 17:02:55.626980,,0,Mon 2024 05 06 17:02:55 626980 GMT+0000 (UTC),"218,1039"
gan_ratio_fixed_low,gan_low,,ef576c4ed599d75d72145a8f34b58ccb.png,A,2024-05-06 17:02:55.626980,,0,Mon 2024 05 06 17:02:55 626980 GMT+0000 (UTC),"312,206"
gan_ratio_fixed_low,gan_ratio_high,,1e2f9d41529197f10d32bfa68a1e0bcc.png,B,2024-05-06 17:02:55.626980,,0,Mon 2024 05 06 17:02:55 626980 GMT+0000 (UTC),"1074,168"
gan_ratio_low,gan_ratio_med,,14ab4af28901fbeb1356b06d2d08ae06.png,B,2024-05-06 17:02:55.626980,,0,Mon 2024 05 06 17:02:55 626980 GMT+0000 (UTC),"488,1106"
gan_med,gan_ratio_high,,0c49a5cce349020bbba2f97ae41e90ba.png,A,2024-05-06 17:02:55.626980,,0,Mon 2024 05 06 17:02:55 626980 GMT+0000 (UTC),"1130,207"
mse_low,gan_ratio_high,,7e499613c3e376ea93afb3649719abeb.png,B,2024-05-06 17:02:55.626980,,0,Mon 2024 05 06 17:02:55 626980 GMT+0000 (UTC),"161,702"
gan_high,gan_ratio_high,,0c49a5cce349020bbba2f97ae41e90ba.png,B,2024-05-06 17:02:55.626980,,0,Mon 2024 05 06 17:02:55 626980 GMT+0000 (UTC),"337,222"
gan_ratio_low,gan_ratio_high,,14ab4af28901fbeb1356b06d2d08ae06.png,B,2024-05-06 17:02:55.626980,,0,Mon 2024 05 06 17:02:55 626980 GMT+0000 (UTC),"431,600"
gan_med,gan_ratio_high,,14ab4af28901fbeb1356b06d2d08ae06.png,B,2024-05-06 17:02:55.626980,,0,Mon 2024 05 06 17:02:55 626980 GMT+0000 (UTC),"96,418"
gan_ratio_fixed_low,gan_low,,4a18abf66d65ad1a95ce455c8b6cd8de.png,A,2024-05-06 17:02:55.626980,,0,Mon 2024 05 06 17:02:55 626980 GMT+0000 (UTC),"670,848"
mse_low,gan_ratio_low,,1e2f9d41529197f10d32bfa68a1e0bcc.png,A,2024-05-06 17:02:55.626980,,0,Mon 2024 05 06 17:02:55 626980 GMT+0000 (UTC),"1115,283"
gan_low,gan_high,,b51d5fb537246482ef7a7ab63f093cab.png,B,2024-05-06 17:02:55.626980,,0,Mon 2024 05 06 17:02:55 626980 GMT+0000 (UTC),"812,236"
mse_low,gan_ratio_low,,ef576c4ed599d75d72145a8f34b58ccb.png,B,2024-05-06 17:02:55.626980,,0,Mon 2024 05 06 17:02:55 626980 GMT+0000 (UTC),"805,341"
gan_ratio_fixed_low,gan_low,,afe3676bbfcf7183d697ff7b5d5bd45b.png,A,2024-05-06 17:02:55.626980,,0,Mon 2024 05 06 17:02:55 626980 GMT+0000 (UTC),"877,553"
gan_low,gan_ratio_med,,14ab4af28901fbeb1356b06d2d08ae06.png,B,2024-05-06 17:02:55.626980,,0,Mon 2024 05 06 17:02:55 626980 GMT+0000 (UTC),"235,1105"
gan_ratio_fixed_low,gan_ratio_high,,4cd6910a0b7b39365fda5df87618d091.png,B,2024-05-06 17:02:55.626980,,0,Mon 2024 05 06 17:02:55 626980 GMT+0000 (UTC),"671,13"
gan_low,gan_ratio_high,,097cb426910ba8ce2525dd8bb7fb1777.png,B,2024-05-06 17:02:55.626980,,0,Mon 2024 05 06 17:02:55 626980 GMT+0000 (UTC),"186,160"
gan_high,gan_ratio_high,,14ab4af28901fbeb1356b06d2d08ae06.png,A,2024-05-06 17:02:55.626980,,0,Mon 2024 05 06 17:02:55 626980 GMT+0000 (UTC),"387,831"
gan_ratio_fixed_low,gan_ratio_med,,5e5ce43575fa67fdc0dd37146d7f479e.png,B,2024-05-06 17:02:55.626980,,0,Mon 2024 05 06 17:02:55 626980 GMT+0000 (UTC),"1276,198"
gan_low,gan_ratio_low,,8bb119b8ca17492392e1e3ea4b811b32.png,B,2024-05-06 17:02:55.626980,,0,Mon 2024 05 06 17:02:55 626980 GMT+0000 (UTC),"7,439"
gan_med,gan_high,,a10ae819a2d24873079c93346200cab3.png,B,2024-05-06 17:02:55.626980,,0,Mon 2024 05 06 17:02:55 626980 GMT+0000 (UTC),"308,24"
gan_ratio_fixed_low,gan_med,,14ab4af28901fbeb1356b06d2d08ae06.png,B,2024-05-06 17:02:55.626980,,0,Mon 2024 05 06 17:02:55 626980 GMT+0000 (UTC),"196,887"
gan_low,gan_ratio_med,,b939ac34faa94b5d0e753d570edc7048.png,B,2024-05-06 17:02:55.626980,,0,Mon 2024 05 06 17:02:55 626980 GMT+0000 (UTC),"759,196"
gan_ratio_fixed_low,gan_low,,8bb119b8ca17492392e1e3ea4b811b32.png,B,2024-05-06 17:02:55.626980,,0,Mon 2024 05 06 17:02:55 626980 GMT+0000 (UTC),"332,912"
gan_ratio_fixed_low,gan_ratio_med,,a36713f1943dac6bc74dea50cadaee6f.png,B,2024-05-06 17:02:55.626980,,0,Mon 2024 05 06 17:02:55 626980 GMT+0000 (UTC),"117,936"
gan_ratio_med,gan_ratio_high,,4cd6910a0b7b39365fda5df87618d091.png,A,2024-05-06 17:02:55.626980,,0,Mon 2024 05 06 17:02:55 626980 GMT+0000 (UTC),"205,250"
gan_low,gan_ratio_high,,7e499613c3e376ea93afb3649719abeb.png,B,2024-05-06 17:02:55.626980,,0,Mon 2024 05 06 17:02:55 626980 GMT+0000 (UTC),"26,516"
mse_low,gan_ratio_high,,8bb119b8ca17492392e1e3ea4b811b32.png,B,2024-05-06 17:02:55.626980,,0,Mon 2024 05 06 17:02:55 626980 GMT+0000 (UTC),"359,965"
gan_high,gan_ratio_high,,5e5ce43575fa67fdc0dd37146d7f479e.png,B,2024-05-06 17:02:55.626980,,0,Mon 2024 05 06 17:02:55 626980 GMT+0000 (UTC),"843,294"
mse_low,gan_ratio_low,,5dbdb989cf026f7ab3dd7167d7fc0fe2.png,B,2024-05-06 17:02:55.626980,,0,Mon 2024 05 06 17:02:55 626980 GMT+0000 (UTC),"587,1002"
gan_low,gan_med,,22ea12c903e41583b7c469cb86040157.png,B,2024-05-06 17:02:55.626980,,0,Mon 2024 05 06 17:02:55 626980 GMT+0000 (UTC),"727,920"
gan_low,gan_ratio_low,,60430844748882ff66b9a5598ef06dd6.png,B,2024-05-06 17:02:55.626980,,0,Mon 2024 05 06 17:02:55 626980 GMT+0000 (UTC),"518,1274"
gan_ratio_med,gan_high,,100a02c269c5948392f283b2aa3bb4da.png,B,2024-05-06 17:02:55.626980,,0,Mon 2024 05 06 17:02:55 626980 GMT+0000 (UTC),"1217,165"
mse_low,gan_low,,ddcd24d99f48eaa369207882a6f37831.png,B,2024-05-06 17:02:55.626980,,0,Mon 2024 05 06 17:02:55 626980 GMT+0000 (UTC),"514,529"
mse_low,gan_ratio_fixed_low,,0c49a5cce349020bbba2f97ae41e90ba.png,B,2024-05-06 20:14:33.249952,,0,Mon 2024 05 06 20:14:33 249952 GMT+0000 (UTC),"999,208"
gan_med,gan_ratio_med,,3140d643a1f57e80ff265507984d95a0.png,B,2024-05-06 20:14:33.249952,,0,Mon 2024 05 06 20:14:33 249952 GMT+0000 (UTC),"60,172"
gan_low,gan_ratio_med,,1e2f9d41529197f10d32bfa68a1e0bcc.png,B,2024-05-06 20:14:33.249952,,0,Mon 2024 05 06 20:14:33 249952 GMT+0000 (UTC),"1234,497"
gan_med,gan_ratio_high,,097cb426910ba8ce2525dd8bb7fb1777.png,B,2024-05-06 20:14:33.249952,,0,Mon 2024 05 06 20:14:33 249952 GMT+0000 (UTC),"703,1169"
gan_med,gan_ratio_high,,8bb119b8ca17492392e1e3ea4b811b32.png,B,2024-05-06 20:14:33.249952,,0,Mon 2024 05 06 20:14:33 249952 GMT+0000 (UTC),"548,194"
mse_low,gan_low,,afe3676bbfcf7183d697ff7b5d5bd45b.png,A,2024-05-06 20:14:33.249952,,0,Mon 2024 05 06 20:14:33 249952 GMT+0000 (UTC),"96,319"
gan_ratio_low,gan_ratio_med,,28d24b9c83de066597ff96a68769884f.png,B,2024-05-06 20:14:33.249952,,0,Mon 2024 05 06 20:14:33 249952 GMT+0000 (UTC),"292,76"
gan_ratio_low,gan_med,,1e2f9d41529197f10d32bfa68a1e0bcc.png,B,2024-05-06 20:14:33.249952,,0,Mon 2024 05 06 20:14:33 249952 GMT+0000 (UTC),"843,535"
mse_low,gan_ratio_low,,aed95e005df28e790519eefb6eb1e565.png,A,2024-05-06 20:14:33.249952,,0,Mon 2024 05 06 20:14:33 249952 GMT+0000 (UTC),"1031,136"
gan_ratio_low,gan_ratio_high,,14ab4af28901fbeb1356b06d2d08ae06.png,B,2024-05-06 20:14:33.249952,,0,Mon 2024 05 06 20:14:33 249952 GMT+0000 (UTC),"20,761"
mse_low,gan_ratio_low,,7e499613c3e376ea93afb3649719abeb.png,B,2024-05-06 20:14:33.249952,,0,Mon 2024 05 06 20:14:33 249952 GMT+0000 (UTC),"393,260"
gan_ratio_med,gan_ratio_high,,5e5ce43575fa67fdc0dd37146d7f479e.png,A,2024-05-06 20:14:33.249952,,0,Mon 2024 05 06 20:14:33 249952 GMT+0000 (UTC),"782,388"
gan_med,gan_ratio_med,,d1a9be98d1936065967adac50a6fb750.png,A,2024-05-06 20:14:33.249952,,0,Mon 2024 05 06 20:14:33 249952 GMT+0000 (UTC),"709,9"
mse_low,gan_low,,28d24b9c83de066597ff96a68769884f.png,B,2024-05-06 20:14:33.249952,,0,Mon 2024 05 06 20:14:33 249952 GMT+0000 (UTC),"717,327"
gan_ratio_fixed_low,gan_med,,1e2f9d41529197f10d32bfa68a1e0bcc.png,B,2024-05-06 20:14:33.249952,,0,Mon 2024 05 06 20:14:33 249952 GMT+0000 (UTC),"639,30"
gan_ratio_fixed_low,gan_med,,ddcd24d99f48eaa369207882a6f37831.png,B,2024-05-06 20:14:33.249952,,0,Mon 2024 05 06 20:14:33 249952 GMT+0000 (UTC),"708,367"
gan_med,gan_high,,14ab4af28901fbeb1356b06d2d08ae06.png,B,2024-05-06 20:14:33.249952,,0,Mon 2024 05 06 20:14:33 249952 GMT+0000 (UTC),"0,81"
gan_ratio_low,gan_med,,7e499613c3e376ea93afb3649719abeb.png,B,2024-05-06 20:14:33.249952,,0,Mon 2024 05 06 20:14:33 249952 GMT+0000 (UTC),"580,475"
gan_med,gan_ratio_high,,1e2f9d41529197f10d32bfa68a1e0bcc.png,B,2024-05-06 20:14:33.249952,,0,Mon 2024 05 06 20:14:33 249952 GMT+0000 (UTC),"1072,334"
mse_low,gan_ratio_high,,2a2420f929cd47122eae364a2bc27710.png,B,2024-05-06 20:14:33.249952,,0,Mon 2024 05 06 20:14:33 249952 GMT+0000 (UTC),"699,272"
gan_ratio_fixed_low,gan_med,,2c1f84548ef99faec2b4f9bf12227c83.png,B,2024-05-06 20:14:33.249952,,0,Mon 2024 05 06 20:14:33 249952 GMT+0000 (UTC),"274,968"
gan_med,gan_ratio_med,,8bb119b8ca17492392e1e3ea4b811b32.png,A,2024-05-06 20:14:33.249952,,0,Mon 2024 05 06 20:14:33 249952 GMT+0000 (UTC),"12,382"
mse_low,gan_ratio_high,,8bb119b8ca17492392e1e3ea4b811b32.png,B,2024-05-06 20:14:33.249952,,0,Mon 2024 05 06 20:14:33 249952 GMT+0000 (UTC),"138,322"
gan_ratio_fixed_low,gan_ratio_low,,b51d5fb537246482ef7a7ab63f093cab.png,B,2024-05-06 20:14:33.249952,,0,Mon 2024 05 06 20:14:33 249952 GMT+0000 (UTC),"1076,80"
gan_med,gan_high,,100f17892cf7bb12beb12479641fcc4c.png,B,2024-05-06 20:14:33.249952,,0,Mon 2024 05 06 20:14:33 249952 GMT+0000 (UTC),"22,566"
gan_low,gan_ratio_med,,097cb426910ba8ce2525dd8bb7fb1777.png,B,2024-05-06 20:14:33.249952,,0,Mon 2024 05 06 20:14:33 249952 GMT+0000 (UTC),"4,84"
gan_ratio_med,gan_ratio_high,,8bb119b8ca17492392e1e3ea4b811b32.png,B,2024-05-06 20:14:33.249952,,0,Mon 2024 05 06 20:14:33 249952 GMT+0000 (UTC),"229,634"
gan_low,gan_ratio_low,,afe3676bbfcf7183d697ff7b5d5bd45b.png,A,2024-05-06 20:14:33.249952,,0,Mon 2024 05 06 20:14:33 249952 GMT+0000 (UTC),"68,146"
mse_low,gan_ratio_low,,2a2420f929cd47122eae364a2bc27710.png,B,2024-05-06 20:14:33.249952,,0,Mon 2024 05 06 20:14:33 249952 GMT+0000 (UTC),"929,258"
gan_ratio_fixed_low,gan_med,,d1a9be98d1936065967adac50a6fb750.png,B,2024-05-06 20:14:33.249952,,0,Mon 2024 05 06 20:14:33 249952 GMT+0000 (UTC),"251,484"
gan_ratio_med,gan_ratio_high,,2c1f84548ef99faec2b4f9bf12227c83.png,B,2024-05-06 20:14:33.249952,,0,Mon 2024 05 06 20:14:33 249952 GMT+0000 (UTC),"79,562"
mse_low,gan_ratio_low,,870516c65d81fb9267de6865964083a9.png,B,2024-05-06 20:14:33.249952,,0,Mon 2024 05 06 20:14:33 249952 GMT+0000 (UTC),"1120,451"
gan_ratio_low,gan_ratio_med,,5e5ce43575fa67fdc0dd37146d7f479e.png,B,2024-05-06 20:14:33.249952,,0,Mon 2024 05 06 20:14:33 249952 GMT+0000 (UTC),"476,793"
gan_ratio_low,gan_ratio_high,,a36713f1943dac6bc74dea50cadaee6f.png,B,2024-05-06 20:14:33.249952,,0,Mon 2024 05 06 20:14:33 249952 GMT+0000 (UTC),"594,694"
gan_low,gan_ratio_med,,7e499613c3e376ea93afb3649719abeb.png,B,2024-05-06 20:14:33.249952,,0,Mon 2024 05 06 20:14:33 249952 GMT+0000 (UTC),"54,484"
gan_low,gan_ratio_med,,100f17892cf7bb12beb12479641fcc4c.png,B,2024-05-06 20:14:33.249952,,0,Mon 2024 05 06 20:14:33 249952 GMT+0000 (UTC),"389,830"
mse_low,gan_ratio_low,,2c1f84548ef99faec2b4f9bf12227c83.png,B,2024-05-06 20:14:33.249952,,0,Mon 2024 05 06 20:14:33 249952 GMT+0000 (UTC),"255,62"
gan_ratio_med,gan_ratio_high,,b51d5fb537246482ef7a7ab63f093cab.png,B,2024-05-06 20:14:33.249952,,0,Mon 2024 05 06 20:14:33 249952 GMT+0000 (UTC),"483,250"
gan_ratio_low,gan_high,,60430844748882ff66b9a5598ef06dd6.png,B,2024-05-06 20:14:33.249952,,0,Mon 2024 05 06 20:14:33 249952 GMT+0000 (UTC),"357,136"
gan_ratio_low,gan_ratio_med,,a36713f1943dac6bc74dea50cadaee6f.png,B,2024-05-06 20:14:33.249952,,0,Mon 2024 05 06 20:14:33 249952 GMT+0000 (UTC),"0,761"
mse_low,gan_high,,d79d465ac77c36518e0f0d626bf97ec4.png,B,2024-05-06 20:14:33.249952,,0,Mon 2024 05 06 20:14:33 249952 GMT+0000 (UTC),"601,867"
mse_low,gan_low,,4a18abf66d65ad1a95ce455c8b6cd8de.png,A,2024-05-06 20:14:33.249952,,0,Mon 2024 05 06 20:14:33 249952 GMT+0000 (UTC),"171,755"
gan_ratio_low,gan_ratio_high,,b51d5fb537246482ef7a7ab63f093cab.png,B,2024-05-06 20:14:33.249952,,0,Mon 2024 05 06 20:14:33 249952 GMT+0000 (UTC),"838,0"
gan_ratio_med,gan_ratio_high,,a36713f1943dac6bc74dea50cadaee6f.png,B,2024-05-06 20:14:33.249952,,0,Mon 2024 05 06 20:14:33 249952 GMT+0000 (UTC),"597,1182"
gan_med,gan_ratio_med,,4cd6910a0b7b39365fda5df87618d091.png,B,2024-05-06 20:14:33.249952,,0,Mon 2024 05 06 20:14:33 249952 GMT+0000 (UTC),"480,0"
gan_low,gan_med,,c80999cd5533e448167cd9b3ccfa2a37.png,B,2024-05-06 20:14:33.249952,,0,Mon 2024 05 06 20:14:33 249952 GMT+0000 (UTC),"159,90"
gan_ratio_fixed_low,gan_ratio_low,,2a2420f929cd47122eae364a2bc27710.png,B,2024-05-06 20:14:33.249952,,0,Mon 2024 05 06 20:14:33 249952 GMT+0000 (UTC),"517,76"
gan_ratio_fixed_low,gan_ratio_high,,7e499613c3e376ea93afb3649719abeb.png,B,2024-05-06 20:14:33.249952,,0,Mon 2024 05 06 20:14:33 249952 GMT+0000 (UTC),"79,757"
mse_low,gan_ratio_low,,4cd6910a0b7b39365fda5df87618d091.png,A,2024-05-06 20:14:33.249952,,0,Mon 2024 05 06 20:14:33 249952 GMT+0000 (UTC),"1091,0"
gan_ratio_fixed_low,gan_med,,7e499613c3e376ea93afb3649719abeb.png,B,2024-05-06 20:14:33.249952,,0,Mon 2024 05 06 20:14:33 249952 GMT+0000 (UTC),"267,1044"
mse_low,gan_ratio_med,,60430844748882ff66b9a5598ef06dd6.png,B,2024-05-06 21:22:37.704652,,0,Mon 2024 05 06 21:22:37 704652 GMT+0000 (UTC),"320,0"
mse_low,gan_ratio_fixed_low,,b51d5fb537246482ef7a7ab63f093cab.png,B,2024-05-06 21:22:37.704652,,0,Mon 2024 05 06 21:22:37 704652 GMT+0000 (UTC),"352,228"
gan_low,gan_ratio_low,,a10ae819a2d24873079c93346200cab3.png,B,2024-05-06 21:22:37.704652,,0,Mon 2024 05 06 21:22:37 704652 GMT+0000 (UTC),"104,1009"
mse_low,gan_ratio_fixed_low,,097cb426910ba8ce2525dd8bb7fb1777.png,B,2024-05-06 21:22:37.704652,,0,Mon 2024 05 06 21:22:37 704652 GMT+0000 (UTC),"398,214"
gan_low,gan_med,,5dbdb989cf026f7ab3dd7167d7fc0fe2.png,B,2024-05-06 21:22:37.704652,,0,Mon 2024 05 06 21:22:37 704652 GMT+0000 (UTC),"157,984"
gan_low,gan_med,,100f17892cf7bb12beb12479641fcc4c.png,B,2024-05-06 21:22:37.704652,,0,Mon 2024 05 06 21:22:37 704652 GMT+0000 (UTC),"346,483"
gan_med,gan_ratio_high,,60430844748882ff66b9a5598ef06dd6.png,B,2024-05-06 21:22:37.704652,,0,Mon 2024 05 06 21:22:37 704652 GMT+0000 (UTC),"128,138"
mse_low,gan_ratio_low,,ef576c4ed599d75d72145a8f34b58ccb.png,A,2024-05-06 21:22:37.704652,,0,Mon 2024 05 06 21:22:37 704652 GMT+0000 (UTC),"301,384"
gan_ratio_low,gan_high,,5dbdb989cf026f7ab3dd7167d7fc0fe2.png,B,2024-05-06 21:22:37.704652,,0,Mon 2024 05 06 21:22:37 704652 GMT+0000 (UTC),"536,188"
gan_ratio_fixed_low,gan_high,,d79d465ac77c36518e0f0d626bf97ec4.png,B,2024-05-06 21:22:37.704652,,0,Mon 2024 05 06 21:22:37 704652 GMT+0000 (UTC),"270,610"
gan_ratio_med,gan_high,,870516c65d81fb9267de6865964083a9.png,B,2024-05-06 21:22:37.704652,,0,Mon 2024 05 06 21:22:37 704652 GMT+0000 (UTC),"716,388"
gan_low,gan_med,,11f2b039b293758398b1a7a8afa64bb2.png,B,2024-05-06 21:22:37.704652,,0,Mon 2024 05 06 21:22:37 704652 GMT+0000 (UTC),"136,886"
gan_ratio_fixed_low,gan_ratio_med,,28d24b9c83de066597ff96a68769884f.png,B,2024-05-06 21:22:37.704652,,0,Mon 2024 05 06 21:22:37 704652 GMT+0000 (UTC),"829,224"
gan_med,gan_ratio_med,,aed95e005df28e790519eefb6eb1e565.png,B,2024-05-06 21:22:37.704652,,0,Mon 2024 05 06 21:22:37 704652 GMT+0000 (UTC),"226,442"
gan_med,gan_ratio_med,,870516c65d81fb9267de6865964083a9.png,B,2024-05-06 21:22:37.704652,,0,Mon 2024 05 06 21:22:37 704652 GMT+0000 (UTC),"703,202"
gan_low,gan_ratio_high,,ddcd24d99f48eaa369207882a6f37831.png,B,2024-05-06 21:22:37.704652,,0,Mon 2024 05 06 21:22:37 704652 GMT+0000 (UTC),"529,321"
gan_low,gan_med,,b939ac34faa94b5d0e753d570edc7048.png,B,2024-05-06 21:22:37.704652,,0,Mon 2024 05 06 21:22:37 704652 GMT+0000 (UTC),"954,16"
gan_ratio_low,gan_ratio_med,,a10ae819a2d24873079c93346200cab3.png,B,2024-05-06 21:22:37.704652,,0,Mon 2024 05 06 21:22:37 704652 GMT+0000 (UTC),"198,369"
gan_high,gan_ratio_high,,3140d643a1f57e80ff265507984d95a0.png,A,2024-05-06 21:22:37.704652,,0,Mon 2024 05 06 21:22:37 704652 GMT+0000 (UTC),"289,384"
gan_ratio_low,gan_ratio_med,,11f2b039b293758398b1a7a8afa64bb2.png,B,2024-05-06 21:22:37.704652,,0,Mon 2024 05 06 21:22:37 704652 GMT+0000 (UTC),"207,338"
gan_med,gan_ratio_high,,ddcd24d99f48eaa369207882a6f37831.png,A,2024-05-06 21:22:37.704652,,0,Mon 2024 05 06 21:22:37 704652 GMT+0000 (UTC),"160,290"
gan_low,gan_ratio_med,,4cd6910a0b7b39365fda5df87618d091.png,B,2024-05-06 21:22:37.704652,,0,Mon 2024 05 06 21:22:37 704652 GMT+0000 (UTC),"42,79"
gan_ratio_fixed_low,gan_ratio_high,,5dbdb989cf026f7ab3dd7167d7fc0fe2.png,B,2024-05-06 21:22:37.704652,,0,Mon 2024 05 06 21:22:37 704652 GMT+0000 (UTC),"98,592"
mse_low,gan_ratio_high,,22ea12c903e41583b7c469cb86040157.png,B,2024-05-06 21:22:37.704652,,0,Mon 2024 05 06 21:22:37 704652 GMT+0000 (UTC),"34,561"
gan_ratio_low,gan_med,,3140d643a1f57e80ff265507984d95a0.png,B,2024-05-06 21:22:37.704652,,0,Mon 2024 05 06 21:22:37 704652 GMT+0000 (UTC),"852,0"
mse_low,gan_ratio_fixed_low,,14ab4af28901fbeb1356b06d2d08ae06.png,B,2024-05-06 21:22:37.704652,,0,Mon 2024 05 06 21:22:37 704652 GMT+0000 (UTC),"298,494"
gan_low,gan_ratio_high,,0c49a5cce349020bbba2f97ae41e90ba.png,B,2024-05-06 21:22:37.704652,,0,Mon 2024 05 06 21:22:37 704652 GMT+0000 (UTC),"145,415"
gan_ratio_fixed_low,gan_low,,14ab4af28901fbeb1356b06d2d08ae06.png,B,2024-05-06 21:22:37.704652,,0,Mon 2024 05 06 21:22:37 704652 GMT+0000 (UTC),"225,542"
gan_ratio_fixed_low,gan_ratio_high,,a36713f1943dac6bc74dea50cadaee6f.png,B,2024-05-06 21:22:37.704652,,0,Mon 2024 05 06 21:22:37 704652 GMT+0000 (UTC),"0,881"
mse_low,gan_ratio_med,,4a18abf66d65ad1a95ce455c8b6cd8de.png,B,2024-05-06 21:22:37.704652,,0,Mon 2024 05 06 21:22:37 704652 GMT+0000 (UTC),"563,832"
mse_low,gan_ratio_high,,8bb119b8ca17492392e1e3ea4b811b32.png,B,2024-05-06 21:22:37.704652,,0,Mon 2024 05 06 21:22:37 704652 GMT+0000 (UTC),"130,260"
gan_ratio_fixed_low,gan_ratio_med,,14ab4af28901fbeb1356b06d2d08ae06.png,B,2024-05-06 21:22:37.704652,,0,Mon 2024 05 06 21:22:37 704652 GMT+0000 (UTC),"347,349"
gan_ratio_low,gan_high,,22ea12c903e41583b7c469cb86040157.png,B,2024-05-06 21:22:37.704652,,0,Mon 2024 05 06 21:22:37 704652 GMT+0000 (UTC),"48,375"
gan_low,gan_ratio_low,,60430844748882ff66b9a5598ef06dd6.png,B,2024-05-06 21:22:37.704652,,0,Mon 2024 05 06 21:22:37 704652 GMT+0000 (UTC),"185,185"
gan_ratio_med,gan_ratio_high,,28d24b9c83de066597ff96a68769884f.png,B,2024-05-06 21:22:37.704652,,0,Mon 2024 05 06 21:22:37 704652 GMT+0000 (UTC),"984,7"
mse_low,gan_ratio_fixed_low,,870516c65d81fb9267de6865964083a9.png,B,2024-05-06 21:22:37.704652,,0,Mon 2024 05 06 21:22:37 704652 GMT+0000 (UTC),"631,292"
gan_ratio_low,gan_ratio_high,,8bb119b8ca17492392e1e3ea4b811b32.png,B,2024-05-06 21:22:37.704652,,0,Mon 2024 05 06 21:22:37 704652 GMT+0000 (UTC),"47,277"
gan_ratio_low,gan_med,,b51d5fb537246482ef7a7ab63f093cab.png,B,2024-05-06 21:22:37.704652,,0,Mon 2024 05 06 21:22:37 704652 GMT+0000 (UTC),"472,279"
gan_ratio_low,gan_high,,b939ac34faa94b5d0e753d570edc7048.png,B,2024-05-06 21:22:37.704652,,0,Mon 2024 05 06 21:22:37 704652 GMT+0000 (UTC),"586,108"
gan_ratio_fixed_low,gan_low,,100f17892cf7bb12beb12479641fcc4c.png,A,2024-05-06 21:22:37.704652,,0,Mon 2024 05 06 21:22:37 704652 GMT+0000 (UTC),"491,430"
gan_med,gan_ratio_med,,2c1f84548ef99faec2b4f9bf12227c83.png,A,2024-05-06 21:22:37.704652,,0,Mon 2024 05 06 21:22:37 704652 GMT+0000 (UTC),"543,387"
gan_low,gan_ratio_low,,5dbdb989cf026f7ab3dd7167d7fc0fe2.png,A,2024-05-06 21:22:37.704652,,0,Mon 2024 05 06 21:22:37 704652 GMT+0000 (UTC),"554,697"
gan_ratio_low,gan_med,,2a2420f929cd47122eae364a2bc27710.png,B,2024-05-06 21:22:37.704652,,0,Mon 2024 05 06 21:22:37 704652 GMT+0000 (UTC),"522,228"
mse_low,gan_med,,2c1f84548ef99faec2b4f9bf12227c83.png,B,2024-05-06 21:22:37.704652,,0,Mon 2024 05 06 21:22:37 704652 GMT+0000 (UTC),"304,371"
gan_med,gan_ratio_med,,14ab4af28901fbeb1356b06d2d08ae06.png,A,2024-05-06 21:22:37.704652,,0,Mon 2024 05 06 21:22:37 704652 GMT+0000 (UTC),"338,322"
gan_ratio_med,gan_high,,2a2420f929cd47122eae364a2bc27710.png,B,2024-05-06 21:22:37.704652,,0,Mon 2024 05 06 21:22:37 704652 GMT+0000 (UTC),"218,81"
mse_low,gan_high,,100a02c269c5948392f283b2aa3bb4da.png,B,2024-05-06 21:22:37.704652,,0,Mon 2024 05 06 21:22:37 704652 GMT+0000 (UTC),"855,256"
mse_low,gan_ratio_high,,d1a9be98d1936065967adac50a6fb750.png,B,2024-05-06 21:22:37.704652,,0,Mon 2024 05 06 21:22:37 704652 GMT+0000 (UTC),"625,317"
gan_ratio_fixed_low,gan_high,,b939ac34faa94b5d0e753d570edc7048.png,B,2024-05-06 21:22:37.704652,,0,Mon 2024 05 06 21:22:37 704652 GMT+0000 (UTC),"1218,186"
gan_ratio_fixed_low,gan_ratio_low,,4cd6910a0b7b39365fda5df87618d091.png,B,2024-05-06 21:22:37.704652,,0,Mon 2024 05 06 21:22:37 704652 GMT+0000 (UTC),"400,106"
gan_low,gan_high,,28d24b9c83de066597ff96a68769884f.png,B,2024-05-08 02:50:02.077634,,0,Mon 2024 05 08 02:50:02 077634 GMT+0000 (UTC),"-768,-768"
mse_low,gan_med,,a10ae819a2d24873079c93346200cab3.png,B,2024-05-08 02:50:02.077634,,0,Mon 2024 05 08 02:50:02 077634 GMT+0000 (UTC),"480,1024"
mse_low,gan_ratio_med,,c80999cd5533e448167cd9b3ccfa2a37.png,B,2024-05-08 02:50:02.077634,,0,Mon 2024 05 08 02:50:02 077634 GMT+0000 (UTC),"0,63"
gan_ratio_fixed_low,gan_high,,28d24b9c83de066597ff96a68769884f.png,B,2024-05-08 02:50:02.077634,,0,Mon 2024 05 08 02:50:02 077634 GMT+0000 (UTC),"922,527"
gan_ratio_fixed_low,gan_ratio_med,,a36713f1943dac6bc74dea50cadaee6f.png,B,2024-05-08 02:50:02.077634,,0,Mon 2024 05 08 02:50:02 077634 GMT+0000 (UTC),"22,334"
mse_low,gan_high,,870516c65d81fb9267de6865964083a9.png,B,2024-05-08 02:50:02.077634,,0,Mon 2024 05 08 02:50:02 077634 GMT+0000 (UTC),"187,449"
gan_ratio_fixed_low,gan_ratio_low,,aed95e005df28e790519eefb6eb1e565.png,B,2024-05-08 02:50:02.077634,,0,Mon 2024 05 08 02:50:02 077634 GMT+0000 (UTC),"540,427"
gan_low,gan_med,,d79d465ac77c36518e0f0d626bf97ec4.png,B,2024-05-08 02:50:02.077634,,0,Mon 2024 05 08 02:50:02 077634 GMT+0000 (UTC),"646,633"
gan_ratio_med,gan_high,,14ab4af28901fbeb1356b06d2d08ae06.png,B,2024-05-08 02:50:02.077634,,0,Mon 2024 05 08 02:50:02 077634 GMT+0000 (UTC),"263,680"
mse_low,gan_med,,b939ac34faa94b5d0e753d570edc7048.png,B,2024-05-08 02:50:02.077634,,0,Mon 2024 05 08 02:50:02 077634 GMT+0000 (UTC),"1109,189"
gan_low,gan_high,,100f17892cf7bb12beb12479641fcc4c.png,B,2024-05-08 02:50:02.077634,,0,Mon 2024 05 08 02:50:02 077634 GMT+0000 (UTC),"273,13"
gan_ratio_low,gan_high,,11f2b039b293758398b1a7a8afa64bb2.png,B,2024-05-08 02:50:02.077634,,0,Mon 2024 05 08 02:50:02 077634 GMT+0000 (UTC),"472,867"
gan_med,gan_high,,100f17892cf7bb12beb12479641fcc4c.png,A,2024-05-08 02:50:02.077634,,0,Mon 2024 05 08 02:50:02 077634 GMT+0000 (UTC),"459,302"
mse_low,gan_ratio_fixed_low,,0c49a5cce349020bbba2f97ae41e90ba.png,B,2024-05-08 02:50:02.077634,,0,Mon 2024 05 08 02:50:02 077634 GMT+0000 (UTC),"156,197"
gan_ratio_fixed_low,gan_high,,ddcd24d99f48eaa369207882a6f37831.png,B,2024-05-08 02:50:02.077634,,0,Mon 2024 05 08 02:50:02 077634 GMT+0000 (UTC),"943,593"
gan_ratio_low,gan_med,,0c49a5cce349020bbba2f97ae41e90ba.png,B,2024-05-08 02:50:02.077634,,0,Mon 2024 05 08 02:50:02 077634 GMT+0000 (UTC),"738,201"
gan_ratio_low,gan_med,,14ab4af28901fbeb1356b06d2d08ae06.png,B,2024-05-08 02:50:02.077634,,0,Mon 2024 05 08 02:50:02 077634 GMT+0000 (UTC),"365,536"
gan_med,gan_high,,2a2420f929cd47122eae364a2bc27710.png,A,2024-05-08 02:50:02.077634,,0,Mon 2024 05 08 02:50:02 077634 GMT+0000 (UTC),"98,148"
mse_low,gan_med,,100f17892cf7bb12beb12479641fcc4c.png,B,2024-05-08 02:50:02.077634,,0,Mon 2024 05 08 02:50:02 077634 GMT+0000 (UTC),"533,786"
gan_med,gan_high,,afe3676bbfcf7183d697ff7b5d5bd45b.png,B,2024-05-08 02:50:02.077634,,0,Mon 2024 05 08 02:50:02 077634 GMT+0000 (UTC),"237,565"
gan_ratio_low,gan_high,,a10ae819a2d24873079c93346200cab3.png,B,2024-05-08 02:50:02.077634,,0,Mon 2024 05 08 02:50:02 077634 GMT+0000 (UTC),"253,944"
gan_ratio_low,gan_ratio_med,,ddcd24d99f48eaa369207882a6f37831.png,B,2024-05-08 02:50:02.077634,,0,Mon 2024 05 08 02:50:02 077634 GMT+0000 (UTC),"391,175"
gan_ratio_fixed_low,gan_high,,0c49a5cce349020bbba2f97ae41e90ba.png,B,2024-05-08 02:50:02.077634,,0,Mon 2024 05 08 02:50:02 077634 GMT+0000 (UTC),"136,343"
gan_ratio_fixed_low,gan_low,,870516c65d81fb9267de6865964083a9.png,A,2024-05-08 02:50:02.077634,,0,Mon 2024 05 08 02:50:02 077634 GMT+0000 (UTC),"1279,75"
mse_low,gan_high,,d1a9be98d1936065967adac50a6fb750.png,B,2024-05-08 02:50:02.077634,,0,Mon 2024 05 08 02:50:02 077634 GMT+0000 (UTC),"270,481"
mse_low,gan_ratio_fixed_low,,8bb119b8ca17492392e1e3ea4b811b32.png,B,2024-05-08 02:50:02.077634,,0,Mon 2024 05 08 02:50:02 077634 GMT+0000 (UTC),"467,89"
gan_low,gan_ratio_high,,5dbdb989cf026f7ab3dd7167d7fc0fe2.png,B,2024-05-08 02:50:02.077634,,0,Mon 2024 05 08 02:50:02 077634 GMT+0000 (UTC),"296,582"
gan_ratio_fixed_low,gan_ratio_high,,22ea12c903e41583b7c469cb86040157.png,B,2024-05-08 02:50:02.077634,,0,Mon 2024 05 08 02:50:02 077634 GMT+0000 (UTC),"697,441"
mse_low,gan_high,,2c1f84548ef99faec2b4f9bf12227c83.png,B,2024-05-08 02:50:02.077634,,0,Mon 2024 05 08 02:50:02 077634 GMT+0000 (UTC),"471,263"
gan_low,gan_ratio_high,,22ea12c903e41583b7c469cb86040157.png,B,2024-05-08 02:50:02.077634,,0,Mon 2024 05 08 02:50:02 077634 GMT+0000 (UTC),"391,1002"
gan_med,gan_high,,14ab4af28901fbeb1356b06d2d08ae06.png,A,2024-05-08 02:50:02.077634,,0,Mon 2024 05 08 02:50:02 077634 GMT+0000 (UTC),"276,108"
gan_ratio_low,gan_high,,c80999cd5533e448167cd9b3ccfa2a37.png,B,2024-05-08 02:50:02.077634,,0,Mon 2024 05 08 02:50:02 077634 GMT+0000 (UTC),"894,93"
gan_low,gan_high,,097cb426910ba8ce2525dd8bb7fb1777.png,B,2024-05-08 02:50:02.077634,,0,Mon 2024 05 08 02:50:02 077634 GMT+0000 (UTC),"298,481"
gan_ratio_fixed_low,gan_low,,d79d465ac77c36518e0f0d626bf97ec4.png,A,2024-05-08 02:50:02.077634,,0,Mon 2024 05 08 02:50:02 077634 GMT+0000 (UTC),"466,518"
gan_med,gan_high,,a36713f1943dac6bc74dea50cadaee6f.png,B,2024-05-08 02:50:02.077634,,0,Mon 2024 05 08 02:50:02 077634 GMT+0000 (UTC),"383,180"
gan_med,gan_ratio_med,,9466a908d088d32ee73f04116c40e48c.png,A,2024-05-08 02:50:02.077634,,0,Mon 2024 05 08 02:50:02 077634 GMT+0000 (UTC),"411,987"
gan_ratio_low,gan_high,,3140d643a1f57e80ff265507984d95a0.png,B,2024-05-08 02:50:02.077634,,0,Mon 2024 05 08 02:50:02 077634 GMT+0000 (UTC),"507,17"
mse_low,gan_ratio_fixed_low,,097cb426910ba8ce2525dd8bb7fb1777.png,B,2024-05-08 02:50:02.077634,,0,Mon 2024 05 08 02:50:02 077634 GMT+0000 (UTC),"157,245"
gan_ratio_low,gan_med,,afe3676bbfcf7183d697ff7b5d5bd45b.png,B,2024-05-08 02:50:02.077634,,0,Mon 2024 05 08 02:50:02 077634 GMT+0000 (UTC),"237,36"
gan_ratio_fixed_low,gan_med,,8bb119b8ca17492392e1e3ea4b811b32.png,B,2024-05-08 02:50:02.077634,,0,Mon 2024 05 08 02:50:02 077634 GMT+0000 (UTC),"109,489"
mse_low,gan_ratio_low,,c80999cd5533e448167cd9b3ccfa2a37.png,B,2024-05-08 02:50:02.077634,,0,Mon 2024 05 08 02:50:02 077634 GMT+0000 (UTC),"727,27"
gan_ratio_low,gan_ratio_med,,8bb119b8ca17492392e1e3ea4b811b32.png,B,2024-05-08 02:50:02.077634,,0,Mon 2024 05 08 02:50:02 077634 GMT+0000 (UTC),"470,786"
gan_low,gan_ratio_high,,14ab4af28901fbeb1356b06d2d08ae06.png,B,2024-05-08 02:50:02.077634,,0,Mon 2024 05 08 02:50:02 077634 GMT+0000 (UTC),"114,221"
mse_low,gan_med,,1e2f9d41529197f10d32bfa68a1e0bcc.png,B,2024-05-08 02:50:02.077634,,0,Mon 2024 05 08 02:50:02 077634 GMT+0000 (UTC),"1077,185"
gan_ratio_low,gan_ratio_med,,d79d465ac77c36518e0f0d626bf97ec4.png,B,2024-05-08 02:50:02.077634,,0,Mon 2024 05 08 02:50:02 077634 GMT+0000 (UTC),"563,676"
gan_low,gan_high,,b51d5fb537246482ef7a7ab63f093cab.png,B,2024-05-08 02:50:02.077634,,0,Mon 2024 05 08 02:50:02 077634 GMT+0000 (UTC),"296,44"
gan_ratio_fixed_low,gan_med,,870516c65d81fb9267de6865964083a9.png,B,2024-05-08 02:50:02.077634,,0,Mon 2024 05 08 02:50:02 077634 GMT+0000 (UTC),"340,424"
gan_med,gan_ratio_high,,c80999cd5533e448167cd9b3ccfa2a37.png,B,2024-05-08 02:50:02.077634,,0,Mon 2024 05 08 02:50:02 077634 GMT+0000 (UTC),"1277,85"
mse_low,gan_ratio_fixed_low,,11f2b039b293758398b1a7a8afa64bb2.png,B,2024-05-08 02:50:02.077634,,0,Mon 2024 05 08 02:50:02 077634 GMT+0000 (UTC),"334,382"
gan_low,gan_med,,9466a908d088d32ee73f04116c40e48c.png,B,2024-05-08 02:50:02.077634,,0,Mon 2024 05 08 02:50:02 077634 GMT+0000 (UTC),"365,1187"
mse_low,gan_ratio_fixed_low,,ef576c4ed599d75d72145a8f34b58ccb.png,A,2024-05-08 16:01:11.921390,,0,Mon 2024 05 08 16:01:11 921390 GMT+0000 (UTC),"1280,364"
gan_ratio_fixed_low,gan_ratio_high,,aed95e005df28e790519eefb6eb1e565.png,A,2024-05-08 16:01:11.921390,,0,Mon 2024 05 08 16:01:11 921390 GMT+0000 (UTC),"0,447"
gan_ratio_low,gan_ratio_high,,100f17892cf7bb12beb12479641fcc4c.png,B,2024-05-08 16:01:11.921390,,0,Mon 2024 05 08 16:01:11 921390 GMT+0000 (UTC),"509,446"
gan_ratio_fixed_low,gan_ratio_low,,4cd6910a0b7b39365fda5df87618d091.png,A,2024-05-08 16:01:11.921390,,0,Mon 2024 05 08 16:01:11 921390 GMT+0000 (UTC),"761,204"
mse_low,gan_ratio_fixed_low,,097cb426910ba8ce2525dd8bb7fb1777.png,B,2024-05-08 16:01:11.921390,,0,Mon 2024 05 08 16:01:11 921390 GMT+0000 (UTC),"179,1069"
gan_low,gan_high,,ddcd24d99f48eaa369207882a6f37831.png,B,2024-05-08 16:01:11.921390,,0,Mon 2024 05 08 16:01:11 921390 GMT+0000 (UTC),"318,497"
gan_ratio_med,gan_high,,9466a908d088d32ee73f04116c40e48c.png,A,2024-05-08 16:04:13.698797,,0,Mon 2024 05 08 16:04:13 698797 GMT+0000 (UTC),"-768,0"
mse_low,gan_high,,2a2420f929cd47122eae364a2bc27710.png,B,2024-05-08 16:04:13.698797,,0,Mon 2024 05 08 16:04:13 698797 GMT+0000 (UTC),"832,21"
mse_low,gan_ratio_high,,4a18abf66d65ad1a95ce455c8b6cd8de.png,A,2024-05-08 16:04:13.698797,,0,Mon 2024 05 08 16:04:13 698797 GMT+0000 (UTC),"0,928"
gan_ratio_low,gan_high,,5dbdb989cf026f7ab3dd7167d7fc0fe2.png,A,2024-05-08 16:04:13.698797,,0,Mon 2024 05 08 16:04:13 698797 GMT+0000 (UTC),"320,0"
gan_ratio_fixed_low,gan_high,,8bb119b8ca17492392e1e3ea4b811b32.png,A,2024-05-08 16:04:13.698797,,0,Mon 2024 05 08 16:04:13 698797 GMT+0000 (UTC),"543,437"
gan_ratio_fixed_low,gan_med,,a10ae819a2d24873079c93346200cab3.png,A,2024-05-08 16:04:13.698797,,0,Mon 2024 05 08 16:04:13 698797 GMT+0000 (UTC),"0,136"
gan_ratio_fixed_low,gan_ratio_low,,afe3676bbfcf7183d697ff7b5d5bd45b.png,A,2024-05-08 20:50:39.016193,,0,Mon 2024 05 08 20:50:39 016193 GMT+0000 (UTC),"256,224"
gan_low,gan_ratio_low,,100f17892cf7bb12beb12479641fcc4c.png,A,2024-05-08 20:50:39.016193,,0,Mon 2024 05 08 20:50:39 016193 GMT+0000 (UTC),"277,510"
gan_med,gan_ratio_med,,8bb119b8ca17492392e1e3ea4b811b32.png,A,2024-05-08 20:50:39.016193,,0,Mon 2024 05 08 20:50:39 016193 GMT+0000 (UTC),"288,512"
gan_ratio_low,gan_ratio_med,,097cb426910ba8ce2525dd8bb7fb1777.png,A,2024-05-08 20:50:39.016193,,0,Mon 2024 05 08 20:50:39 016193 GMT+0000 (UTC),"381,160"
gan_low,gan_med,,2c1f84548ef99faec2b4f9bf12227c83.png,A,2024-05-08 20:50:39.016193,,0,Mon 2024 05 08 20:50:39 016193 GMT+0000 (UTC),"256,562"
gan_ratio_low,gan_ratio_med,,2a2420f929cd47122eae364a2bc27710.png,A,2024-05-08 20:50:39.016193,,0,Mon 2024 05 08 20:50:39 016193 GMT+0000 (UTC),"127,179"
gan_low,gan_ratio_med,,22ea12c903e41583b7c469cb86040157.png,A,2024-05-08 20:50:39.016193,,0,Mon 2024 05 08 20:50:39 016193 GMT+0000 (UTC),"410,720"
gan_ratio_med,gan_high,,3140d643a1f57e80ff265507984d95a0.png,A,2024-05-08 20:50:39.016193,,0,Mon 2024 05 08 20:50:39 016193 GMT+0000 (UTC),"125,0"
gan_high,gan_ratio_high,,b939ac34faa94b5d0e753d570edc7048.png,B,2024-05-08 20:50:39.016193,,0,Mon 2024 05 08 20:50:39 016193 GMT+0000 (UTC),"710,136"
gan_ratio_low,gan_ratio_high,,8bb119b8ca17492392e1e3ea4b811b32.png,A,2024-05-08 20:50:39.016193,,0,Mon 2024 05 08 20:50:39 016193 GMT+0000 (UTC),"52,338"
gan_ratio_fixed_low,gan_high,,ddcd24d99f48eaa369207882a6f37831.png,A,2024-05-08 20:50:39.016193,,0,Mon 2024 05 08 20:50:39 016193 GMT+0000 (UTC),"1194,101"
gan_med,gan_ratio_med,,d1a9be98d1936065967adac50a6fb750.png,A,2024-05-08 20:50:39.016193,,0,Mon 2024 05 08 20:50:39 016193 GMT+0000 (UTC),"706,0"
gan_low,gan_med,,100f17892cf7bb12beb12479641fcc4c.png,A,2024-05-08 20:50:39.016193,,0,Mon 2024 05 08 20:50:39 016193 GMT+0000 (UTC),"71,425"
gan_ratio_fixed_low,gan_ratio_high,,60430844748882ff66b9a5598ef06dd6.png,A,2024-05-08 20:50:39.016193,,0,Mon 2024 05 08 20:50:39 016193 GMT+0000 (UTC),"444,0"
gan_ratio_fixed_low,gan_ratio_med,,870516c65d81fb9267de6865964083a9.png,A,2024-05-08 20:50:39.016193,,0,Mon 2024 05 08 20:50:39 016193 GMT+0000 (UTC),"272,312"
gan_ratio_low,gan_med,,afe3676bbfcf7183d697ff7b5d5bd45b.png,A,2024-05-08 20:50:39.016193,,0,Mon 2024 05 08 20:50:39 016193 GMT+0000 (UTC),"18,120"
gan_med,gan_ratio_med,,14ab4af28901fbeb1356b06d2d08ae06.png,A,2024-05-08 20:50:39.016193,,0,Mon 2024 05 08 20:50:39 016193 GMT+0000 (UTC),"43,503"
gan_ratio_fixed_low,gan_ratio_high,,d1a9be98d1936065967adac50a6fb750.png,A,2024-05-08 20:50:39.016193,,0,Mon 2024 05 08 20:50:39 016193 GMT+0000 (UTC),"158,109"
gan_ratio_fixed_low,gan_high,,60430844748882ff66b9a5598ef06dd6.png,B,2024-05-08 20:50:39.016193,,0,Mon 2024 05 08 20:50:39 016193 GMT+0000 (UTC),"296,118"
mse_low,gan_ratio_high,,0c49a5cce349020bbba2f97ae41e90ba.png,A,2024-05-08 20:50:39.016193,,0,Mon 2024 05 08 20:50:39 016193 GMT+0000 (UTC),"648,0"
gan_ratio_fixed_low,gan_ratio_high,,ef576c4ed599d75d72145a8f34b58ccb.png,B,2024-05-08 20:50:39.016193,,0,Mon 2024 05 08 20:50:39 016193 GMT+0000 (UTC),"1253,295"
gan_ratio_med,gan_ratio_high,,5e5ce43575fa67fdc0dd37146d7f479e.png,A,2024-05-08 20:50:39.016193,,0,Mon 2024 05 08 20:50:39 016193 GMT+0000 (UTC),"568,523"
mse_low,gan_high,,11f2b039b293758398b1a7a8afa64bb2.png,B,2024-05-08 20:50:39.016193,,0,Mon 2024 05 08 20:50:39 016193 GMT+0000 (UTC),"866,1280"
mse_low,gan_ratio_low,,28d24b9c83de066597ff96a68769884f.png,B,2024-05-08 20:50:39.016193,,0,Mon 2024 05 08 20:50:39 016193 GMT+0000 (UTC),"884,30"
gan_ratio_fixed_low,gan_ratio_low,,4a18abf66d65ad1a95ce455c8b6cd8de.png,B,2024-05-08 20:50:39.016193,,0,Mon 2024 05 08 20:50:39 016193 GMT+0000 (UTC),"158,618"
gan_ratio_low,gan_med,,14ab4af28901fbeb1356b06d2d08ae06.png,A,2024-05-08 20:50:39.016193,,0,Mon 2024 05 08 20:50:39 016193 GMT+0000 (UTC),"45,449"
gan_ratio_low,gan_ratio_med,,7e499613c3e376ea93afb3649719abeb.png,A,2024-05-08 20:50:39.016193,,0,Mon 2024 05 08 20:50:39 016193 GMT+0000 (UTC),"643,706"
gan_low,gan_ratio_low,,0c49a5cce349020bbba2f97ae41e90ba.png,B,2024-05-08 20:50:39.016193,,0,Mon 2024 05 08 20:50:39 016193 GMT+0000 (UTC),"869,336"
mse_low,gan_ratio_fixed_low,,11f2b039b293758398b1a7a8afa64bb2.png,A,2024-05-08 20:50:39.016193,,0,Mon 2024 05 08 20:50:39 016193 GMT+0000 (UTC),"581,427"
gan_ratio_low,gan_ratio_high,,100a02c269c5948392f283b2aa3bb4da.png,B,2024-05-08 20:50:39.016193,,0,Mon 2024 05 08 20:50:39 016193 GMT+0000 (UTC),"1034,25"
gan_med,gan_ratio_high,,14ab4af28901fbeb1356b06d2d08ae06.png,B,2024-05-08 20:50:39.016193,,0,Mon 2024 05 08 20:50:39 016193 GMT+0000 (UTC),"365,806"
mse_low,gan_ratio_low,,11f2b039b293758398b1a7a8afa64bb2.png,A,2024-05-08 20:50:39.016193,,0,Mon 2024 05 08 20:50:39 016193 GMT+0000 (UTC),"158,908"
gan_high,gan_ratio_high,,3140d643a1f57e80ff265507984d95a0.png,B,2024-05-08 20:50:39.016193,,0,Mon 2024 05 08 20:50:39 016193 GMT+0000 (UTC),"282,333"
gan_ratio_med,gan_high,,aed95e005df28e790519eefb6eb1e565.png,B,2024-05-08 20:50:39.016193,,0,Mon 2024 05 08 20:50:39 016193 GMT+0000 (UTC),"182,305"
mse_low,gan_low,,4a18abf66d65ad1a95ce455c8b6cd8de.png,A,2024-05-08 20:50:39.016193,,0,Mon 2024 05 08 20:50:39 016193 GMT+0000 (UTC),"277,51"
gan_med,gan_ratio_high,,870516c65d81fb9267de6865964083a9.png,B,2024-05-08 20:50:39.016193,,0,Mon 2024 05 08 20:50:39 016193 GMT+0000 (UTC),"1167,528"
gan_low,gan_ratio_med,,4a18abf66d65ad1a95ce455c8b6cd8de.png,B,2024-05-08 20:50:39.016193,,0,Mon 2024 05 08 20:50:39 016193 GMT+0000 (UTC),"292,24"
gan_high,gan_ratio_high,,22ea12c903e41583b7c469cb86040157.png,A,2024-05-08 20:50:39.016193,,0,Mon 2024 05 08 20:50:39 016193 GMT+0000 (UTC),"605,1099"
gan_low,gan_med,,7e499613c3e376ea93afb3649719abeb.png,B,2024-05-08 20:50:39.016193,,0,Mon 2024 05 08 20:50:39 016193 GMT+0000 (UTC),"231,361"
gan_ratio_fixed_low,gan_ratio_high,,28d24b9c83de066597ff96a68769884f.png,B,2024-05-08 20:50:39.016193,,0,Mon 2024 05 08 20:50:39 016193 GMT+0000 (UTC),"1045,553"
gan_ratio_low,gan_med,,22ea12c903e41583b7c469cb86040157.png,A,2024-05-08 20:50:39.016193,,0,Mon 2024 05 08 20:50:39 016193 GMT+0000 (UTC),"746,1218"
mse_low,gan_ratio_low,,a36713f1943dac6bc74dea50cadaee6f.png,B,2024-05-08 20:50:39.016193,,0,Mon 2024 05 08 20:50:39 016193 GMT+0000 (UTC),"555,362"
gan_ratio_med,gan_ratio_high,,100a02c269c5948392f283b2aa3bb4da.png,B,2024-05-08 20:50:39.016193,,0,Mon 2024 05 08 20:50:39 016193 GMT+0000 (UTC),"188,78"
gan_ratio_fixed_low,gan_high,,d1a9be98d1936065967adac50a6fb750.png,B,2024-05-08 20:50:39.016193,,0,Mon 2024 05 08 20:50:39 016193 GMT+0000 (UTC),"1117,341"
gan_low,gan_ratio_low,,ef576c4ed599d75d72145a8f34b58ccb.png,A,2024-05-08 20:50:39.016193,,0,Mon 2024 05 08 20:50:39 016193 GMT+0000 (UTC),"833,11"
gan_ratio_low,gan_ratio_med,,aed95e005df28e790519eefb6eb1e565.png,B,2024-05-08 20:50:39.016193,,0,Mon 2024 05 08 20:50:39 016193 GMT+0000 (UTC),"551,115"
mse_low,gan_med,,1e2f9d41529197f10d32bfa68a1e0bcc.png,B,2024-05-08 20:50:39.016193,,0,Mon 2024 05 08 20:50:39 016193 GMT+0000 (UTC),"114,578"
gan_ratio_fixed_low,gan_ratio_med,,d79d465ac77c36518e0f0d626bf97ec4.png,B,2024-05-08 20:50:39.016193,,0,Mon 2024 05 08 20:50:39 016193 GMT+0000 (UTC),"32,433"
mse_low,gan_ratio_high,,60430844748882ff66b9a5598ef06dd6.png,B,2024-05-08 20:50:39.016193,,0,Mon 2024 05 08 20:50:39 016193 GMT+0000 (UTC),"13,74"
gan_low,gan_ratio_low,,4cd6910a0b7b39365fda5df87618d091.png,A,2024-05-08 20:50:39.016193,,0,Mon 2024 05 08 20:50:39 016193 GMT+0000 (UTC),"988,123"
gan_low,gan_ratio_high,,2a2420f929cd47122eae364a2bc27710.png,B,2024-05-09 10:00:33.873869,,0,Mon 2024 05 09 10:00:33 873869 GMT+0000 (UTC),"-768,0"
gan_med,gan_high,,5e5ce43575fa67fdc0dd37146d7f479e.png,A,2024-05-09 10:00:33.873869,,0,Mon 2024 05 09 10:00:33 873869 GMT+0000 (UTC),"808,617"
mse_low,gan_med,,28d24b9c83de066597ff96a68769884f.png,B,2024-05-09 10:01:31.922355,,0,Mon 2024 05 09 10:01:31 922355 GMT+0000 (UTC),"-768,0"
gan_ratio_fixed_low,gan_ratio_med,,0c49a5cce349020bbba2f97ae41e90ba.png,B,2024-05-09 10:01:31.922355,,0,Mon 2024 05 09 10:01:31 922355 GMT+0000 (UTC),"813,180"
gan_low,gan_ratio_low,,097cb426910ba8ce2525dd8bb7fb1777.png,B,2024-05-09 10:01:31.922355,,0,Mon 2024 05 09 10:01:31 922355 GMT+0000 (UTC),"240,396"
mse_low,gan_ratio_low,,8bb119b8ca17492392e1e3ea4b811b32.png,B,2024-05-09 10:01:31.922355,,0,Mon 2024 05 09 10:01:31 922355 GMT+0000 (UTC),"253,636"
mse_low,gan_med,,097cb426910ba8ce2525dd8bb7fb1777.png,B,2024-05-09 10:01:31.922355,,0,Mon 2024 05 09 10:01:31 922355 GMT+0000 (UTC),"477,369"
gan_med,gan_ratio_med,,2a2420f929cd47122eae364a2bc27710.png,A,2024-05-09 10:01:31.922355,,0,Mon 2024 05 09 10:01:31 922355 GMT+0000 (UTC),"600,418"
gan_low,gan_ratio_low,,a36713f1943dac6bc74dea50cadaee6f.png,A,2024-05-09 10:01:31.922355,,0,Mon 2024 05 09 10:01:31 922355 GMT+0000 (UTC),"0,335"
gan_high,gan_ratio_high,,c80999cd5533e448167cd9b3ccfa2a37.png,B,2024-05-09 10:01:31.922355,,0,Mon 2024 05 09 10:01:31 922355 GMT+0000 (UTC),"1130,92"
gan_ratio_fixed_low,gan_high,,5dbdb989cf026f7ab3dd7167d7fc0fe2.png,B,2024-05-09 10:01:31.922355,,0,Mon 2024 05 09 10:01:31 922355 GMT+0000 (UTC),"345,262"
gan_ratio_low,gan_med,,4cd6910a0b7b39365fda5df87618d091.png,B,2024-05-09 10:01:31.922355,,0,Mon 2024 05 09 10:01:31 922355 GMT+0000 (UTC),"353,5"
mse_low,gan_high,,22ea12c903e41583b7c469cb86040157.png,B,2024-05-09 10:01:31.922355,,0,Mon 2024 05 09 10:01:31 922355 GMT+0000 (UTC),"64,1221"
gan_med,gan_ratio_med,,b51d5fb537246482ef7a7ab63f093cab.png,B,2024-05-09 10:01:31.922355,,0,Mon 2024 05 09 10:01:31 922355 GMT+0000 (UTC),"575,55"
gan_med,gan_ratio_high,,11f2b039b293758398b1a7a8afa64bb2.png,B,2024-05-09 10:01:31.922355,,0,Mon 2024 05 09 10:01:31 922355 GMT+0000 (UTC),"462,934"
mse_low,gan_ratio_high,,2a2420f929cd47122eae364a2bc27710.png,B,2024-05-09 10:01:31.922355,,0,Mon 2024 05 09 10:01:31 922355 GMT+0000 (UTC),"1002,584"
mse_low,gan_ratio_med,,4a18abf66d65ad1a95ce455c8b6cd8de.png,B,2024-05-09 10:01:31.922355,,0,Mon 2024 05 09 10:01:31 922355 GMT+0000 (UTC),"364,733"
gan_ratio_med,gan_high,,28d24b9c83de066597ff96a68769884f.png,A,2024-05-09 10:01:31.922355,,0,Mon 2024 05 09 10:01:31 922355 GMT+0000 (UTC),"390,354"
mse_low,gan_ratio_fixed_low,,870516c65d81fb9267de6865964083a9.png,A,2024-05-09 10:01:31.922355,,0,Mon 2024 05 09 10:01:31 922355 GMT+0000 (UTC),"689,353"
gan_high,gan_ratio_high,,7e499613c3e376ea93afb3649719abeb.png,A,2024-05-09 10:01:31.922355,,0,Mon 2024 05 09 10:01:31 922355 GMT+0000 (UTC),"528,1001"
mse_low,gan_high,,ef576c4ed599d75d72145a8f34b58ccb.png,B,2024-05-09 10:01:31.922355,,0,Mon 2024 05 09 10:01:31 922355 GMT+0000 (UTC),"312,18"
gan_ratio_fixed_low,gan_ratio_med,,b939ac34faa94b5d0e753d570edc7048.png,B,2024-05-09 10:01:31.922355,,0,Mon 2024 05 09 10:01:31 922355 GMT+0000 (UTC),"3,105"
gan_high,gan_ratio_high,,100f17892cf7bb12beb12479641fcc4c.png,B,2024-05-09 10:01:31.922355,,0,Mon 2024 05 09 10:01:31 922355 GMT+0000 (UTC),"231,579"
gan_med,gan_high,,c80999cd5533e448167cd9b3ccfa2a37.png,B,2024-05-09 10:01:31.922355,,0,Mon 2024 05 09 10:01:31 922355 GMT+0000 (UTC),"1263,39"
gan_ratio_low,gan_ratio_med,,2c1f84548ef99faec2b4f9bf12227c83.png,B,2024-05-09 10:01:31.922355,,0,Mon 2024 05 09 10:01:31 922355 GMT+0000 (UTC),"276,480"
gan_ratio_fixed_low,gan_ratio_med,,ddcd24d99f48eaa369207882a6f37831.png,B,2024-05-09 10:01:31.922355,,0,Mon 2024 05 09 10:01:31 922355 GMT+0000 (UTC),"625,435"
gan_high,gan_ratio_high,,aed95e005df28e790519eefb6eb1e565.png,A,2024-05-09 10:01:31.922355,,0,Mon 2024 05 09 10:01:31 922355 GMT+0000 (UTC),"242,250"
gan_med,gan_ratio_med,,9466a908d088d32ee73f04116c40e48c.png,B,2024-05-09 10:01:31.922355,,0,Mon 2024 05 09 10:01:31 922355 GMT+0000 (UTC),"556,101"
gan_ratio_fixed_low,gan_med,,100a02c269c5948392f283b2aa3bb4da.png,A,2024-05-09 10:01:31.922355,,0,Mon 2024 05 09 10:01:31 922355 GMT+0000 (UTC),"111,16"
gan_ratio_med,gan_ratio_high,,3140d643a1f57e80ff265507984d95a0.png,A,2024-05-09 10:01:31.922355,,0,Mon 2024 05 09 10:01:31 922355 GMT+0000 (UTC),"902,365"
gan_ratio_low,gan_med,,8bb119b8ca17492392e1e3ea4b811b32.png,A,2024-05-09 10:01:31.922355,,0,Mon 2024 05 09 10:01:31 922355 GMT+0000 (UTC),"325,881"
gan_ratio_low,gan_ratio_high,,7e499613c3e376ea93afb3649719abeb.png,B,2024-05-09 10:01:31.922355,,0,Mon 2024 05 09 10:01:31 922355 GMT+0000 (UTC),"613,1109"
gan_ratio_low,gan_ratio_med,,1e2f9d41529197f10d32bfa68a1e0bcc.png,B,2024-05-09 10:01:31.922355,,0,Mon 2024 05 09 10:01:31 922355 GMT+0000 (UTC),"591,125"
gan_low,gan_med,,5e5ce43575fa67fdc0dd37146d7f479e.png,B,2024-05-09 10:01:31.922355,,0,Mon 2024 05 09 10:01:31 922355 GMT+0000 (UTC),"274,260"
gan_high,gan_ratio_high,,60430844748882ff66b9a5598ef06dd6.png,B,2024-05-09 10:01:31.922355,,0,Mon 2024 05 09 10:01:31 922355 GMT+0000 (UTC),"110,618"
gan_low,gan_med,,b51d5fb537246482ef7a7ab63f093cab.png,B,2024-05-09 10:01:31.922355,,0,Mon 2024 05 09 10:01:31 922355 GMT+0000 (UTC),"252,286"
mse_low,gan_high,,d79d465ac77c36518e0f0d626bf97ec4.png,A,2024-05-09 10:01:31.922355,,0,Mon 2024 05 09 10:01:31 922355 GMT+0000 (UTC),"701,368"
mse_low,gan_ratio_low,,22ea12c903e41583b7c469cb86040157.png,B,2024-05-09 10:01:31.922355,,0,Mon 2024 05 09 10:01:31 922355 GMT+0000 (UTC),"863,250"
mse_low,gan_ratio_med,,afe3676bbfcf7183d697ff7b5d5bd45b.png,B,2024-05-09 10:01:31.922355,,0,Mon 2024 05 09 10:01:31 922355 GMT+0000 (UTC),"846,276"
gan_ratio_low,gan_ratio_high,,100a02c269c5948392f283b2aa3bb4da.png,B,2024-05-09 10:01:31.922355,,0,Mon 2024 05 09 10:01:31 922355 GMT+0000 (UTC),"987,524"
gan_low,gan_ratio_high,,100f17892cf7bb12beb12479641fcc4c.png,B,2024-05-09 10:01:31.922355,,0,Mon 2024 05 09 10:01:31 922355 GMT+0000 (UTC),"389,867"
gan_ratio_low,gan_high,,14ab4af28901fbeb1356b06d2d08ae06.png,A,2024-05-09 10:01:31.922355,,0,Mon 2024 05 09 10:01:31 922355 GMT+0000 (UTC),"99,135"
gan_low,gan_ratio_low,,14ab4af28901fbeb1356b06d2d08ae06.png,B,2024-05-09 10:01:31.922355,,0,Mon 2024 05 09 10:01:31 922355 GMT+0000 (UTC),"400,728"
gan_ratio_fixed_low,gan_ratio_high,,d79d465ac77c36518e0f0d626bf97ec4.png,A,2024-05-09 10:01:31.922355,,0,Mon 2024 05 09 10:01:31 922355 GMT+0000 (UTC),"784,159"
gan_low,gan_ratio_low,,60430844748882ff66b9a5598ef06dd6.png,B,2024-05-09 10:01:31.922355,,0,Mon 2024 05 09 10:01:31 922355 GMT+0000 (UTC),"414,29"
mse_low,gan_ratio_high,,a10ae819a2d24873079c93346200cab3.png,B,2024-05-09 10:01:31.922355,,0,Mon 2024 05 09 10:01:31 922355 GMT+0000 (UTC),"31,802"
gan_low,gan_ratio_low,,22ea12c903e41583b7c469cb86040157.png,A,2024-05-09 10:01:31.922355,,0,Mon 2024 05 09 10:01:31 922355 GMT+0000 (UTC),"369,751"
mse_low,gan_ratio_high,,097cb426910ba8ce2525dd8bb7fb1777.png,B,2024-05-09 10:01:31.922355,,0,Mon 2024 05 09 10:01:31 922355 GMT+0000 (UTC),"284,1188"
gan_low,gan_ratio_low,,a10ae819a2d24873079c93346200cab3.png,B,2024-05-09 10:01:31.922355,,0,Mon 2024 05 09 10:01:31 922355 GMT+0000 (UTC),"83,500"
gan_ratio_low,gan_med,,afe3676bbfcf7183d697ff7b5d5bd45b.png,B,2024-05-09 10:01:31.922355,,0,Mon 2024 05 09 10:01:31 922355 GMT+0000 (UTC),"1061,359"
gan_med,gan_ratio_med,,a10ae819a2d24873079c93346200cab3.png,A,2024-05-09 10:01:31.922355,,0,Mon 2024 05 09 10:01:31 922355 GMT+0000 (UTC),"536,417"
gan_low,gan_high,,ef576c4ed599d75d72145a8f34b58ccb.png,B,2024-05-09 10:01:31.922355,,0,Mon 2024 05 09 10:01:31 922355 GMT+0000 (UTC),"1008,25"
mse_low,gan_low,,a36713f1943dac6bc74dea50cadaee6f.png,B,2024-05-10 20:24:46.761568,,0,Mon 2024 05 10 20:24:46 761568 GMT+0000 (UTC),"0,258"
mse_low,gan_med,,1e2f9d41529197f10d32bfa68a1e0bcc.png,B,2024-05-11 14:20:23.332578,,0,Mon 2024 05 11 14:20:23 332578 GMT+0000 (UTC),"352,338"
gan_low,gan_ratio_low,,4cd6910a0b7b39365fda5df87618d091.png,A,2024-05-11 14:20:23.332578,,0,Mon 2024 05 11 14:20:23 332578 GMT+0000 (UTC),"864,0"
gan_low,gan_ratio_high,,097cb426910ba8ce2525dd8bb7fb1777.png,B,2024-05-11 14:20:23.332578,,0,Mon 2024 05 11 14:20:23 332578 GMT+0000 (UTC),"132,555"
gan_ratio_fixed_low,gan_ratio_low,,a10ae819a2d24873079c93346200cab3.png,B,2024-05-11 14:20:23.332578,,0,Mon 2024 05 11 14:20:23 332578 GMT+0000 (UTC),"111,1251"
gan_ratio_med,gan_high,,5dbdb989cf026f7ab3dd7167d7fc0fe2.png,B,2024-05-11 14:20:23.332578,,0,Mon 2024 05 11 14:20:23 332578 GMT+0000 (UTC),"570,1140"
gan_ratio_fixed_low,gan_low,,9466a908d088d32ee73f04116c40e48c.png,B,2024-05-11 14:20:23.332578,,0,Mon 2024 05 11 14:20:23 332578 GMT+0000 (UTC),"469,436"
mse_low,gan_ratio_med,,0c49a5cce349020bbba2f97ae41e90ba.png,B,2024-05-11 14:20:23.332578,,0,Mon 2024 05 11 14:20:23 332578 GMT+0000 (UTC),"115,112"
gan_ratio_low,gan_ratio_high,,5e5ce43575fa67fdc0dd37146d7f479e.png,B,2024-05-11 14:20:23.332578,,0,Mon 2024 05 11 14:20:23 332578 GMT+0000 (UTC),"836,605"
gan_ratio_fixed_low,gan_med,,60430844748882ff66b9a5598ef06dd6.png,B,2024-05-11 14:20:23.332578,,0,Mon 2024 05 11 14:20:23 332578 GMT+0000 (UTC),"449,696"
gan_ratio_fixed_low,gan_low,,5e5ce43575fa67fdc0dd37146d7f479e.png,A,2024-05-11 14:20:23.332578,,0,Mon 2024 05 11 14:20:23 332578 GMT+0000 (UTC),"1028,366"
mse_low,gan_ratio_high,,4a18abf66d65ad1a95ce455c8b6cd8de.png,B,2024-05-11 14:20:23.332578,,0,Mon 2024 05 11 14:20:23 332578 GMT+0000 (UTC),"470,537"
gan_med,gan_high,,1e2f9d41529197f10d32bfa68a1e0bcc.png,B,2024-05-11 14:20:23.332578,,0,Mon 2024 05 11 14:20:23 332578 GMT+0000 (UTC),"1154,522"
gan_ratio_low,gan_med,,097cb426910ba8ce2525dd8bb7fb1777.png,B,2024-05-11 14:20:23.332578,,0,Mon 2024 05 11 14:20:23 332578 GMT+0000 (UTC),"270,685"
gan_low,gan_ratio_low,,1e2f9d41529197f10d32bfa68a1e0bcc.png,A,2024-05-11 14:20:23.332578,,0,Mon 2024 05 11 14:20:23 332578 GMT+0000 (UTC),"149,60"
gan_low,gan_ratio_low,,5dbdb989cf026f7ab3dd7167d7fc0fe2.png,A,2024-05-11 14:20:23.332578,,0,Mon 2024 05 11 14:20:23 332578 GMT+0000 (UTC),"89,474"
gan_low,gan_ratio_low,,d1a9be98d1936065967adac50a6fb750.png,A,2024-05-11 14:20:23.332578,,0,Mon 2024 05 11 14:20:23 332578 GMT+0000 (UTC),"407,186"
gan_low,gan_high,,100a02c269c5948392f283b2aa3bb4da.png,B,2024-05-11 14:20:23.332578,,0,Mon 2024 05 11 14:20:23 332578 GMT+0000 (UTC),"943,505"
gan_low,gan_ratio_med,,ddcd24d99f48eaa369207882a6f37831.png,B,2024-05-11 14:20:23.332578,,0,Mon 2024 05 11 14:20:23 332578 GMT+0000 (UTC),"486,523"
gan_low,gan_high,,aed95e005df28e790519eefb6eb1e565.png,B,2024-05-11 14:20:23.332578,,0,Mon 2024 05 11 14:20:23 332578 GMT+0000 (UTC),"354,289"
gan_med,gan_ratio_med,,2c1f84548ef99faec2b4f9bf12227c83.png,A,2024-05-11 14:20:23.332578,,0,Mon 2024 05 11 14:20:23 332578 GMT+0000 (UTC),"30,666"
gan_low,gan_ratio_med,,7e499613c3e376ea93afb3649719abeb.png,B,2024-05-11 14:20:23.332578,,0,Mon 2024 05 11 14:20:23 332578 GMT+0000 (UTC),"676,543"
mse_low,gan_low,,c80999cd5533e448167cd9b3ccfa2a37.png,B,2024-05-11 14:20:23.332578,,0,Mon 2024 05 11 14:20:23 332578 GMT+0000 (UTC),"417,97"
gan_low,gan_ratio_low,,11f2b039b293758398b1a7a8afa64bb2.png,B,2024-05-11 14:20:23.332578,,0,Mon 2024 05 11 14:20:23 332578 GMT+0000 (UTC),"244,632"
gan_ratio_low,gan_med,,c80999cd5533e448167cd9b3ccfa2a37.png,B,2024-05-11 14:20:23.332578,,0,Mon 2024 05 11 14:20:23 332578 GMT+0000 (UTC),"971,58"
gan_med,gan_ratio_high,,d79d465ac77c36518e0f0d626bf97ec4.png,B,2024-05-11 14:20:23.332578,,0,Mon 2024 05 11 14:20:23 332578 GMT+0000 (UTC),"528,232"
gan_ratio_fixed_low,gan_ratio_high,,100a02c269c5948392f283b2aa3bb4da.png,B,2024-05-11 14:20:23.332578,,0,Mon 2024 05 11 14:20:23 332578 GMT+0000 (UTC),"702,568"
mse_low,gan_high,,5e5ce43575fa67fdc0dd37146d7f479e.png,B,2024-05-11 14:20:23.332578,,0,Mon 2024 05 11 14:20:23 332578 GMT+0000 (UTC),"462,688"
gan_ratio_fixed_low,gan_ratio_low,,097cb426910ba8ce2525dd8bb7fb1777.png,B,2024-05-11 14:20:23.332578,,0,Mon 2024 05 11 14:20:23 332578 GMT+0000 (UTC),"644,127"
gan_ratio_fixed_low,gan_ratio_high,,8bb119b8ca17492392e1e3ea4b811b32.png,B,2024-05-11 14:20:23.332578,,0,Mon 2024 05 11 14:20:23 332578 GMT+0000 (UTC),"196,1187"
gan_ratio_fixed_low,gan_ratio_high,,11f2b039b293758398b1a7a8afa64bb2.png,B,2024-05-11 14:20:23.332578,,0,Mon 2024 05 11 14:20:23 332578 GMT+0000 (UTC),"525,581"
gan_low,gan_ratio_high,,5e5ce43575fa67fdc0dd37146d7f479e.png,B,2024-05-11 14:20:23.332578,,0,Mon 2024 05 11 14:20:23 332578 GMT+0000 (UTC),"934,272"
mse_low,gan_ratio_fixed_low,,c80999cd5533e448167cd9b3ccfa2a37.png,B,2024-05-11 14:20:23.332578,,0,Mon 2024 05 11 14:20:23 332578 GMT+0000 (UTC),"724,59"
gan_low,gan_ratio_low,,0c49a5cce349020bbba2f97ae41e90ba.png,A,2024-05-11 14:20:23.332578,,0,Mon 2024 05 11 14:20:23 332578 GMT+0000 (UTC),"897,513"
mse_low,gan_ratio_high,,5e5ce43575fa67fdc0dd37146d7f479e.png,B,2024-05-11 14:20:23.332578,,0,Mon 2024 05 11 14:20:23 332578 GMT+0000 (UTC),"647,17"
gan_high,gan_ratio_high,,4a18abf66d65ad1a95ce455c8b6cd8de.png,A,2024-05-11 14:20:23.332578,,0,Mon 2024 05 11 14:20:23 332578 GMT+0000 (UTC),"354,1203"
mse_low,gan_ratio_low,,c80999cd5533e448167cd9b3ccfa2a37.png,B,2024-05-11 14:20:23.332578,,0,Mon 2024 05 11 14:20:23 332578 GMT+0000 (UTC),"707,73"
gan_high,gan_ratio_high,,100a02c269c5948392f283b2aa3bb4da.png,A,2024-05-11 14:20:23.332578,,0,Mon 2024 05 11 14:20:23 332578 GMT+0000 (UTC),"810,222"
gan_ratio_low,gan_ratio_high,,d1a9be98d1936065967adac50a6fb750.png,B,2024-05-11 14:20:23.332578,,0,Mon 2024 05 11 14:20:23 332578 GMT+0000 (UTC),"557,177"
gan_ratio_fixed_low,gan_med,,1e2f9d41529197f10d32bfa68a1e0bcc.png,B,2024-05-11 14:20:23.332578,,0,Mon 2024 05 11 14:20:23 332578 GMT+0000 (UTC),"796,307"
gan_low,gan_ratio_high,,1e2f9d41529197f10d32bfa68a1e0bcc.png,B,2024-05-11 14:20:23.332578,,0,Mon 2024 05 11 14:20:23 332578 GMT+0000 (UTC),"477,280"
gan_low,gan_ratio_high,,ef576c4ed599d75d72145a8f34b58ccb.png,B,2024-05-11 14:20:23.332578,,0,Mon 2024 05 11 14:20:23 332578 GMT+0000 (UTC),"862,309"
mse_low,gan_ratio_med,,a10ae819a2d24873079c93346200cab3.png,B,2024-05-11 14:20:23.332578,,0,Mon 2024 05 11 14:20:23 332578 GMT+0000 (UTC),"513,857"
gan_med,gan_ratio_high,,100a02c269c5948392f283b2aa3bb4da.png,B,2024-05-11 14:20:23.332578,,0,Mon 2024 05 11 14:20:23 332578 GMT+0000 (UTC),"265,472"
gan_low,gan_med,,ef576c4ed599d75d72145a8f34b58ccb.png,B,2024-05-11 14:20:23.332578,,0,Mon 2024 05 11 14:20:23 332578 GMT+0000 (UTC),"1151,212"
gan_ratio_low,gan_ratio_high,,5dbdb989cf026f7ab3dd7167d7fc0fe2.png,B,2024-05-11 14:20:23.332578,,0,Mon 2024 05 11 14:20:23 332578 GMT+0000 (UTC),"433,600"
gan_ratio_fixed_low,gan_high,,0c49a5cce349020bbba2f97ae41e90ba.png,B,2024-05-11 14:20:23.332578,,0,Mon 2024 05 11 14:20:23 332578 GMT+0000 (UTC),"583,74"
gan_ratio_fixed_low,gan_high,,5e5ce43575fa67fdc0dd37146d7f479e.png,B,2024-05-11 14:20:23.332578,,0,Mon 2024 05 11 14:20:23 332578 GMT+0000 (UTC),"811,559"
gan_ratio_fixed_low,gan_high,,9466a908d088d32ee73f04116c40e48c.png,B,2024-05-11 14:20:23.332578,,0,Mon 2024 05 11 14:20:23 332578 GMT+0000 (UTC),"276,446"
gan_ratio_low,gan_high,,d79d465ac77c36518e0f0d626bf97ec4.png,A,2024-05-11 14:20:23.332578,,0,Mon 2024 05 11 14:20:23 332578 GMT+0000 (UTC),"228,815"
gan_ratio_fixed_low,gan_med,,4a18abf66d65ad1a95ce455c8b6cd8de.png,B,2024-05-11 14:20:23.332578,,0,Mon 2024 05 11 14:20:23 332578 GMT+0000 (UTC),"78,1151"
gan_ratio_fixed_low,gan_ratio_low,,2a2420f929cd47122eae364a2bc27710.png,B,2024-05-13 22:37:03.928040,,0,Mon 2024 05 13 22:37:03 928040 GMT+0000 (UTC),"77,186"
mse_low,gan_low,,9466a908d088d32ee73f04116c40e48c.png,B,2024-05-13 22:37:03.928040,,0,Mon 2024 05 13 22:37:03 928040 GMT+0000 (UTC),"596,1153"
mse_low,gan_ratio_high,,14ab4af28901fbeb1356b06d2d08ae06.png,B,2024-05-13 22:37:03.928040,,0,Mon 2024 05 13 22:37:03 928040 GMT+0000 (UTC),"557,213"
gan_ratio_low,gan_med,,b51d5fb537246482ef7a7ab63f093cab.png,B,2024-05-13 22:37:03.928040,,0,Mon 2024 05 13 22:37:03 928040 GMT+0000 (UTC),"1262,113"
mse_low,gan_high,,c80999cd5533e448167cd9b3ccfa2a37.png,B,2024-05-13 22:37:03.928040,,0,Mon 2024 05 13 22:37:03 928040 GMT+0000 (UTC),"100,97"
mse_low,gan_ratio_fixed_low,,c80999cd5533e448167cd9b3ccfa2a37.png,B,2024-05-13 22:37:03.928040,,0,Mon 2024 05 13 22:37:03 928040 GMT+0000 (UTC),"703,14"
gan_ratio_fixed_low,gan_ratio_low,,870516c65d81fb9267de6865964083a9.png,B,2024-05-13 22:37:03.928040,,0,Mon 2024 05 13 22:37:03 928040 GMT+0000 (UTC),"1160,252"
mse_low,gan_ratio_fixed_low,,ddcd24d99f48eaa369207882a6f37831.png,B,2024-05-13 22:37:03.928040,,0,Mon 2024 05 13 22:37:03 928040 GMT+0000 (UTC),"212,417"
mse_low,gan_high,,9466a908d088d32ee73f04116c40e48c.png,B,2024-05-13 22:37:03.928040,,0,Mon 2024 05 13 22:37:03 928040 GMT+0000 (UTC),"269,427"
gan_low,gan_med,,ef576c4ed599d75d72145a8f34b58ccb.png,B,2024-05-13 22:37:03.928040,,0,Mon 2024 05 13 22:37:03 928040 GMT+0000 (UTC),"630,216"
gan_ratio_low,gan_med,,100f17892cf7bb12beb12479641fcc4c.png,B,2024-05-13 22:37:03.928040,,0,Mon 2024 05 13 22:37:03 928040 GMT+0000 (UTC),"129,1081"
gan_ratio_fixed_low,gan_low,,4cd6910a0b7b39365fda5df87618d091.png,B,2024-05-13 22:37:03.928040,,0,Mon 2024 05 13 22:37:03 928040 GMT+0000 (UTC),"711,169"
gan_high,gan_ratio_high,,d79d465ac77c36518e0f0d626bf97ec4.png,A,2024-05-13 22:37:03.928040,,0,Mon 2024 05 13 22:37:03 928040 GMT+0000 (UTC),"236,938"
gan_ratio_fixed_low,gan_low,,ef576c4ed599d75d72145a8f34b58ccb.png,A,2024-05-13 22:37:03.928040,,0,Mon 2024 05 13 22:37:03 928040 GMT+0000 (UTC),"373,316"
gan_low,gan_med,,ddcd24d99f48eaa369207882a6f37831.png,B,2024-05-13 22:37:03.928040,,0,Mon 2024 05 13 22:37:03 928040 GMT+0000 (UTC),"1173,408"
gan_ratio_low,gan_ratio_high,,28d24b9c83de066597ff96a68769884f.png,B,2024-05-13 22:37:03.928040,,0,Mon 2024 05 13 22:37:03 928040 GMT+0000 (UTC),"402,51"
gan_ratio_med,gan_ratio_high,,ef576c4ed599d75d72145a8f34b58ccb.png,B,2024-05-13 22:37:03.928040,,0,Mon 2024 05 13 22:37:03 928040 GMT+0000 (UTC),"152,68"
gan_ratio_low,gan_ratio_med,,aed95e005df28e790519eefb6eb1e565.png,B,2024-05-13 22:37:03.928040,,0,Mon 2024 05 13 22:37:03 928040 GMT+0000 (UTC),"617,441"
mse_low,gan_med,,a36713f1943dac6bc74dea50cadaee6f.png,B,2024-05-13 22:37:03.928040,,0,Mon 2024 05 13 22:37:03 928040 GMT+0000 (UTC),"468,1056"
gan_med,gan_high,,4cd6910a0b7b39365fda5df87618d091.png,B,2024-05-13 22:37:03.928040,,0,Mon 2024 05 13 22:37:03 928040 GMT+0000 (UTC),"597,212"
mse_low,gan_high,,4a18abf66d65ad1a95ce455c8b6cd8de.png,B,2024-05-13 22:37:03.928040,,0,Mon 2024 05 13 22:37:03 928040 GMT+0000 (UTC),"100,876"
gan_med,gan_ratio_med,,22ea12c903e41583b7c469cb86040157.png,B,2024-05-13 22:37:03.928040,,0,Mon 2024 05 13 22:37:03 928040 GMT+0000 (UTC),"799,1050"
gan_ratio_low,gan_ratio_high,,2c1f84548ef99faec2b4f9bf12227c83.png,B,2024-05-13 22:37:03.928040,,0,Mon 2024 05 13 22:37:03 928040 GMT+0000 (UTC),"50,131"
mse_low,gan_ratio_fixed_low,,5e5ce43575fa67fdc0dd37146d7f479e.png,B,2024-05-13 22:37:03.928040,,0,Mon 2024 05 13 22:37:03 928040 GMT+0000 (UTC),"1053,809"
gan_med,gan_ratio_med,,3140d643a1f57e80ff265507984d95a0.png,B,2024-05-13 22:37:03.928040,,0,Mon 2024 05 13 22:37:03 928040 GMT+0000 (UTC),"104,20"
mse_low,gan_ratio_low,,afe3676bbfcf7183d697ff7b5d5bd45b.png,A,2024-05-13 22:37:03.928040,,0,Mon 2024 05 13 22:37:03 928040 GMT+0000 (UTC),"996,518"
gan_med,gan_ratio_high,,870516c65d81fb9267de6865964083a9.png,B,2024-05-13 22:37:03.928040,,0,Mon 2024 05 13 22:37:03 928040 GMT+0000 (UTC),"620,66"
gan_ratio_med,gan_high,,a10ae819a2d24873079c93346200cab3.png,B,2024-05-13 22:37:03.928040,,0,Mon 2024 05 13 22:37:03 928040 GMT+0000 (UTC),"579,205"
mse_low,gan_low,,4a18abf66d65ad1a95ce455c8b6cd8de.png,A,2024-05-13 22:37:03.928040,,0,Mon 2024 05 13 22:37:03 928040 GMT+0000 (UTC),"478,552"
gan_ratio_fixed_low,gan_low,,afe3676bbfcf7183d697ff7b5d5bd45b.png,A,2024-05-13 22:37:03.928040,,0,Mon 2024 05 13 22:37:03 928040 GMT+0000 (UTC),"1124,312"
gan_ratio_fixed_low,gan_ratio_high,,2a2420f929cd47122eae364a2bc27710.png,B,2024-05-13 22:37:03.928040,,0,Mon 2024 05 13 22:37:03 928040 GMT+0000 (UTC),"1192,323"
gan_low,gan_med,,9466a908d088d32ee73f04116c40e48c.png,B,2024-05-13 22:37:03.928040,,0,Mon 2024 05 13 22:37:03 928040 GMT+0000 (UTC),"499,368"
mse_low,gan_ratio_low,,ef576c4ed599d75d72145a8f34b58ccb.png,B,2024-05-13 22:37:03.928040,,0,Mon 2024 05 13 22:37:03 928040 GMT+0000 (UTC),"399,74"
gan_ratio_fixed_low,gan_ratio_high,,7e499613c3e376ea93afb3649719abeb.png,B,2024-05-13 22:37:03.928040,,0,Mon 2024 05 13 22:37:03 928040 GMT+0000 (UTC),"608,1107"
gan_ratio_fixed_low,gan_ratio_low,,2c1f84548ef99faec2b4f9bf12227c83.png,B,2024-05-13 22:37:03.928040,,0,Mon 2024 05 13 22:37:03 928040 GMT+0000 (UTC),"460,667"
gan_med,gan_ratio_med,,4cd6910a0b7b39365fda5df87618d091.png,B,2024-05-13 22:37:03.928040,,0,Mon 2024 05 13 22:37:03 928040 GMT+0000 (UTC),"129,176"
gan_ratio_low,gan_ratio_med,,afe3676bbfcf7183d697ff7b5d5bd45b.png,B,2024-05-13 22:37:03.928040,,0,Mon 2024 05 13 22:37:03 928040 GMT+0000 (UTC),"311,385"
gan_ratio_med,gan_ratio_high,,1e2f9d41529197f10d32bfa68a1e0bcc.png,B,2024-05-13 22:37:03.928040,,0,Mon 2024 05 13 22:37:03 928040 GMT+0000 (UTC),"338,266"
gan_ratio_fixed_low,gan_med,,0c49a5cce349020bbba2f97ae41e90ba.png,B,2024-05-13 22:37:03.928040,,0,Mon 2024 05 13 22:37:03 928040 GMT+0000 (UTC),"974,305"
mse_low,gan_ratio_low,,8bb119b8ca17492392e1e3ea4b811b32.png,B,2024-05-13 22:37:03.928040,,0,Mon 2024 05 13 22:37:03 928040 GMT+0000 (UTC),"497,232"
gan_high,gan_ratio_high,,b939ac34faa94b5d0e753d570edc7048.png,A,2024-05-13 22:37:03.928040,,0,Mon 2024 05 13 22:37:03 928040 GMT+0000 (UTC),"263,202"
gan_low,gan_ratio_low,,100f17892cf7bb12beb12479641fcc4c.png,A,2024-05-13 22:37:03.928040,,0,Mon 2024 05 13 22:37:03 928040 GMT+0000 (UTC),"35,443"
gan_ratio_low,gan_ratio_med,,870516c65d81fb9267de6865964083a9.png,B,2024-05-13 22:37:03.928040,,0,Mon 2024 05 13 22:37:03 928040 GMT+0000 (UTC),"1011,77"
gan_med,gan_ratio_high,,1e2f9d41529197f10d32bfa68a1e0bcc.png,B,2024-05-13 22:37:03.928040,,0,Mon 2024 05 13 22:37:03 928040 GMT+0000 (UTC),"974,16"
gan_med,gan_ratio_med,,aed95e005df28e790519eefb6eb1e565.png,B,2024-05-13 22:37:03.928040,,0,Mon 2024 05 13 22:37:03 928040 GMT+0000 (UTC),"644,52"
mse_low,gan_ratio_fixed_low,,100a02c269c5948392f283b2aa3bb4da.png,B,2024-05-13 22:37:03.928040,,0,Mon 2024 05 13 22:37:03 928040 GMT+0000 (UTC),"942,488"
mse_low,gan_ratio_high,,097cb426910ba8ce2525dd8bb7fb1777.png,B,2024-05-13 22:37:03.928040,,0,Mon 2024 05 13 22:37:03 928040 GMT+0000 (UTC),"608,1257"
mse_low,gan_low,,0c49a5cce349020bbba2f97ae41e90ba.png,A,2024-05-13 22:37:03.928040,,0,Mon 2024 05 13 22:37:03 928040 GMT+0000 (UTC),"649,219"
gan_ratio_fixed_low,gan_high,,60430844748882ff66b9a5598ef06dd6.png,B,2024-05-13 22:37:03.928040,,0,Mon 2024 05 13 22:37:03 928040 GMT+0000 (UTC),"46,274"
gan_high,gan_ratio_high,,a10ae819a2d24873079c93346200cab3.png,B,2024-05-13 22:37:03.928040,,0,Mon 2024 05 13 22:37:03 928040 GMT+0000 (UTC),"196,463"
